fichier_source,basename,code_brut,code_utilise,sample_nb,espece_trouvee,classe_assignee,statut,destination
/home/rrekikdi/Bureau/postdoc/pseudo_image/images_npy_ms1/2022_04_15_Validation_LOT3_COLI_CITFRE_ENTHOR_KLEOXY_SER/LOT3/CITFRE-77-AER-1.npy,CITFRE-77-AER-1,CITFRE,CITFRE,77,Citrobacter freundii,Citrobacter freundii,CLASSE,/home/rrekikdi/Bureau/postdoc/pseudo_image/ms1_processed_11classes/Citrobacter freundii/CITFRE-77-AER-1.npy
/home/rrekikdi/Bureau/postdoc/pseudo_image/images_npy_ms1/2022_04_15_Validation_LOT3_COLI_CITFRE_ENTHOR_KLEOXY_SER/LOT3/CITFRE-77-AER-2.npy,CITFRE-77-AER-2,CITFRE,CITFRE,77,Citrobacter freundii,Citrobacter freundii,CLASSE,/home/rrekikdi/Bureau/postdoc/pseudo_image/ms1_processed_11classes/Citrobacter freundii/CITFRE-77-AER-2.npy
/home/rrekikdi/Bureau/postdoc/pseudo_image/images_npy_ms1/2022_04_15_Validation_LOT3_COLI_CITFRE_ENTHOR_KLEOXY_SER/LOT3/CITFRE-77-ANA-1.npy,CITFRE-77-ANA-1,CITFRE,CITFRE,77,Citrobacter freundii,Citrobacter freundii,CLASSE,/home/rrekikdi/Bureau/postdoc/pseudo_image/ms1_processed_11classes/Citrobacter freundii/CITFRE-77-ANA-1.npy
/home/rrekikdi/Bureau/postdoc/pseudo_image/images_npy_ms1/2022_04_15_Validation_LOT3_COLI_CITFRE_ENTHOR_KLEOXY_SER/LOT3/CITFRE-77-ANA-2.npy,CITFRE-77-ANA-2,CITFRE,CITFRE,77,Citrobacter freundii,Citrobacter freundii,CLASSE,/home/rrekikdi/Bureau/postdoc/pseudo_image/ms1_processed_11classes/Citrobacter freundii/CITFRE-77-ANA-2.npy
/home/rrekikdi/Bureau/postdoc/pseudo_image/images_npy_ms1/2022_04_15_Validation_LOT3_COLI_CITFRE_ENTHOR_KLEOXY_SER/LOT3/ENTHOR-38-AER-1.npy,ENTHOR-38-AER-1,ENTHOR,ENTHOR,38,Enterobacter hormaechei steigerwaltii,Enterobacter hormaechei,CLASSE,/home/rrekikdi/Bureau/postdoc/pseudo_image/ms1_processed_11classes/Enterobacter hormaechei/ENTHOR-38-AER-1.npy
/home/rrekikdi/Bureau/postdoc/pseudo_image/images_npy_ms1/2022_04_15_Validation_LOT3_COLI_CITFRE_ENTHOR_KLEOXY_SER/LOT3/ENTHOR-38-AER-2.npy,ENTHOR-38-AER-2,ENTHOR,ENTHOR,38,Enterobacter hormaechei steigerwaltii,Enterobacter hormaechei,CLASSE,/home/rrekikdi/Bureau/postdoc/pseudo_image/ms1_processed_11classes/Enterobacter hormaechei/ENTHOR-38-AER-2.npy
/home/rrekikdi/Bureau/postdoc/pseudo_image/images_npy_ms1/2022_04_15_Validation_LOT3_COLI_CITFRE_ENTHOR_KLEOXY_SER/LOT3/ENTHOR-38-ANA-1.npy,ENTHOR-38-ANA-1,ENTHOR,ENTHOR,38,Enterobacter hormaechei steigerwaltii,Enterobacter hormaechei,CLASSE,/home/rrekikdi/Bureau/postdoc/pseudo_image/ms1_processed_11classes/Enterobacter hormaechei/ENTHOR-38-ANA-1.npy
/home/rrekikdi/Bureau/postdoc/pseudo_image/images_npy_ms1/2022_04_15_Validation_LOT3_COLI_CITFRE_ENTHOR_KLEOXY_SER/LOT3/ENTHOR-38-ANA-2.npy,ENTHOR-38-ANA-2,ENTHOR,ENTHOR,38,Enterobacter hormaechei steigerwaltii,Enterobacter hormaechei,CLASSE,/home/rrekikdi/Bureau/postdoc/pseudo_image/ms1_processed_11classes/Enterobacter hormaechei/ENTHOR-38-ANA-2.npy
/home/rrekikdi/Bureau/postdoc/pseudo_image/images_npy_ms1/2022_04_15_Validation_LOT3_COLI_CITFRE_ENTHOR_KLEOXY_SER/LOT3/ESCCOL-237-AER-1.npy,ESCCOL-237-AER-1,ESCCOL,ESCCOL,237,,Escherichia coli,"CLASSE (sample_nb absent du excel, classe par code seul)",/home/rrekikdi/Bureau/postdoc/pseudo_image/ms1_processed_11classes/Escherichia coli/ESCCOL-237-AER-1.npy
/home/rrekikdi/Bureau/postdoc/pseudo_image/images_npy_ms1/2022_04_15_Validation_LOT3_COLI_CITFRE_ENTHOR_KLEOXY_SER/LOT3/ESCCOL-237-AER-2.npy,ESCCOL-237-AER-2,ESCCOL,ESCCOL,237,,Escherichia coli,"CLASSE (sample_nb absent du excel, classe par code seul)",/home/rrekikdi/Bureau/postdoc/pseudo_image/ms1_processed_11classes/Escherichia coli/ESCCOL-237-AER-2.npy
/home/rrekikdi/Bureau/postdoc/pseudo_image/images_npy_ms1/2022_04_15_Validation_LOT3_COLI_CITFRE_ENTHOR_KLEOXY_SER/LOT3/ESCCOL-237-ANA-1.npy,ESCCOL-237-ANA-1,ESCCOL,ESCCOL,237,,Escherichia coli,"CLASSE (sample_nb absent du excel, classe par code seul)",/home/rrekikdi/Bureau/postdoc/pseudo_image/ms1_processed_11classes/Escherichia coli/ESCCOL-237-ANA-1.npy
/home/rrekikdi/Bureau/postdoc/pseudo_image/images_npy_ms1/2022_04_15_Validation_LOT3_COLI_CITFRE_ENTHOR_KLEOXY_SER/LOT3/ESCCOL-237-ANA-2.npy,ESCCOL-237-ANA-2,ESCCOL,ESCCOL,237,,Escherichia coli,"CLASSE (sample_nb absent du excel, classe par code seul)",/home/rrekikdi/Bureau/postdoc/pseudo_image/ms1_processed_11classes/Escherichia coli/ESCCOL-237-ANA-2.npy
/home/rrekikdi/Bureau/postdoc/pseudo_image/images_npy_ms1/2022_04_15_Validation_LOT3_COLI_CITFRE_ENTHOR_KLEOXY_SER/LOT3/ESCCOL-68-AER-1.npy,ESCCOL-68-AER-1,ESCCOL,ESCCOL,68,Escherichia coli,Escherichia coli,CLASSE,/home/rrekikdi/Bureau/postdoc/pseudo_image/ms1_processed_11classes/Escherichia coli/ESCCOL-68-AER-1.npy
/home/rrekikdi/Bureau/postdoc/pseudo_image/images_npy_ms1/2022_04_15_Validation_LOT3_COLI_CITFRE_ENTHOR_KLEOXY_SER/LOT3/ESCCOL-68-AER-2.npy,ESCCOL-68-AER-2,ESCCOL,ESCCOL,68,Escherichia coli,Escherichia coli,CLASSE,/home/rrekikdi/Bureau/postdoc/pseudo_image/ms1_processed_11classes/Escherichia coli/ESCCOL-68-AER-2.npy
/home/rrekikdi/Bureau/postdoc/pseudo_image/images_npy_ms1/2022_04_15_Validation_LOT3_COLI_CITFRE_ENTHOR_KLEOXY_SER/LOT3/ESCCOL-68-ANA-1.npy,ESCCOL-68-ANA-1,ESCCOL,ESCCOL,68,Escherichia coli,Escherichia coli,CLASSE,/home/rrekikdi/Bureau/postdoc/pseudo_image/ms1_processed_11classes/Escherichia coli/ESCCOL-68-ANA-1.npy
/home/rrekikdi/Bureau/postdoc/pseudo_image/images_npy_ms1/2022_04_15_Validation_LOT3_COLI_CITFRE_ENTHOR_KLEOXY_SER/LOT3/ESCCOL-68-ANA-2.npy,ESCCOL-68-ANA-2,ESCCOL,ESCCOL,68,Escherichia coli,Escherichia coli,CLASSE,/home/rrekikdi/Bureau/postdoc/pseudo_image/ms1_processed_11classes/Escherichia coli/ESCCOL-68-ANA-2.npy
/home/rrekikdi/Bureau/postdoc/pseudo_image/images_npy_ms1/2022_04_15_Validation_LOT3_COLI_CITFRE_ENTHOR_KLEOXY_SER/LOT3/ESCCOL-77-AER-1.npy,ESCCOL-77-AER-1,ESCCOL,ESCCOL,77,Escherichia coli,Escherichia coli,CLASSE,/home/rrekikdi/Bureau/postdoc/pseudo_image/ms1_processed_11classes/Escherichia coli/ESCCOL-77-AER-1.npy
/home/rrekikdi/Bureau/postdoc/pseudo_image/images_npy_ms1/2022_04_15_Validation_LOT3_COLI_CITFRE_ENTHOR_KLEOXY_SER/LOT3/ESCCOL-77-AER-2.npy,ESCCOL-77-AER-2,ESCCOL,ESCCOL,77,Escherichia coli,Escherichia coli,CLASSE,/home/rrekikdi/Bureau/postdoc/pseudo_image/ms1_processed_11classes/Escherichia coli/ESCCOL-77-AER-2.npy
/home/rrekikdi/Bureau/postdoc/pseudo_image/images_npy_ms1/2022_04_15_Validation_LOT3_COLI_CITFRE_ENTHOR_KLEOXY_SER/LOT3/ESCCOL-77-ANA-1.npy,ESCCOL-77-ANA-1,ESCCOL,ESCCOL,77,Escherichia coli,Escherichia coli,CLASSE,/home/rrekikdi/Bureau/postdoc/pseudo_image/ms1_processed_11classes/Escherichia coli/ESCCOL-77-ANA-1.npy
/home/rrekikdi/Bureau/postdoc/pseudo_image/images_npy_ms1/2022_04_15_Validation_LOT3_COLI_CITFRE_ENTHOR_KLEOXY_SER/LOT3/ESCCOL-77-ANA-2.npy,ESCCOL-77-ANA-2,ESCCOL,ESCCOL,77,Escherichia coli,Escherichia coli,CLASSE,/home/rrekikdi/Bureau/postdoc/pseudo_image/ms1_processed_11classes/Escherichia coli/ESCCOL-77-ANA-2.npy
/home/rrekikdi/Bureau/postdoc/pseudo_image/images_npy_ms1/2022_04_15_Validation_LOT3_COLI_CITFRE_ENTHOR_KLEOXY_SER/LOT3/KLEOXY-23-AER-1.npy,KLEOXY-23-AER-1,KLEOXY,KLEOXY,23,Klebsiella oxytoca,Klebsiella oxytoca,CLASSE,/home/rrekikdi/Bureau/postdoc/pseudo_image/ms1_processed_11classes/Klebsiella oxytoca/KLEOXY-23-AER-1.npy
/home/rrekikdi/Bureau/postdoc/pseudo_image/images_npy_ms1/2022_04_15_Validation_LOT3_COLI_CITFRE_ENTHOR_KLEOXY_SER/LOT3/KLEOXY-23-AER-2.npy,KLEOXY-23-AER-2,KLEOXY,KLEOXY,23,Klebsiella oxytoca,Klebsiella oxytoca,CLASSE,/home/rrekikdi/Bureau/postdoc/pseudo_image/ms1_processed_11classes/Klebsiella oxytoca/KLEOXY-23-AER-2.npy
/home/rrekikdi/Bureau/postdoc/pseudo_image/images_npy_ms1/2022_04_15_Validation_LOT3_COLI_CITFRE_ENTHOR_KLEOXY_SER/LOT3/KLEOXY-23-ANA-1.npy,KLEOXY-23-ANA-1,KLEOXY,KLEOXY,23,Klebsiella oxytoca,Klebsiella oxytoca,CLASSE,/home/rrekikdi/Bureau/postdoc/pseudo_image/ms1_processed_11classes/Klebsiella oxytoca/KLEOXY-23-ANA-1.npy
/home/rrekikdi/Bureau/postdoc/pseudo_image/images_npy_ms1/2022_04_15_Validation_LOT3_COLI_CITFRE_ENTHOR_KLEOXY_SER/LOT3/KLEOXY-23-ANA-2.npy,KLEOXY-23-ANA-2,KLEOXY,KLEOXY,23,Klebsiella oxytoca,Klebsiella oxytoca,CLASSE,/home/rrekikdi/Bureau/postdoc/pseudo_image/ms1_processed_11classes/Klebsiella oxytoca/KLEOXY-23-ANA-2.npy
/home/rrekikdi/Bureau/postdoc/pseudo_image/images_npy_ms1/2022_09_23_Validation_CITAMA_CITFAR_CITFRE_CITKOS_CITPOR_COLI_ENTASB_ENTBUG_ENTCLO_ENTHOR_ENTKOB_ENTLUD_ENTROG_100SPD-100vW_zSWATH/CIT-FRE-18-AER-d200.npy,CIT-FRE-18-AER-d200,CIT-FRE,CITFRE,18,Citrobacter freundii,Citrobacter freundii,CLASSE (typo corrigee: CIT-FRE->CITFRE),/home/rrekikdi/Bureau/postdoc/pseudo_image/ms1_processed_11classes/Citrobacter freundii/CIT-FRE-18-AER-d200.npy
/home/rrekikdi/Bureau/postdoc/pseudo_image/images_npy_ms1/2022_09_23_Validation_CITAMA_CITFAR_CITFRE_CITKOS_CITPOR_COLI_ENTASB_ENTBUG_ENTCLO_ENTHOR_ENTKOB_ENTLUD_ENTROG_100SPD-100vW_zSWATH/CIT-FRE-18-ANA-d200.npy,CIT-FRE-18-ANA-d200,CIT-FRE,CITFRE,18,Citrobacter freundii,Citrobacter freundii,CLASSE (typo corrigee: CIT-FRE->CITFRE),/home/rrekikdi/Bureau/postdoc/pseudo_image/ms1_processed_11classes/Citrobacter freundii/CIT-FRE-18-ANA-d200.npy
/home/rrekikdi/Bureau/postdoc/pseudo_image/images_npy_ms1/2022_09_23_Validation_CITAMA_CITFAR_CITFRE_CITKOS_CITPOR_COLI_ENTASB_ENTBUG_ENTCLO_ENTHOR_ENTKOB_ENTLUD_ENTROG_100SPD-100vW_zSWATH/CIT-FRE-20-AER-d200.npy,CIT-FRE-20-AER-d200,CIT-FRE,CITFRE,20,Citrobacter freundii,Citrobacter freundii,CLASSE (typo corrigee: CIT-FRE->CITFRE),/home/rrekikdi/Bureau/postdoc/pseudo_image/ms1_processed_11classes/Citrobacter freundii/CIT-FRE-20-AER-d200.npy
/home/rrekikdi/Bureau/postdoc/pseudo_image/images_npy_ms1/2022_09_23_Validation_CITAMA_CITFAR_CITFRE_CITKOS_CITPOR_COLI_ENTASB_ENTBUG_ENTCLO_ENTHOR_ENTKOB_ENTLUD_ENTROG_100SPD-100vW_zSWATH/CIT-FRE-20-ANA-d200.npy,CIT-FRE-20-ANA-d200,CIT-FRE,CITFRE,20,Citrobacter freundii,Citrobacter freundii,CLASSE (typo corrigee: CIT-FRE->CITFRE),/home/rrekikdi/Bureau/postdoc/pseudo_image/ms1_processed_11classes/Citrobacter freundii/CIT-FRE-20-ANA-d200.npy
/home/rrekikdi/Bureau/postdoc/pseudo_image/images_npy_ms1/2022_09_23_Validation_CITAMA_CITFAR_CITFRE_CITKOS_CITPOR_COLI_ENTASB_ENTBUG_ENTCLO_ENTHOR_ENTKOB_ENTLUD_ENTROG_100SPD-100vW_zSWATH/CIT-FRE-23-AER-d200.npy,CIT-FRE-23-AER-d200,CIT-FRE,CITFRE,23,Citrobacter freundii,Citrobacter freundii,CLASSE (typo corrigee: CIT-FRE->CITFRE),/home/rrekikdi/Bureau/postdoc/pseudo_image/ms1_processed_11classes/Citrobacter freundii/CIT-FRE-23-AER-d200.npy
/home/rrekikdi/Bureau/postdoc/pseudo_image/images_npy_ms1/2022_09_23_Validation_CITAMA_CITFAR_CITFRE_CITKOS_CITPOR_COLI_ENTASB_ENTBUG_ENTCLO_ENTHOR_ENTKOB_ENTLUD_ENTROG_100SPD-100vW_zSWATH/CIT-FRE-23-ANA-d200.npy,CIT-FRE-23-ANA-d200,CIT-FRE,CITFRE,23,Citrobacter freundii,Citrobacter freundii,CLASSE (typo corrigee: CIT-FRE->CITFRE),/home/rrekikdi/Bureau/postdoc/pseudo_image/ms1_processed_11classes/Citrobacter freundii/CIT-FRE-23-ANA-d200.npy
/home/rrekikdi/Bureau/postdoc/pseudo_image/images_npy_ms1/2022_09_23_Validation_CITAMA_CITFAR_CITFRE_CITKOS_CITPOR_COLI_ENTASB_ENTBUG_ENTCLO_ENTHOR_ENTKOB_ENTLUD_ENTROG_100SPD-100vW_zSWATH/CIT-FRE-30-AER-d200.npy,CIT-FRE-30-AER-d200,CIT-FRE,CITFRE,30,Citrobacter freundii,Citrobacter freundii,CLASSE (typo corrigee: CIT-FRE->CITFRE),/home/rrekikdi/Bureau/postdoc/pseudo_image/ms1_processed_11classes/Citrobacter freundii/CIT-FRE-30-AER-d200.npy
/home/rrekikdi/Bureau/postdoc/pseudo_image/images_npy_ms1/2022_09_23_Validation_CITAMA_CITFAR_CITFRE_CITKOS_CITPOR_COLI_ENTASB_ENTBUG_ENTCLO_ENTHOR_ENTKOB_ENTLUD_ENTROG_100SPD-100vW_zSWATH/CIT-FRE-30-ANA-d200.npy,CIT-FRE-30-ANA-d200,CIT-FRE,CITFRE,30,Citrobacter freundii,Citrobacter freundii,CLASSE (typo corrigee: CIT-FRE->CITFRE),/home/rrekikdi/Bureau/postdoc/pseudo_image/ms1_processed_11classes/Citrobacter freundii/CIT-FRE-30-ANA-d200.npy
/home/rrekikdi/Bureau/postdoc/pseudo_image/images_npy_ms1/2022_09_23_Validation_CITAMA_CITFAR_CITFRE_CITKOS_CITPOR_COLI_ENTASB_ENTBUG_ENTCLO_ENTHOR_ENTKOB_ENTLUD_ENTROG_100SPD-100vW_zSWATH/CIT-FRE-35-AER-d200.npy,CIT-FRE-35-AER-d200,CIT-FRE,CITFRE,35,Citrobacter freundii,Citrobacter freundii,CLASSE (typo corrigee: CIT-FRE->CITFRE),/home/rrekikdi/Bureau/postdoc/pseudo_image/ms1_processed_11classes/Citrobacter freundii/CIT-FRE-35-AER-d200.npy
/home/rrekikdi/Bureau/postdoc/pseudo_image/images_npy_ms1/2022_09_23_Validation_CITAMA_CITFAR_CITFRE_CITKOS_CITPOR_COLI_ENTASB_ENTBUG_ENTCLO_ENTHOR_ENTKOB_ENTLUD_ENTROG_100SPD-100vW_zSWATH/CIT-FRE-35-ANA-d200.npy,CIT-FRE-35-ANA-d200,CIT-FRE,CITFRE,35,Citrobacter freundii,Citrobacter freundii,CLASSE (typo corrigee: CIT-FRE->CITFRE),/home/rrekikdi/Bureau/postdoc/pseudo_image/ms1_processed_11classes/Citrobacter freundii/CIT-FRE-35-ANA-d200.npy
/home/rrekikdi/Bureau/postdoc/pseudo_image/images_npy_ms1/2022_09_23_Validation_CITAMA_CITFAR_CITFRE_CITKOS_CITPOR_COLI_ENTASB_ENTBUG_ENTCLO_ENTHOR_ENTKOB_ENTLUD_ENTROG_100SPD-100vW_zSWATH/CIT-FRE-38-AER-d200.npy,CIT-FRE-38-AER-d200,CIT-FRE,CITFRE,38,Citrobacter freundii,Citrobacter freundii,CLASSE (typo corrigee: CIT-FRE->CITFRE),/home/rrekikdi/Bureau/postdoc/pseudo_image/ms1_processed_11classes/Citrobacter freundii/CIT-FRE-38-AER-d200.npy
/home/rrekikdi/Bureau/postdoc/pseudo_image/images_npy_ms1/2022_09_23_Validation_CITAMA_CITFAR_CITFRE_CITKOS_CITPOR_COLI_ENTASB_ENTBUG_ENTCLO_ENTHOR_ENTKOB_ENTLUD_ENTROG_100SPD-100vW_zSWATH/CIT-FRE-38-ANA-d200.npy,CIT-FRE-38-ANA-d200,CIT-FRE,CITFRE,38,Citrobacter freundii,Citrobacter freundii,CLASSE (typo corrigee: CIT-FRE->CITFRE),/home/rrekikdi/Bureau/postdoc/pseudo_image/ms1_processed_11classes/Citrobacter freundii/CIT-FRE-38-ANA-d200.npy
/home/rrekikdi/Bureau/postdoc/pseudo_image/images_npy_ms1/2022_09_23_Validation_CITAMA_CITFAR_CITFRE_CITKOS_CITPOR_COLI_ENTASB_ENTBUG_ENTCLO_ENTHOR_ENTKOB_ENTLUD_ENTROG_100SPD-100vW_zSWATH/CIT-FRE-39-AER-d200.npy,CIT-FRE-39-AER-d200,CIT-FRE,CITFRE,39,Citrobacter freundii,Citrobacter freundii,CLASSE (typo corrigee: CIT-FRE->CITFRE),/home/rrekikdi/Bureau/postdoc/pseudo_image/ms1_processed_11classes/Citrobacter freundii/CIT-FRE-39-AER-d200.npy
/home/rrekikdi/Bureau/postdoc/pseudo_image/images_npy_ms1/2022_09_23_Validation_CITAMA_CITFAR_CITFRE_CITKOS_CITPOR_COLI_ENTASB_ENTBUG_ENTCLO_ENTHOR_ENTKOB_ENTLUD_ENTROG_100SPD-100vW_zSWATH/CIT-FRE-39-ANA-d200.npy,CIT-FRE-39-ANA-d200,CIT-FRE,CITFRE,39,Citrobacter freundii,Citrobacter freundii,CLASSE (typo corrigee: CIT-FRE->CITFRE),/home/rrekikdi/Bureau/postdoc/pseudo_image/ms1_processed_11classes/Citrobacter freundii/CIT-FRE-39-ANA-d200.npy
/home/rrekikdi/Bureau/postdoc/pseudo_image/images_npy_ms1/2022_09_23_Validation_CITAMA_CITFAR_CITFRE_CITKOS_CITPOR_COLI_ENTASB_ENTBUG_ENTCLO_ENTHOR_ENTKOB_ENTLUD_ENTROG_100SPD-100vW_zSWATH/CIT-FRE-42-AER-d200.npy,CIT-FRE-42-AER-d200,CIT-FRE,CITFRE,42,Citrobacter freundii,Citrobacter freundii,CLASSE (typo corrigee: CIT-FRE->CITFRE),/home/rrekikdi/Bureau/postdoc/pseudo_image/ms1_processed_11classes/Citrobacter freundii/CIT-FRE-42-AER-d200.npy
/home/rrekikdi/Bureau/postdoc/pseudo_image/images_npy_ms1/2022_09_23_Validation_CITAMA_CITFAR_CITFRE_CITKOS_CITPOR_COLI_ENTASB_ENTBUG_ENTCLO_ENTHOR_ENTKOB_ENTLUD_ENTROG_100SPD-100vW_zSWATH/CIT-FRE-42-ANA-d200.npy,CIT-FRE-42-ANA-d200,CIT-FRE,CITFRE,42,Citrobacter freundii,Citrobacter freundii,CLASSE (typo corrigee: CIT-FRE->CITFRE),/home/rrekikdi/Bureau/postdoc/pseudo_image/ms1_processed_11classes/Citrobacter freundii/CIT-FRE-42-ANA-d200.npy
/home/rrekikdi/Bureau/postdoc/pseudo_image/images_npy_ms1/2022_09_23_Validation_CITAMA_CITFAR_CITFRE_CITKOS_CITPOR_COLI_ENTASB_ENTBUG_ENTCLO_ENTHOR_ENTKOB_ENTLUD_ENTROG_100SPD-100vW_zSWATH/CIT-FRE-47-AER-d200.npy,CIT-FRE-47-AER-d200,CIT-FRE,CITFRE,47,Citrobacter freundii,Citrobacter freundii,CLASSE (typo corrigee: CIT-FRE->CITFRE),/home/rrekikdi/Bureau/postdoc/pseudo_image/ms1_processed_11classes/Citrobacter freundii/CIT-FRE-47-AER-d200.npy
/home/rrekikdi/Bureau/postdoc/pseudo_image/images_npy_ms1/2022_09_23_Validation_CITAMA_CITFAR_CITFRE_CITKOS_CITPOR_COLI_ENTASB_ENTBUG_ENTCLO_ENTHOR_ENTKOB_ENTLUD_ENTROG_100SPD-100vW_zSWATH/CIT-FRE-47-ANA-d200.npy,CIT-FRE-47-ANA-d200,CIT-FRE,CITFRE,47,Citrobacter freundii,Citrobacter freundii,CLASSE (typo corrigee: CIT-FRE->CITFRE),/home/rrekikdi/Bureau/postdoc/pseudo_image/ms1_processed_11classes/Citrobacter freundii/CIT-FRE-47-ANA-d200.npy
/home/rrekikdi/Bureau/postdoc/pseudo_image/images_npy_ms1/2022_09_23_Validation_CITAMA_CITFAR_CITFRE_CITKOS_CITPOR_COLI_ENTASB_ENTBUG_ENTCLO_ENTHOR_ENTKOB_ENTLUD_ENTROG_100SPD-100vW_zSWATH/CIT-FRE-52-AER-d200.npy,CIT-FRE-52-AER-d200,CIT-FRE,CITFRE,52,Citrobacter freundii,Citrobacter freundii,CLASSE (typo corrigee: CIT-FRE->CITFRE),/home/rrekikdi/Bureau/postdoc/pseudo_image/ms1_processed_11classes/Citrobacter freundii/CIT-FRE-52-AER-d200.npy
/home/rrekikdi/Bureau/postdoc/pseudo_image/images_npy_ms1/2022_09_23_Validation_CITAMA_CITFAR_CITFRE_CITKOS_CITPOR_COLI_ENTASB_ENTBUG_ENTCLO_ENTHOR_ENTKOB_ENTLUD_ENTROG_100SPD-100vW_zSWATH/CIT-FRE-52-ANA-d200.npy,CIT-FRE-52-ANA-d200,CIT-FRE,CITFRE,52,Citrobacter freundii,Citrobacter freundii,CLASSE (typo corrigee: CIT-FRE->CITFRE),/home/rrekikdi/Bureau/postdoc/pseudo_image/ms1_processed_11classes/Citrobacter freundii/CIT-FRE-52-ANA-d200.npy
/home/rrekikdi/Bureau/postdoc/pseudo_image/images_npy_ms1/2022_09_23_Validation_CITAMA_CITFAR_CITFRE_CITKOS_CITPOR_COLI_ENTASB_ENTBUG_ENTCLO_ENTHOR_ENTKOB_ENTLUD_ENTROG_100SPD-100vW_zSWATH/CIT-FRE-53-AER-d200.npy,CIT-FRE-53-AER-d200,CIT-FRE,CITFRE,53,Citrobacter freundii,Citrobacter freundii,CLASSE (typo corrigee: CIT-FRE->CITFRE),/home/rrekikdi/Bureau/postdoc/pseudo_image/ms1_processed_11classes/Citrobacter freundii/CIT-FRE-53-AER-d200.npy
/home/rrekikdi/Bureau/postdoc/pseudo_image/images_npy_ms1/2022_09_23_Validation_CITAMA_CITFAR_CITFRE_CITKOS_CITPOR_COLI_ENTASB_ENTBUG_ENTCLO_ENTHOR_ENTKOB_ENTLUD_ENTROG_100SPD-100vW_zSWATH/CIT-FRE-53-ANA-d200.npy,CIT-FRE-53-ANA-d200,CIT-FRE,CITFRE,53,Citrobacter freundii,Citrobacter freundii,CLASSE (typo corrigee: CIT-FRE->CITFRE),/home/rrekikdi/Bureau/postdoc/pseudo_image/ms1_processed_11classes/Citrobacter freundii/CIT-FRE-53-ANA-d200.npy
/home/rrekikdi/Bureau/postdoc/pseudo_image/images_npy_ms1/2022_09_23_Validation_CITAMA_CITFAR_CITFRE_CITKOS_CITPOR_COLI_ENTASB_ENTBUG_ENTCLO_ENTHOR_ENTKOB_ENTLUD_ENTROG_100SPD-100vW_zSWATH/CIT-FRE-59-AER-d200.npy,CIT-FRE-59-AER-d200,CIT-FRE,CITFRE,59,Citrobacter freundii,Citrobacter freundii,CLASSE (typo corrigee: CIT-FRE->CITFRE),/home/rrekikdi/Bureau/postdoc/pseudo_image/ms1_processed_11classes/Citrobacter freundii/CIT-FRE-59-AER-d200.npy
/home/rrekikdi/Bureau/postdoc/pseudo_image/images_npy_ms1/2022_09_23_Validation_CITAMA_CITFAR_CITFRE_CITKOS_CITPOR_COLI_ENTASB_ENTBUG_ENTCLO_ENTHOR_ENTKOB_ENTLUD_ENTROG_100SPD-100vW_zSWATH/CIT-FRE-59-ANA-d200.npy,CIT-FRE-59-ANA-d200,CIT-FRE,CITFRE,59,Citrobacter freundii,Citrobacter freundii,CLASSE (typo corrigee: CIT-FRE->CITFRE),/home/rrekikdi/Bureau/postdoc/pseudo_image/ms1_processed_11classes/Citrobacter freundii/CIT-FRE-59-ANA-d200.npy
/home/rrekikdi/Bureau/postdoc/pseudo_image/images_npy_ms1/2022_09_23_Validation_CITAMA_CITFAR_CITFRE_CITKOS_CITPOR_COLI_ENTASB_ENTBUG_ENTCLO_ENTHOR_ENTKOB_ENTLUD_ENTROG_100SPD-100vW_zSWATH/CIT-FRE-61-AER-d200.npy,CIT-FRE-61-AER-d200,CIT-FRE,CITFRE,61,Citrobacter freundii,Citrobacter freundii,CLASSE (typo corrigee: CIT-FRE->CITFRE),/home/rrekikdi/Bureau/postdoc/pseudo_image/ms1_processed_11classes/Citrobacter freundii/CIT-FRE-61-AER-d200.npy
/home/rrekikdi/Bureau/postdoc/pseudo_image/images_npy_ms1/2022_09_23_Validation_CITAMA_CITFAR_CITFRE_CITKOS_CITPOR_COLI_ENTASB_ENTBUG_ENTCLO_ENTHOR_ENTKOB_ENTLUD_ENTROG_100SPD-100vW_zSWATH/CIT-FRE-61-ANA-d200.npy,CIT-FRE-61-ANA-d200,CIT-FRE,CITFRE,61,Citrobacter freundii,Citrobacter freundii,CLASSE (typo corrigee: CIT-FRE->CITFRE),/home/rrekikdi/Bureau/postdoc/pseudo_image/ms1_processed_11classes/Citrobacter freundii/CIT-FRE-61-ANA-d200.npy
/home/rrekikdi/Bureau/postdoc/pseudo_image/images_npy_ms1/2022_09_23_Validation_CITAMA_CITFAR_CITFRE_CITKOS_CITPOR_COLI_ENTASB_ENTBUG_ENTCLO_ENTHOR_ENTKOB_ENTLUD_ENTROG_100SPD-100vW_zSWATH/CIT-FRE-62-AER-d200.npy,CIT-FRE-62-AER-d200,CIT-FRE,CITFRE,62,Citrobacter freundii,Citrobacter freundii,CLASSE (typo corrigee: CIT-FRE->CITFRE),/home/rrekikdi/Bureau/postdoc/pseudo_image/ms1_processed_11classes/Citrobacter freundii/CIT-FRE-62-AER-d200.npy
/home/rrekikdi/Bureau/postdoc/pseudo_image/images_npy_ms1/2022_09_23_Validation_CITAMA_CITFAR_CITFRE_CITKOS_CITPOR_COLI_ENTASB_ENTBUG_ENTCLO_ENTHOR_ENTKOB_ENTLUD_ENTROG_100SPD-100vW_zSWATH/CIT-FRE-62-ANA-d200.npy,CIT-FRE-62-ANA-d200,CIT-FRE,CITFRE,62,Citrobacter freundii,Citrobacter freundii,CLASSE (typo corrigee: CIT-FRE->CITFRE),/home/rrekikdi/Bureau/postdoc/pseudo_image/ms1_processed_11classes/Citrobacter freundii/CIT-FRE-62-ANA-d200.npy
/home/rrekikdi/Bureau/postdoc/pseudo_image/images_npy_ms1/2022_09_23_Validation_CITAMA_CITFAR_CITFRE_CITKOS_CITPOR_COLI_ENTASB_ENTBUG_ENTCLO_ENTHOR_ENTKOB_ENTLUD_ENTROG_100SPD-100vW_zSWATH/CIT-FRE-63-AER-d200.npy,CIT-FRE-63-AER-d200,CIT-FRE,CITFRE,63,Citrobacter freundii,Citrobacter freundii,CLASSE (typo corrigee: CIT-FRE->CITFRE),/home/rrekikdi/Bureau/postdoc/pseudo_image/ms1_processed_11classes/Citrobacter freundii/CIT-FRE-63-AER-d200.npy
/home/rrekikdi/Bureau/postdoc/pseudo_image/images_npy_ms1/2022_09_23_Validation_CITAMA_CITFAR_CITFRE_CITKOS_CITPOR_COLI_ENTASB_ENTBUG_ENTCLO_ENTHOR_ENTKOB_ENTLUD_ENTROG_100SPD-100vW_zSWATH/CIT-FRE-63-ANA-d200.npy,CIT-FRE-63-ANA-d200,CIT-FRE,CITFRE,63,Citrobacter freundii,Citrobacter freundii,CLASSE (typo corrigee: CIT-FRE->CITFRE),/home/rrekikdi/Bureau/postdoc/pseudo_image/ms1_processed_11classes/Citrobacter freundii/CIT-FRE-63-ANA-d200.npy
/home/rrekikdi/Bureau/postdoc/pseudo_image/images_npy_ms1/2022_09_23_Validation_CITAMA_CITFAR_CITFRE_CITKOS_CITPOR_COLI_ENTASB_ENTBUG_ENTCLO_ENTHOR_ENTKOB_ENTLUD_ENTROG_100SPD-100vW_zSWATH/CIT-FRE-70-AER-d200.npy,CIT-FRE-70-AER-d200,CIT-FRE,CITFRE,70,Citrobacter freundii,Citrobacter freundii,CLASSE (typo corrigee: CIT-FRE->CITFRE),/home/rrekikdi/Bureau/postdoc/pseudo_image/ms1_processed_11classes/Citrobacter freundii/CIT-FRE-70-AER-d200.npy
/home/rrekikdi/Bureau/postdoc/pseudo_image/images_npy_ms1/2022_09_23_Validation_CITAMA_CITFAR_CITFRE_CITKOS_CITPOR_COLI_ENTASB_ENTBUG_ENTCLO_ENTHOR_ENTKOB_ENTLUD_ENTROG_100SPD-100vW_zSWATH/CIT-FRE-70-ANA-d200.npy,CIT-FRE-70-ANA-d200,CIT-FRE,CITFRE,70,Citrobacter freundii,Citrobacter freundii,CLASSE (typo corrigee: CIT-FRE->CITFRE),/home/rrekikdi/Bureau/postdoc/pseudo_image/ms1_processed_11classes/Citrobacter freundii/CIT-FRE-70-ANA-d200.npy
/home/rrekikdi/Bureau/postdoc/pseudo_image/images_npy_ms1/2022_09_23_Validation_CITAMA_CITFAR_CITFRE_CITKOS_CITPOR_COLI_ENTASB_ENTBUG_ENTCLO_ENTHOR_ENTKOB_ENTLUD_ENTROG_100SPD-100vW_zSWATH/CIT-FRE-71-AER-d200.npy,CIT-FRE-71-AER-d200,CIT-FRE,CITFRE,71,Citrobacter freundii,Citrobacter freundii,CLASSE (typo corrigee: CIT-FRE->CITFRE),/home/rrekikdi/Bureau/postdoc/pseudo_image/ms1_processed_11classes/Citrobacter freundii/CIT-FRE-71-AER-d200.npy
/home/rrekikdi/Bureau/postdoc/pseudo_image/images_npy_ms1/2022_09_23_Validation_CITAMA_CITFAR_CITFRE_CITKOS_CITPOR_COLI_ENTASB_ENTBUG_ENTCLO_ENTHOR_ENTKOB_ENTLUD_ENTROG_100SPD-100vW_zSWATH/CIT-FRE-71-ANA-d200.npy,CIT-FRE-71-ANA-d200,CIT-FRE,CITFRE,71,Citrobacter freundii,Citrobacter freundii,CLASSE (typo corrigee: CIT-FRE->CITFRE),/home/rrekikdi/Bureau/postdoc/pseudo_image/ms1_processed_11classes/Citrobacter freundii/CIT-FRE-71-ANA-d200.npy
/home/rrekikdi/Bureau/postdoc/pseudo_image/images_npy_ms1/2022_09_23_Validation_CITAMA_CITFAR_CITFRE_CITKOS_CITPOR_COLI_ENTASB_ENTBUG_ENTCLO_ENTHOR_ENTKOB_ENTLUD_ENTROG_100SPD-100vW_zSWATH/CIT-FRE-76-AER-d200.npy,CIT-FRE-76-AER-d200,CIT-FRE,CITFRE,76,Citrobacter freundii,Citrobacter freundii,CLASSE (typo corrigee: CIT-FRE->CITFRE),/home/rrekikdi/Bureau/postdoc/pseudo_image/ms1_processed_11classes/Citrobacter freundii/CIT-FRE-76-AER-d200.npy
/home/rrekikdi/Bureau/postdoc/pseudo_image/images_npy_ms1/2022_09_23_Validation_CITAMA_CITFAR_CITFRE_CITKOS_CITPOR_COLI_ENTASB_ENTBUG_ENTCLO_ENTHOR_ENTKOB_ENTLUD_ENTROG_100SPD-100vW_zSWATH/CIT-FRE-76-ANA-d200.npy,CIT-FRE-76-ANA-d200,CIT-FRE,CITFRE,76,Citrobacter freundii,Citrobacter freundii,CLASSE (typo corrigee: CIT-FRE->CITFRE),/home/rrekikdi/Bureau/postdoc/pseudo_image/ms1_processed_11classes/Citrobacter freundii/CIT-FRE-76-ANA-d200.npy
/home/rrekikdi/Bureau/postdoc/pseudo_image/images_npy_ms1/2022_09_23_Validation_CITAMA_CITFAR_CITFRE_CITKOS_CITPOR_COLI_ENTASB_ENTBUG_ENTCLO_ENTHOR_ENTKOB_ENTLUD_ENTROG_100SPD-100vW_zSWATH/CIT-FRE-78-AER-d200.npy,CIT-FRE-78-AER-d200,CIT-FRE,CITFRE,78,Citrobacter freundii,Citrobacter freundii,CLASSE (typo corrigee: CIT-FRE->CITFRE),/home/rrekikdi/Bureau/postdoc/pseudo_image/ms1_processed_11classes/Citrobacter freundii/CIT-FRE-78-AER-d200.npy
/home/rrekikdi/Bureau/postdoc/pseudo_image/images_npy_ms1/2022_09_23_Validation_CITAMA_CITFAR_CITFRE_CITKOS_CITPOR_COLI_ENTASB_ENTBUG_ENTCLO_ENTHOR_ENTKOB_ENTLUD_ENTROG_100SPD-100vW_zSWATH/CIT-FRE-78-ANA-d200.npy,CIT-FRE-78-ANA-d200,CIT-FRE,CITFRE,78,Citrobacter freundii,Citrobacter freundii,CLASSE (typo corrigee: CIT-FRE->CITFRE),/home/rrekikdi/Bureau/postdoc/pseudo_image/ms1_processed_11classes/Citrobacter freundii/CIT-FRE-78-ANA-d200.npy
/home/rrekikdi/Bureau/postdoc/pseudo_image/images_npy_ms1/2022_09_23_Validation_CITAMA_CITFAR_CITFRE_CITKOS_CITPOR_COLI_ENTASB_ENTBUG_ENTCLO_ENTHOR_ENTKOB_ENTLUD_ENTROG_100SPD-100vW_zSWATH/CIT-KOS-10-AER-d200.npy,CIT-KOS-10-AER-d200,CIT-KOS,CITKOS,10,Citrobacter koseri,Citrobacter koseri,CLASSE (typo corrigee: CIT-KOS->CITKOS),/home/rrekikdi/Bureau/postdoc/pseudo_image/ms1_processed_11classes/Citrobacter koseri/CIT-KOS-10-AER-d200.npy
/home/rrekikdi/Bureau/postdoc/pseudo_image/images_npy_ms1/2022_09_23_Validation_CITAMA_CITFAR_CITFRE_CITKOS_CITPOR_COLI_ENTASB_ENTBUG_ENTCLO_ENTHOR_ENTKOB_ENTLUD_ENTROG_100SPD-100vW_zSWATH/CIT-KOS-10-ANA-d200.npy,CIT-KOS-10-ANA-d200,CIT-KOS,CITKOS,10,Citrobacter koseri,Citrobacter koseri,CLASSE (typo corrigee: CIT-KOS->CITKOS),/home/rrekikdi/Bureau/postdoc/pseudo_image/ms1_processed_11classes/Citrobacter koseri/CIT-KOS-10-ANA-d200.npy
/home/rrekikdi/Bureau/postdoc/pseudo_image/images_npy_ms1/2022_09_23_Validation_CITAMA_CITFAR_CITFRE_CITKOS_CITPOR_COLI_ENTASB_ENTBUG_ENTCLO_ENTHOR_ENTKOB_ENTLUD_ENTROG_100SPD-100vW_zSWATH/CIT-KOS-12-AER-d200.npy,CIT-KOS-12-AER-d200,CIT-KOS,CITKOS,12,Citrobacter koseri,Citrobacter koseri,CLASSE (typo corrigee: CIT-KOS->CITKOS),/home/rrekikdi/Bureau/postdoc/pseudo_image/ms1_processed_11classes/Citrobacter koseri/CIT-KOS-12-AER-d200.npy
/home/rrekikdi/Bureau/postdoc/pseudo_image/images_npy_ms1/2022_09_23_Validation_CITAMA_CITFAR_CITFRE_CITKOS_CITPOR_COLI_ENTASB_ENTBUG_ENTCLO_ENTHOR_ENTKOB_ENTLUD_ENTROG_100SPD-100vW_zSWATH/CIT-KOS-12-ANA-d200.npy,CIT-KOS-12-ANA-d200,CIT-KOS,CITKOS,12,Citrobacter koseri,Citrobacter koseri,CLASSE (typo corrigee: CIT-KOS->CITKOS),/home/rrekikdi/Bureau/postdoc/pseudo_image/ms1_processed_11classes/Citrobacter koseri/CIT-KOS-12-ANA-d200.npy
/home/rrekikdi/Bureau/postdoc/pseudo_image/images_npy_ms1/2022_09_23_Validation_CITAMA_CITFAR_CITFRE_CITKOS_CITPOR_COLI_ENTASB_ENTBUG_ENTCLO_ENTHOR_ENTKOB_ENTLUD_ENTROG_100SPD-100vW_zSWATH/CIT-KOS-14-AER-d200.npy,CIT-KOS-14-AER-d200,CIT-KOS,CITKOS,14,Citrobacter koseri,Citrobacter koseri,CLASSE (typo corrigee: CIT-KOS->CITKOS),/home/rrekikdi/Bureau/postdoc/pseudo_image/ms1_processed_11classes/Citrobacter koseri/CIT-KOS-14-AER-d200.npy
/home/rrekikdi/Bureau/postdoc/pseudo_image/images_npy_ms1/2022_09_23_Validation_CITAMA_CITFAR_CITFRE_CITKOS_CITPOR_COLI_ENTASB_ENTBUG_ENTCLO_ENTHOR_ENTKOB_ENTLUD_ENTROG_100SPD-100vW_zSWATH/CIT-KOS-14-ANA-d200.npy,CIT-KOS-14-ANA-d200,CIT-KOS,CITKOS,14,Citrobacter koseri,Citrobacter koseri,CLASSE (typo corrigee: CIT-KOS->CITKOS),/home/rrekikdi/Bureau/postdoc/pseudo_image/ms1_processed_11classes/Citrobacter koseri/CIT-KOS-14-ANA-d200.npy
/home/rrekikdi/Bureau/postdoc/pseudo_image/images_npy_ms1/2022_09_23_Validation_CITAMA_CITFAR_CITFRE_CITKOS_CITPOR_COLI_ENTASB_ENTBUG_ENTCLO_ENTHOR_ENTKOB_ENTLUD_ENTROG_100SPD-100vW_zSWATH/CIT-KOS-15-AER-d200.npy,CIT-KOS-15-AER-d200,CIT-KOS,CITKOS,15,Citrobacter koseri,Citrobacter koseri,CLASSE (typo corrigee: CIT-KOS->CITKOS),/home/rrekikdi/Bureau/postdoc/pseudo_image/ms1_processed_11classes/Citrobacter koseri/CIT-KOS-15-AER-d200.npy
/home/rrekikdi/Bureau/postdoc/pseudo_image/images_npy_ms1/2022_09_23_Validation_CITAMA_CITFAR_CITFRE_CITKOS_CITPOR_COLI_ENTASB_ENTBUG_ENTCLO_ENTHOR_ENTKOB_ENTLUD_ENTROG_100SPD-100vW_zSWATH/CIT-KOS-15-ANA-d200.npy,CIT-KOS-15-ANA-d200,CIT-KOS,CITKOS,15,Citrobacter koseri,Citrobacter koseri,CLASSE (typo corrigee: CIT-KOS->CITKOS),/home/rrekikdi/Bureau/postdoc/pseudo_image/ms1_processed_11classes/Citrobacter koseri/CIT-KOS-15-ANA-d200.npy
/home/rrekikdi/Bureau/postdoc/pseudo_image/images_npy_ms1/2022_09_23_Validation_CITAMA_CITFAR_CITFRE_CITKOS_CITPOR_COLI_ENTASB_ENTBUG_ENTCLO_ENTHOR_ENTKOB_ENTLUD_ENTROG_100SPD-100vW_zSWATH/CIT-KOS-16-AER-d200.npy,CIT-KOS-16-AER-d200,CIT-KOS,CITKOS,16,Citrobacter koseri,Citrobacter koseri,CLASSE (typo corrigee: CIT-KOS->CITKOS),/home/rrekikdi/Bureau/postdoc/pseudo_image/ms1_processed_11classes/Citrobacter koseri/CIT-KOS-16-AER-d200.npy
/home/rrekikdi/Bureau/postdoc/pseudo_image/images_npy_ms1/2022_09_23_Validation_CITAMA_CITFAR_CITFRE_CITKOS_CITPOR_COLI_ENTASB_ENTBUG_ENTCLO_ENTHOR_ENTKOB_ENTLUD_ENTROG_100SPD-100vW_zSWATH/CIT-KOS-16-ANA-d200.npy,CIT-KOS-16-ANA-d200,CIT-KOS,CITKOS,16,Citrobacter koseri,Citrobacter koseri,CLASSE (typo corrigee: CIT-KOS->CITKOS),/home/rrekikdi/Bureau/postdoc/pseudo_image/ms1_processed_11classes/Citrobacter koseri/CIT-KOS-16-ANA-d200.npy
/home/rrekikdi/Bureau/postdoc/pseudo_image/images_npy_ms1/2022_09_23_Validation_CITAMA_CITFAR_CITFRE_CITKOS_CITPOR_COLI_ENTASB_ENTBUG_ENTCLO_ENTHOR_ENTKOB_ENTLUD_ENTROG_100SPD-100vW_zSWATH/CIT-KOS-17-AER-d200.npy,CIT-KOS-17-AER-d200,CIT-KOS,CITKOS,17,Citrobacter koseri,Citrobacter koseri,CLASSE (typo corrigee: CIT-KOS->CITKOS),/home/rrekikdi/Bureau/postdoc/pseudo_image/ms1_processed_11classes/Citrobacter koseri/CIT-KOS-17-AER-d200.npy
/home/rrekikdi/Bureau/postdoc/pseudo_image/images_npy_ms1/2022_09_23_Validation_CITAMA_CITFAR_CITFRE_CITKOS_CITPOR_COLI_ENTASB_ENTBUG_ENTCLO_ENTHOR_ENTKOB_ENTLUD_ENTROG_100SPD-100vW_zSWATH/CIT-KOS-17-ANA-d200.npy,CIT-KOS-17-ANA-d200,CIT-KOS,CITKOS,17,Citrobacter koseri,Citrobacter koseri,CLASSE (typo corrigee: CIT-KOS->CITKOS),/home/rrekikdi/Bureau/postdoc/pseudo_image/ms1_processed_11classes/Citrobacter koseri/CIT-KOS-17-ANA-d200.npy
/home/rrekikdi/Bureau/postdoc/pseudo_image/images_npy_ms1/2022_09_23_Validation_CITAMA_CITFAR_CITFRE_CITKOS_CITPOR_COLI_ENTASB_ENTBUG_ENTCLO_ENTHOR_ENTKOB_ENTLUD_ENTROG_100SPD-100vW_zSWATH/CIT-KOS-19-AER-d200.npy,CIT-KOS-19-AER-d200,CIT-KOS,CITKOS,19,Citrobacter koseri,Citrobacter koseri,CLASSE (typo corrigee: CIT-KOS->CITKOS),/home/rrekikdi/Bureau/postdoc/pseudo_image/ms1_processed_11classes/Citrobacter koseri/CIT-KOS-19-AER-d200.npy
/home/rrekikdi/Bureau/postdoc/pseudo_image/images_npy_ms1/2022_09_23_Validation_CITAMA_CITFAR_CITFRE_CITKOS_CITPOR_COLI_ENTASB_ENTBUG_ENTCLO_ENTHOR_ENTKOB_ENTLUD_ENTROG_100SPD-100vW_zSWATH/CIT-KOS-19-ANA-d200.npy,CIT-KOS-19-ANA-d200,CIT-KOS,CITKOS,19,Citrobacter koseri,Citrobacter koseri,CLASSE (typo corrigee: CIT-KOS->CITKOS),/home/rrekikdi/Bureau/postdoc/pseudo_image/ms1_processed_11classes/Citrobacter koseri/CIT-KOS-19-ANA-d200.npy
/home/rrekikdi/Bureau/postdoc/pseudo_image/images_npy_ms1/2022_09_23_Validation_CITAMA_CITFAR_CITFRE_CITKOS_CITPOR_COLI_ENTASB_ENTBUG_ENTCLO_ENTHOR_ENTKOB_ENTLUD_ENTROG_100SPD-100vW_zSWATH/CIT-KOS-20-AER-d200.npy,CIT-KOS-20-AER-d200,CIT-KOS,CITKOS,20,Citrobacter koseri,Citrobacter koseri,CLASSE (typo corrigee: CIT-KOS->CITKOS),/home/rrekikdi/Bureau/postdoc/pseudo_image/ms1_processed_11classes/Citrobacter koseri/CIT-KOS-20-AER-d200.npy
/home/rrekikdi/Bureau/postdoc/pseudo_image/images_npy_ms1/2022_09_23_Validation_CITAMA_CITFAR_CITFRE_CITKOS_CITPOR_COLI_ENTASB_ENTBUG_ENTCLO_ENTHOR_ENTKOB_ENTLUD_ENTROG_100SPD-100vW_zSWATH/CIT-KOS-20-ANA-d200.npy,CIT-KOS-20-ANA-d200,CIT-KOS,CITKOS,20,Citrobacter koseri,Citrobacter koseri,CLASSE (typo corrigee: CIT-KOS->CITKOS),/home/rrekikdi/Bureau/postdoc/pseudo_image/ms1_processed_11classes/Citrobacter koseri/CIT-KOS-20-ANA-d200.npy
/home/rrekikdi/Bureau/postdoc/pseudo_image/images_npy_ms1/2022_09_23_Validation_CITAMA_CITFAR_CITFRE_CITKOS_CITPOR_COLI_ENTASB_ENTBUG_ENTCLO_ENTHOR_ENTKOB_ENTLUD_ENTROG_100SPD-100vW_zSWATH/CIT-KOS-9-AER-d200.npy,CIT-KOS-9-AER-d200,CIT-KOS,CITKOS,9,Citrobacter koseri,Citrobacter koseri,CLASSE (typo corrigee: CIT-KOS->CITKOS),/home/rrekikdi/Bureau/postdoc/pseudo_image/ms1_processed_11classes/Citrobacter koseri/CIT-KOS-9-AER-d200.npy
/home/rrekikdi/Bureau/postdoc/pseudo_image/images_npy_ms1/2022_09_23_Validation_CITAMA_CITFAR_CITFRE_CITKOS_CITPOR_COLI_ENTASB_ENTBUG_ENTCLO_ENTHOR_ENTKOB_ENTLUD_ENTROG_100SPD-100vW_zSWATH/CIT-KOS-9-ANA-d200.npy,CIT-KOS-9-ANA-d200,CIT-KOS,CITKOS,9,Citrobacter koseri,Citrobacter koseri,CLASSE (typo corrigee: CIT-KOS->CITKOS),/home/rrekikdi/Bureau/postdoc/pseudo_image/ms1_processed_11classes/Citrobacter koseri/CIT-KOS-9-ANA-d200.npy
/home/rrekikdi/Bureau/postdoc/pseudo_image/images_npy_ms1/2022_09_23_Validation_CITAMA_CITFAR_CITFRE_CITKOS_CITPOR_COLI_ENTASB_ENTBUG_ENTCLO_ENTHOR_ENTKOB_ENTLUD_ENTROG_100SPD-100vW_zSWATH/COLI-281-AER-d200.npy,COLI-281-AER-d200,COLI,ESCCOL,281,Escherichia coli,Escherichia coli,CLASSE (typo corrigee: COLI->ESCCOL),/home/rrekikdi/Bureau/postdoc/pseudo_image/ms1_processed_11classes/Escherichia coli/COLI-281-AER-d200.npy
/home/rrekikdi/Bureau/postdoc/pseudo_image/images_npy_ms1/2022_09_23_Validation_CITAMA_CITFAR_CITFRE_CITKOS_CITPOR_COLI_ENTASB_ENTBUG_ENTCLO_ENTHOR_ENTKOB_ENTLUD_ENTROG_100SPD-100vW_zSWATH/COLI-281-ANA-d200.npy,COLI-281-ANA-d200,COLI,ESCCOL,281,Escherichia coli,Escherichia coli,CLASSE (typo corrigee: COLI->ESCCOL),/home/rrekikdi/Bureau/postdoc/pseudo_image/ms1_processed_11classes/Escherichia coli/COLI-281-ANA-d200.npy
/home/rrekikdi/Bureau/postdoc/pseudo_image/images_npy_ms1/2022_09_23_Validation_CITAMA_CITFAR_CITFRE_CITKOS_CITPOR_COLI_ENTASB_ENTBUG_ENTCLO_ENTHOR_ENTKOB_ENTLUD_ENTROG_100SPD-100vW_zSWATH/COLI-56-AER-d200.npy,COLI-56-AER-d200,COLI,ESCCOL,56,Escherichia coli,Escherichia coli,CLASSE (typo corrigee: COLI->ESCCOL),/home/rrekikdi/Bureau/postdoc/pseudo_image/ms1_processed_11classes/Escherichia coli/COLI-56-AER-d200.npy
/home/rrekikdi/Bureau/postdoc/pseudo_image/images_npy_ms1/2022_09_23_Validation_CITAMA_CITFAR_CITFRE_CITKOS_CITPOR_COLI_ENTASB_ENTBUG_ENTCLO_ENTHOR_ENTKOB_ENTLUD_ENTROG_100SPD-100vW_zSWATH/COLI-56-ANA-d200.npy,COLI-56-ANA-d200,COLI,ESCCOL,56,Escherichia coli,Escherichia coli,CLASSE (typo corrigee: COLI->ESCCOL),/home/rrekikdi/Bureau/postdoc/pseudo_image/ms1_processed_11classes/Escherichia coli/COLI-56-ANA-d200.npy
/home/rrekikdi/Bureau/postdoc/pseudo_image/images_npy_ms1/2022_09_23_Validation_CITAMA_CITFAR_CITFRE_CITKOS_CITPOR_COLI_ENTASB_ENTBUG_ENTCLO_ENTHOR_ENTKOB_ENTLUD_ENTROG_100SPD-100vW_zSWATH/COLI-58-AER-d200.npy,COLI-58-AER-d200,COLI,ESCCOL,58,Escherichia coli,Escherichia coli,CLASSE (typo corrigee: COLI->ESCCOL),/home/rrekikdi/Bureau/postdoc/pseudo_image/ms1_processed_11classes/Escherichia coli/COLI-58-AER-d200.npy
/home/rrekikdi/Bureau/postdoc/pseudo_image/images_npy_ms1/2022_09_23_Validation_CITAMA_CITFAR_CITFRE_CITKOS_CITPOR_COLI_ENTASB_ENTBUG_ENTCLO_ENTHOR_ENTKOB_ENTLUD_ENTROG_100SPD-100vW_zSWATH/COLI-58-ANA-d200.npy,COLI-58-ANA-d200,COLI,ESCCOL,58,Escherichia coli,Escherichia coli,CLASSE (typo corrigee: COLI->ESCCOL),/home/rrekikdi/Bureau/postdoc/pseudo_image/ms1_processed_11classes/Escherichia coli/COLI-58-ANA-d200.npy
/home/rrekikdi/Bureau/postdoc/pseudo_image/images_npy_ms1/2022_09_23_Validation_CITAMA_CITFAR_CITFRE_CITKOS_CITPOR_COLI_ENTASB_ENTBUG_ENTCLO_ENTHOR_ENTKOB_ENTLUD_ENTROG_100SPD-100vW_zSWATH/COLI-73-AER-d200.npy,COLI-73-AER-d200,COLI,ESCCOL,73,Escherichia coli,Escherichia coli,CLASSE (typo corrigee: COLI->ESCCOL),/home/rrekikdi/Bureau/postdoc/pseudo_image/ms1_processed_11classes/Escherichia coli/COLI-73-AER-d200.npy
/home/rrekikdi/Bureau/postdoc/pseudo_image/images_npy_ms1/2022_09_23_Validation_CITAMA_CITFAR_CITFRE_CITKOS_CITPOR_COLI_ENTASB_ENTBUG_ENTCLO_ENTHOR_ENTKOB_ENTLUD_ENTROG_100SPD-100vW_zSWATH/COLI-73-ANA-d200.npy,COLI-73-ANA-d200,COLI,ESCCOL,73,Escherichia coli,Escherichia coli,CLASSE (typo corrigee: COLI->ESCCOL),/home/rrekikdi/Bureau/postdoc/pseudo_image/ms1_processed_11classes/Escherichia coli/COLI-73-ANA-d200.npy
/home/rrekikdi/Bureau/postdoc/pseudo_image/images_npy_ms1/2022_09_23_Validation_CITAMA_CITFAR_CITFRE_CITKOS_CITPOR_COLI_ENTASB_ENTBUG_ENTCLO_ENTHOR_ENTKOB_ENTLUD_ENTROG_100SPD-100vW_zSWATH/COLI-78-AER-d200.npy,COLI-78-AER-d200,COLI,ESCCOL,78,,Escherichia coli,"CLASSE (sample_nb absent du excel, classe par code seul)",/home/rrekikdi/Bureau/postdoc/pseudo_image/ms1_processed_11classes/Escherichia coli/COLI-78-AER-d200.npy
/home/rrekikdi/Bureau/postdoc/pseudo_image/images_npy_ms1/2022_09_23_Validation_CITAMA_CITFAR_CITFRE_CITKOS_CITPOR_COLI_ENTASB_ENTBUG_ENTCLO_ENTHOR_ENTKOB_ENTLUD_ENTROG_100SPD-100vW_zSWATH/COLI-78-ANA-d200.npy,COLI-78-ANA-d200,COLI,ESCCOL,78,,Escherichia coli,"CLASSE (sample_nb absent du excel, classe par code seul)",/home/rrekikdi/Bureau/postdoc/pseudo_image/ms1_processed_11classes/Escherichia coli/COLI-78-ANA-d200.npy
/home/rrekikdi/Bureau/postdoc/pseudo_image/images_npy_ms1/2022_09_23_Validation_CITAMA_CITFAR_CITFRE_CITKOS_CITPOR_COLI_ENTASB_ENTBUG_ENTCLO_ENTHOR_ENTKOB_ENTLUD_ENTROG_100SPD-100vW_zSWATH/COLI-79-AER-d200.npy,COLI-79-AER-d200,COLI,ESCCOL,79,Escherichia coli,Escherichia coli,CLASSE (typo corrigee: COLI->ESCCOL),/home/rrekikdi/Bureau/postdoc/pseudo_image/ms1_processed_11classes/Escherichia coli/COLI-79-AER-d200.npy
/home/rrekikdi/Bureau/postdoc/pseudo_image/images_npy_ms1/2022_09_23_Validation_CITAMA_CITFAR_CITFRE_CITKOS_CITPOR_COLI_ENTASB_ENTBUG_ENTCLO_ENTHOR_ENTKOB_ENTLUD_ENTROG_100SPD-100vW_zSWATH/COLI-79-ANA-d200.npy,COLI-79-ANA-d200,COLI,ESCCOL,79,Escherichia coli,Escherichia coli,CLASSE (typo corrigee: COLI->ESCCOL),/home/rrekikdi/Bureau/postdoc/pseudo_image/ms1_processed_11classes/Escherichia coli/COLI-79-ANA-d200.npy
/home/rrekikdi/Bureau/postdoc/pseudo_image/images_npy_ms1/2022_09_23_Validation_CITAMA_CITFAR_CITFRE_CITKOS_CITPOR_COLI_ENTASB_ENTBUG_ENTCLO_ENTHOR_ENTKOB_ENTLUD_ENTROG_100SPD-100vW_zSWATH/COLI-85-AER-d200.npy,COLI-85-AER-d200,COLI,ESCCOL,85,Escherichia coli,Escherichia coli,CLASSE (typo corrigee: COLI->ESCCOL),/home/rrekikdi/Bureau/postdoc/pseudo_image/ms1_processed_11classes/Escherichia coli/COLI-85-AER-d200.npy
/home/rrekikdi/Bureau/postdoc/pseudo_image/images_npy_ms1/2022_09_23_Validation_CITAMA_CITFAR_CITFRE_CITKOS_CITPOR_COLI_ENTASB_ENTBUG_ENTCLO_ENTHOR_ENTKOB_ENTLUD_ENTROG_100SPD-100vW_zSWATH/COLI-85-ANA-d200.npy,COLI-85-ANA-d200,COLI,ESCCOL,85,Escherichia coli,Escherichia coli,CLASSE (typo corrigee: COLI->ESCCOL),/home/rrekikdi/Bureau/postdoc/pseudo_image/ms1_processed_11classes/Escherichia coli/COLI-85-ANA-d200.npy
/home/rrekikdi/Bureau/postdoc/pseudo_image/images_npy_ms1/2022_09_23_Validation_CITAMA_CITFAR_CITFRE_CITKOS_CITPOR_COLI_ENTASB_ENTBUG_ENTCLO_ENTHOR_ENTKOB_ENTLUD_ENTROG_100SPD-100vW_zSWATH/ENT-HOR-12-AER-d200.npy,ENT-HOR-12-AER-d200,ENT-HOR,ENTHOR,12,Enterobacter hormaechei hoffmannii,Enterobacter hormaechei,CLASSE (typo corrigee: ENT-HOR->ENTHOR),/home/rrekikdi/Bureau/postdoc/pseudo_image/ms1_processed_11classes/Enterobacter hormaechei/ENT-HOR-12-AER-d200.npy
/home/rrekikdi/Bureau/postdoc/pseudo_image/images_npy_ms1/2022_09_23_Validation_CITAMA_CITFAR_CITFRE_CITKOS_CITPOR_COLI_ENTASB_ENTBUG_ENTCLO_ENTHOR_ENTKOB_ENTLUD_ENTROG_100SPD-100vW_zSWATH/ENT-HOR-12-ANA-d200.npy,ENT-HOR-12-ANA-d200,ENT-HOR,ENTHOR,12,Enterobacter hormaechei hoffmannii,Enterobacter hormaechei,CLASSE (typo corrigee: ENT-HOR->ENTHOR),/home/rrekikdi/Bureau/postdoc/pseudo_image/ms1_processed_11classes/Enterobacter hormaechei/ENT-HOR-12-ANA-d200.npy
/home/rrekikdi/Bureau/postdoc/pseudo_image/images_npy_ms1/2022_09_23_Validation_CITAMA_CITFAR_CITFRE_CITKOS_CITPOR_COLI_ENTASB_ENTBUG_ENTCLO_ENTHOR_ENTKOB_ENTLUD_ENTROG_100SPD-100vW_zSWATH/ENT-HOR-14-AER-d200.npy,ENT-HOR-14-AER-d200,ENT-HOR,ENTHOR,14,Enterobacter hormaechei hoffmannii,Enterobacter hormaechei,CLASSE (typo corrigee: ENT-HOR->ENTHOR),/home/rrekikdi/Bureau/postdoc/pseudo_image/ms1_processed_11classes/Enterobacter hormaechei/ENT-HOR-14-AER-d200.npy
/home/rrekikdi/Bureau/postdoc/pseudo_image/images_npy_ms1/2022_09_23_Validation_CITAMA_CITFAR_CITFRE_CITKOS_CITPOR_COLI_ENTASB_ENTBUG_ENTCLO_ENTHOR_ENTKOB_ENTLUD_ENTROG_100SPD-100vW_zSWATH/ENT-HOR-14-ANA-d200.npy,ENT-HOR-14-ANA-d200,ENT-HOR,ENTHOR,14,Enterobacter hormaechei hoffmannii,Enterobacter hormaechei,CLASSE (typo corrigee: ENT-HOR->ENTHOR),/home/rrekikdi/Bureau/postdoc/pseudo_image/ms1_processed_11classes/Enterobacter hormaechei/ENT-HOR-14-ANA-d200.npy
/home/rrekikdi/Bureau/postdoc/pseudo_image/images_npy_ms1/2022_09_23_Validation_CITAMA_CITFAR_CITFRE_CITKOS_CITPOR_COLI_ENTASB_ENTBUG_ENTCLO_ENTHOR_ENTKOB_ENTLUD_ENTROG_100SPD-100vW_zSWATH/ENT-HOR-16-AER-d200.npy,ENT-HOR-16-AER-d200,ENT-HOR,ENTHOR,16,Enterobacter hormaechei hoffmannii,Enterobacter hormaechei,CLASSE (typo corrigee: ENT-HOR->ENTHOR),/home/rrekikdi/Bureau/postdoc/pseudo_image/ms1_processed_11classes/Enterobacter hormaechei/ENT-HOR-16-AER-d200.npy
/home/rrekikdi/Bureau/postdoc/pseudo_image/images_npy_ms1/2022_09_23_Validation_CITAMA_CITFAR_CITFRE_CITKOS_CITPOR_COLI_ENTASB_ENTBUG_ENTCLO_ENTHOR_ENTKOB_ENTLUD_ENTROG_100SPD-100vW_zSWATH/ENT-HOR-16-ANA-d200.npy,ENT-HOR-16-ANA-d200,ENT-HOR,ENTHOR,16,Enterobacter hormaechei hoffmannii,Enterobacter hormaechei,CLASSE (typo corrigee: ENT-HOR->ENTHOR),/home/rrekikdi/Bureau/postdoc/pseudo_image/ms1_processed_11classes/Enterobacter hormaechei/ENT-HOR-16-ANA-d200.npy
/home/rrekikdi/Bureau/postdoc/pseudo_image/images_npy_ms1/2022_09_23_Validation_CITAMA_CITFAR_CITFRE_CITKOS_CITPOR_COLI_ENTASB_ENTBUG_ENTCLO_ENTHOR_ENTKOB_ENTLUD_ENTROG_100SPD-100vW_zSWATH/ENT-HOR-17-AER-d200.npy,ENT-HOR-17-AER-d200,ENT-HOR,ENTHOR,17,Enterobacter hormaechei hoffmannii,Enterobacter hormaechei,CLASSE (typo corrigee: ENT-HOR->ENTHOR),/home/rrekikdi/Bureau/postdoc/pseudo_image/ms1_processed_11classes/Enterobacter hormaechei/ENT-HOR-17-AER-d200.npy
/home/rrekikdi/Bureau/postdoc/pseudo_image/images_npy_ms1/2022_09_23_Validation_CITAMA_CITFAR_CITFRE_CITKOS_CITPOR_COLI_ENTASB_ENTBUG_ENTCLO_ENTHOR_ENTKOB_ENTLUD_ENTROG_100SPD-100vW_zSWATH/ENT-HOR-17-ANA-d200.npy,ENT-HOR-17-ANA-d200,ENT-HOR,ENTHOR,17,Enterobacter hormaechei hoffmannii,Enterobacter hormaechei,CLASSE (typo corrigee: ENT-HOR->ENTHOR),/home/rrekikdi/Bureau/postdoc/pseudo_image/ms1_processed_11classes/Enterobacter hormaechei/ENT-HOR-17-ANA-d200.npy
/home/rrekikdi/Bureau/postdoc/pseudo_image/images_npy_ms1/2022_09_23_Validation_CITAMA_CITFAR_CITFRE_CITKOS_CITPOR_COLI_ENTASB_ENTBUG_ENTCLO_ENTHOR_ENTKOB_ENTLUD_ENTROG_100SPD-100vW_zSWATH/ENT-HOR-18-AER-d200.npy,ENT-HOR-18-AER-d200,ENT-HOR,ENTHOR,18,Enterobacter hormaechei hoffmannii,Enterobacter hormaechei,CLASSE (typo corrigee: ENT-HOR->ENTHOR),/home/rrekikdi/Bureau/postdoc/pseudo_image/ms1_processed_11classes/Enterobacter hormaechei/ENT-HOR-18-AER-d200.npy
/home/rrekikdi/Bureau/postdoc/pseudo_image/images_npy_ms1/2022_09_23_Validation_CITAMA_CITFAR_CITFRE_CITKOS_CITPOR_COLI_ENTASB_ENTBUG_ENTCLO_ENTHOR_ENTKOB_ENTLUD_ENTROG_100SPD-100vW_zSWATH/ENT-HOR-18-ANA-d200.npy,ENT-HOR-18-ANA-d200,ENT-HOR,ENTHOR,18,Enterobacter hormaechei hoffmannii,Enterobacter hormaechei,CLASSE (typo corrigee: ENT-HOR->ENTHOR),/home/rrekikdi/Bureau/postdoc/pseudo_image/ms1_processed_11classes/Enterobacter hormaechei/ENT-HOR-18-ANA-d200.npy
/home/rrekikdi/Bureau/postdoc/pseudo_image/images_npy_ms1/2022_09_23_Validation_CITAMA_CITFAR_CITFRE_CITKOS_CITPOR_COLI_ENTASB_ENTBUG_ENTCLO_ENTHOR_ENTKOB_ENTLUD_ENTROG_100SPD-100vW_zSWATH/ENT-HOR-19-AER-d200.npy,ENT-HOR-19-AER-d200,ENT-HOR,ENTHOR,19,Enterobacter hormaechei hoffmannii,Enterobacter hormaechei,CLASSE (typo corrigee: ENT-HOR->ENTHOR),/home/rrekikdi/Bureau/postdoc/pseudo_image/ms1_processed_11classes/Enterobacter hormaechei/ENT-HOR-19-AER-d200.npy
/home/rrekikdi/Bureau/postdoc/pseudo_image/images_npy_ms1/2022_09_23_Validation_CITAMA_CITFAR_CITFRE_CITKOS_CITPOR_COLI_ENTASB_ENTBUG_ENTCLO_ENTHOR_ENTKOB_ENTLUD_ENTROG_100SPD-100vW_zSWATH/ENT-HOR-19-ANA-d200.npy,ENT-HOR-19-ANA-d200,ENT-HOR,ENTHOR,19,Enterobacter hormaechei hoffmannii,Enterobacter hormaechei,CLASSE (typo corrigee: ENT-HOR->ENTHOR),/home/rrekikdi/Bureau/postdoc/pseudo_image/ms1_processed_11classes/Enterobacter hormaechei/ENT-HOR-19-ANA-d200.npy
/home/rrekikdi/Bureau/postdoc/pseudo_image/images_npy_ms1/2022_09_23_Validation_CITAMA_CITFAR_CITFRE_CITKOS_CITPOR_COLI_ENTASB_ENTBUG_ENTCLO_ENTHOR_ENTKOB_ENTLUD_ENTROG_100SPD-100vW_zSWATH/ENT-HOR-20-AER-d200.npy,ENT-HOR-20-AER-d200,ENT-HOR,ENTHOR,20,Enterobacter hormaechei hoffmannii,Enterobacter hormaechei,CLASSE (typo corrigee: ENT-HOR->ENTHOR),/home/rrekikdi/Bureau/postdoc/pseudo_image/ms1_processed_11classes/Enterobacter hormaechei/ENT-HOR-20-AER-d200.npy
/home/rrekikdi/Bureau/postdoc/pseudo_image/images_npy_ms1/2022_09_23_Validation_CITAMA_CITFAR_CITFRE_CITKOS_CITPOR_COLI_ENTASB_ENTBUG_ENTCLO_ENTHOR_ENTKOB_ENTLUD_ENTROG_100SPD-100vW_zSWATH/ENT-HOR-20-ANA-d200.npy,ENT-HOR-20-ANA-d200,ENT-HOR,ENTHOR,20,Enterobacter hormaechei hoffmannii,Enterobacter hormaechei,CLASSE (typo corrigee: ENT-HOR->ENTHOR),/home/rrekikdi/Bureau/postdoc/pseudo_image/ms1_processed_11classes/Enterobacter hormaechei/ENT-HOR-20-ANA-d200.npy
/home/rrekikdi/Bureau/postdoc/pseudo_image/images_npy_ms1/2022_09_23_Validation_CITAMA_CITFAR_CITFRE_CITKOS_CITPOR_COLI_ENTASB_ENTBUG_ENTCLO_ENTHOR_ENTKOB_ENTLUD_ENTROG_100SPD-100vW_zSWATH/ENT-HOR-23-AER-d200.npy,ENT-HOR-23-AER-d200,ENT-HOR,ENTHOR,23,Enterobacter hormaechei hoffmannii,Enterobacter hormaechei,CLASSE (typo corrigee: ENT-HOR->ENTHOR),/home/rrekikdi/Bureau/postdoc/pseudo_image/ms1_processed_11classes/Enterobacter hormaechei/ENT-HOR-23-AER-d200.npy
/home/rrekikdi/Bureau/postdoc/pseudo_image/images_npy_ms1/2022_09_23_Validation_CITAMA_CITFAR_CITFRE_CITKOS_CITPOR_COLI_ENTASB_ENTBUG_ENTCLO_ENTHOR_ENTKOB_ENTLUD_ENTROG_100SPD-100vW_zSWATH/ENT-HOR-23-ANA-d200.npy,ENT-HOR-23-ANA-d200,ENT-HOR,ENTHOR,23,Enterobacter hormaechei hoffmannii,Enterobacter hormaechei,CLASSE (typo corrigee: ENT-HOR->ENTHOR),/home/rrekikdi/Bureau/postdoc/pseudo_image/ms1_processed_11classes/Enterobacter hormaechei/ENT-HOR-23-ANA-d200.npy
/home/rrekikdi/Bureau/postdoc/pseudo_image/images_npy_ms1/2022_09_23_Validation_CITAMA_CITFAR_CITFRE_CITKOS_CITPOR_COLI_ENTASB_ENTBUG_ENTCLO_ENTHOR_ENTKOB_ENTLUD_ENTROG_100SPD-100vW_zSWATH/ENT-HOR-24-AER-d200.npy,ENT-HOR-24-AER-d200,ENT-HOR,ENTHOR,24,Enterobacter hormaechei hoffmannii,Enterobacter hormaechei,CLASSE (typo corrigee: ENT-HOR->ENTHOR),/home/rrekikdi/Bureau/postdoc/pseudo_image/ms1_processed_11classes/Enterobacter hormaechei/ENT-HOR-24-AER-d200.npy
/home/rrekikdi/Bureau/postdoc/pseudo_image/images_npy_ms1/2022_09_23_Validation_CITAMA_CITFAR_CITFRE_CITKOS_CITPOR_COLI_ENTASB_ENTBUG_ENTCLO_ENTHOR_ENTKOB_ENTLUD_ENTROG_100SPD-100vW_zSWATH/ENT-HOR-24-ANA-d200.npy,ENT-HOR-24-ANA-d200,ENT-HOR,ENTHOR,24,Enterobacter hormaechei hoffmannii,Enterobacter hormaechei,CLASSE (typo corrigee: ENT-HOR->ENTHOR),/home/rrekikdi/Bureau/postdoc/pseudo_image/ms1_processed_11classes/Enterobacter hormaechei/ENT-HOR-24-ANA-d200.npy
/home/rrekikdi/Bureau/postdoc/pseudo_image/images_npy_ms1/2022_09_23_Validation_CITAMA_CITFAR_CITFRE_CITKOS_CITPOR_COLI_ENTASB_ENTBUG_ENTCLO_ENTHOR_ENTKOB_ENTLUD_ENTROG_100SPD-100vW_zSWATH/ENT-HOR-27-AER-d200.npy,ENT-HOR-27-AER-d200,ENT-HOR,ENTHOR,27,Enterobacter hormaechei hoffmannii,Enterobacter hormaechei,CLASSE (typo corrigee: ENT-HOR->ENTHOR),/home/rrekikdi/Bureau/postdoc/pseudo_image/ms1_processed_11classes/Enterobacter hormaechei/ENT-HOR-27-AER-d200.npy
/home/rrekikdi/Bureau/postdoc/pseudo_image/images_npy_ms1/2022_09_23_Validation_CITAMA_CITFAR_CITFRE_CITKOS_CITPOR_COLI_ENTASB_ENTBUG_ENTCLO_ENTHOR_ENTKOB_ENTLUD_ENTROG_100SPD-100vW_zSWATH/ENT-HOR-27-ANA-d200.npy,ENT-HOR-27-ANA-d200,ENT-HOR,ENTHOR,27,Enterobacter hormaechei hoffmannii,Enterobacter hormaechei,CLASSE (typo corrigee: ENT-HOR->ENTHOR),/home/rrekikdi/Bureau/postdoc/pseudo_image/ms1_processed_11classes/Enterobacter hormaechei/ENT-HOR-27-ANA-d200.npy
/home/rrekikdi/Bureau/postdoc/pseudo_image/images_npy_ms1/2022_09_23_Validation_CITAMA_CITFAR_CITFRE_CITKOS_CITPOR_COLI_ENTASB_ENTBUG_ENTCLO_ENTHOR_ENTKOB_ENTLUD_ENTROG_100SPD-100vW_zSWATH/ENT-HOR-28-AER-d200.npy,ENT-HOR-28-AER-d200,ENT-HOR,ENTHOR,28,Enterobacter hormaechei hoffmannii,Enterobacter hormaechei,CLASSE (typo corrigee: ENT-HOR->ENTHOR),/home/rrekikdi/Bureau/postdoc/pseudo_image/ms1_processed_11classes/Enterobacter hormaechei/ENT-HOR-28-AER-d200.npy
/home/rrekikdi/Bureau/postdoc/pseudo_image/images_npy_ms1/2022_09_23_Validation_CITAMA_CITFAR_CITFRE_CITKOS_CITPOR_COLI_ENTASB_ENTBUG_ENTCLO_ENTHOR_ENTKOB_ENTLUD_ENTROG_100SPD-100vW_zSWATH/ENT-HOR-28-ANA-d200.npy,ENT-HOR-28-ANA-d200,ENT-HOR,ENTHOR,28,Enterobacter hormaechei hoffmannii,Enterobacter hormaechei,CLASSE (typo corrigee: ENT-HOR->ENTHOR),/home/rrekikdi/Bureau/postdoc/pseudo_image/ms1_processed_11classes/Enterobacter hormaechei/ENT-HOR-28-ANA-d200.npy
/home/rrekikdi/Bureau/postdoc/pseudo_image/images_npy_ms1/2022_09_23_Validation_CITAMA_CITFAR_CITFRE_CITKOS_CITPOR_COLI_ENTASB_ENTBUG_ENTCLO_ENTHOR_ENTKOB_ENTLUD_ENTROG_100SPD-100vW_zSWATH/ENT-HOR-30-AER-d200.npy,ENT-HOR-30-AER-d200,ENT-HOR,ENTHOR,30,Enterobacter hormaechei hormaechei,Enterobacter hormaechei,CLASSE (typo corrigee: ENT-HOR->ENTHOR),/home/rrekikdi/Bureau/postdoc/pseudo_image/ms1_processed_11classes/Enterobacter hormaechei/ENT-HOR-30-AER-d200.npy
/home/rrekikdi/Bureau/postdoc/pseudo_image/images_npy_ms1/2022_09_23_Validation_CITAMA_CITFAR_CITFRE_CITKOS_CITPOR_COLI_ENTASB_ENTBUG_ENTCLO_ENTHOR_ENTKOB_ENTLUD_ENTROG_100SPD-100vW_zSWATH/ENT-HOR-30-ANA-d200.npy,ENT-HOR-30-ANA-d200,ENT-HOR,ENTHOR,30,Enterobacter hormaechei hormaechei,Enterobacter hormaechei,CLASSE (typo corrigee: ENT-HOR->ENTHOR),/home/rrekikdi/Bureau/postdoc/pseudo_image/ms1_processed_11classes/Enterobacter hormaechei/ENT-HOR-30-ANA-d200.npy
/home/rrekikdi/Bureau/postdoc/pseudo_image/images_npy_ms1/2022_09_23_Validation_CITAMA_CITFAR_CITFRE_CITKOS_CITPOR_COLI_ENTASB_ENTBUG_ENTCLO_ENTHOR_ENTKOB_ENTLUD_ENTROG_100SPD-100vW_zSWATH/ENT-HOR-33-AER-d200.npy,ENT-HOR-33-AER-d200,ENT-HOR,ENTHOR,33,Enterobacter hormaechei oharae,Enterobacter hormaechei,CLASSE (typo corrigee: ENT-HOR->ENTHOR),/home/rrekikdi/Bureau/postdoc/pseudo_image/ms1_processed_11classes/Enterobacter hormaechei/ENT-HOR-33-AER-d200.npy
/home/rrekikdi/Bureau/postdoc/pseudo_image/images_npy_ms1/2022_09_23_Validation_CITAMA_CITFAR_CITFRE_CITKOS_CITPOR_COLI_ENTASB_ENTBUG_ENTCLO_ENTHOR_ENTKOB_ENTLUD_ENTROG_100SPD-100vW_zSWATH/ENT-HOR-33-ANA-d200.npy,ENT-HOR-33-ANA-d200,ENT-HOR,ENTHOR,33,Enterobacter hormaechei oharae,Enterobacter hormaechei,CLASSE (typo corrigee: ENT-HOR->ENTHOR),/home/rrekikdi/Bureau/postdoc/pseudo_image/ms1_processed_11classes/Enterobacter hormaechei/ENT-HOR-33-ANA-d200.npy
/home/rrekikdi/Bureau/postdoc/pseudo_image/images_npy_ms1/2022_09_23_Validation_CITAMA_CITFAR_CITFRE_CITKOS_CITPOR_COLI_ENTASB_ENTBUG_ENTCLO_ENTHOR_ENTKOB_ENTLUD_ENTROG_100SPD-100vW_zSWATH/ENT-HOR-34-AER-d200.npy,ENT-HOR-34-AER-d200,ENT-HOR,ENTHOR,34,Enterobacter hormaechei oharae,Enterobacter hormaechei,CLASSE (typo corrigee: ENT-HOR->ENTHOR),/home/rrekikdi/Bureau/postdoc/pseudo_image/ms1_processed_11classes/Enterobacter hormaechei/ENT-HOR-34-AER-d200.npy
/home/rrekikdi/Bureau/postdoc/pseudo_image/images_npy_ms1/2022_09_23_Validation_CITAMA_CITFAR_CITFRE_CITKOS_CITPOR_COLI_ENTASB_ENTBUG_ENTCLO_ENTHOR_ENTKOB_ENTLUD_ENTROG_100SPD-100vW_zSWATH/ENT-HOR-34-ANA-d200.npy,ENT-HOR-34-ANA-d200,ENT-HOR,ENTHOR,34,Enterobacter hormaechei oharae,Enterobacter hormaechei,CLASSE (typo corrigee: ENT-HOR->ENTHOR),/home/rrekikdi/Bureau/postdoc/pseudo_image/ms1_processed_11classes/Enterobacter hormaechei/ENT-HOR-34-ANA-d200.npy
/home/rrekikdi/Bureau/postdoc/pseudo_image/images_npy_ms1/2022_09_23_Validation_CITAMA_CITFAR_CITFRE_CITKOS_CITPOR_COLI_ENTASB_ENTBUG_ENTCLO_ENTHOR_ENTKOB_ENTLUD_ENTROG_100SPD-100vW_zSWATH/ENT-HOR-35-AER-d200.npy,ENT-HOR-35-AER-d200,ENT-HOR,ENTHOR,35,Enterobacter hormaechei oharae,Enterobacter hormaechei,CLASSE (typo corrigee: ENT-HOR->ENTHOR),/home/rrekikdi/Bureau/postdoc/pseudo_image/ms1_processed_11classes/Enterobacter hormaechei/ENT-HOR-35-AER-d200.npy
/home/rrekikdi/Bureau/postdoc/pseudo_image/images_npy_ms1/2022_09_23_Validation_CITAMA_CITFAR_CITFRE_CITKOS_CITPOR_COLI_ENTASB_ENTBUG_ENTCLO_ENTHOR_ENTKOB_ENTLUD_ENTROG_100SPD-100vW_zSWATH/ENT-HOR-35-ANA-d200.npy,ENT-HOR-35-ANA-d200,ENT-HOR,ENTHOR,35,Enterobacter hormaechei oharae,Enterobacter hormaechei,CLASSE (typo corrigee: ENT-HOR->ENTHOR),/home/rrekikdi/Bureau/postdoc/pseudo_image/ms1_processed_11classes/Enterobacter hormaechei/ENT-HOR-35-ANA-d200.npy
/home/rrekikdi/Bureau/postdoc/pseudo_image/images_npy_ms1/2022_09_23_Validation_CITAMA_CITFAR_CITFRE_CITKOS_CITPOR_COLI_ENTASB_ENTBUG_ENTCLO_ENTHOR_ENTKOB_ENTLUD_ENTROG_100SPD-100vW_zSWATH/ENT-HOR-37-AER-d200.npy,ENT-HOR-37-AER-d200,ENT-HOR,ENTHOR,37,Enterobacter hormaechei oharae,Enterobacter hormaechei,CLASSE (typo corrigee: ENT-HOR->ENTHOR),/home/rrekikdi/Bureau/postdoc/pseudo_image/ms1_processed_11classes/Enterobacter hormaechei/ENT-HOR-37-AER-d200.npy
/home/rrekikdi/Bureau/postdoc/pseudo_image/images_npy_ms1/2022_09_23_Validation_CITAMA_CITFAR_CITFRE_CITKOS_CITPOR_COLI_ENTASB_ENTBUG_ENTCLO_ENTHOR_ENTKOB_ENTLUD_ENTROG_100SPD-100vW_zSWATH/ENT-HOR-37-ANA-d200.npy,ENT-HOR-37-ANA-d200,ENT-HOR,ENTHOR,37,Enterobacter hormaechei oharae,Enterobacter hormaechei,CLASSE (typo corrigee: ENT-HOR->ENTHOR),/home/rrekikdi/Bureau/postdoc/pseudo_image/ms1_processed_11classes/Enterobacter hormaechei/ENT-HOR-37-ANA-d200.npy
/home/rrekikdi/Bureau/postdoc/pseudo_image/images_npy_ms1/2022_09_23_Validation_CITAMA_CITFAR_CITFRE_CITKOS_CITPOR_COLI_ENTASB_ENTBUG_ENTCLO_ENTHOR_ENTKOB_ENTLUD_ENTROG_100SPD-100vW_zSWATH/ENT-HOR-38-AER-d200.npy,ENT-HOR-38-AER-d200,ENT-HOR,ENTHOR,38,Enterobacter hormaechei steigerwaltii,Enterobacter hormaechei,CLASSE (typo corrigee: ENT-HOR->ENTHOR),/home/rrekikdi/Bureau/postdoc/pseudo_image/ms1_processed_11classes/Enterobacter hormaechei/ENT-HOR-38-AER-d200.npy
/home/rrekikdi/Bureau/postdoc/pseudo_image/images_npy_ms1/2022_09_23_Validation_CITAMA_CITFAR_CITFRE_CITKOS_CITPOR_COLI_ENTASB_ENTBUG_ENTCLO_ENTHOR_ENTKOB_ENTLUD_ENTROG_100SPD-100vW_zSWATH/ENT-HOR-38-ANA-d200.npy,ENT-HOR-38-ANA-d200,ENT-HOR,ENTHOR,38,Enterobacter hormaechei steigerwaltii,Enterobacter hormaechei,CLASSE (typo corrigee: ENT-HOR->ENTHOR),/home/rrekikdi/Bureau/postdoc/pseudo_image/ms1_processed_11classes/Enterobacter hormaechei/ENT-HOR-38-ANA-d200.npy
/home/rrekikdi/Bureau/postdoc/pseudo_image/images_npy_ms1/2022_09_23_Validation_CITAMA_CITFAR_CITFRE_CITKOS_CITPOR_COLI_ENTASB_ENTBUG_ENTCLO_ENTHOR_ENTKOB_ENTLUD_ENTROG_100SPD-100vW_zSWATH/ENT-HOR-39-AER-d200.npy,ENT-HOR-39-AER-d200,ENT-HOR,ENTHOR,39,Enterobacter hormaechei steigerwaltii,Enterobacter hormaechei,CLASSE (typo corrigee: ENT-HOR->ENTHOR),/home/rrekikdi/Bureau/postdoc/pseudo_image/ms1_processed_11classes/Enterobacter hormaechei/ENT-HOR-39-AER-d200.npy
/home/rrekikdi/Bureau/postdoc/pseudo_image/images_npy_ms1/2022_09_23_Validation_CITAMA_CITFAR_CITFRE_CITKOS_CITPOR_COLI_ENTASB_ENTBUG_ENTCLO_ENTHOR_ENTKOB_ENTLUD_ENTROG_100SPD-100vW_zSWATH/ENT-HOR-39-ANA-d200.npy,ENT-HOR-39-ANA-d200,ENT-HOR,ENTHOR,39,Enterobacter hormaechei steigerwaltii,Enterobacter hormaechei,CLASSE (typo corrigee: ENT-HOR->ENTHOR),/home/rrekikdi/Bureau/postdoc/pseudo_image/ms1_processed_11classes/Enterobacter hormaechei/ENT-HOR-39-ANA-d200.npy
/home/rrekikdi/Bureau/postdoc/pseudo_image/images_npy_ms1/2022_09_23_Validation_CITAMA_CITFAR_CITFRE_CITKOS_CITPOR_COLI_ENTASB_ENTBUG_ENTCLO_ENTHOR_ENTKOB_ENTLUD_ENTROG_100SPD-100vW_zSWATH/ENT-HOR-47-AER-d200.npy,ENT-HOR-47-AER-d200,ENT-HOR,ENTHOR,47,Enterobacter hormaechei steigerwaltii,Enterobacter hormaechei,CLASSE (typo corrigee: ENT-HOR->ENTHOR),/home/rrekikdi/Bureau/postdoc/pseudo_image/ms1_processed_11classes/Enterobacter hormaechei/ENT-HOR-47-AER-d200.npy
/home/rrekikdi/Bureau/postdoc/pseudo_image/images_npy_ms1/2022_09_23_Validation_CITAMA_CITFAR_CITFRE_CITKOS_CITPOR_COLI_ENTASB_ENTBUG_ENTCLO_ENTHOR_ENTKOB_ENTLUD_ENTROG_100SPD-100vW_zSWATH/ENT-HOR-47-ANA-d200.npy,ENT-HOR-47-ANA-d200,ENT-HOR,ENTHOR,47,Enterobacter hormaechei steigerwaltii,Enterobacter hormaechei,CLASSE (typo corrigee: ENT-HOR->ENTHOR),/home/rrekikdi/Bureau/postdoc/pseudo_image/ms1_processed_11classes/Enterobacter hormaechei/ENT-HOR-47-ANA-d200.npy
/home/rrekikdi/Bureau/postdoc/pseudo_image/images_npy_ms1/2022_09_23_Validation_CITAMA_CITFAR_CITFRE_CITKOS_CITPOR_COLI_ENTASB_ENTBUG_ENTCLO_ENTHOR_ENTKOB_ENTLUD_ENTROG_100SPD-100vW_zSWATH/ENT-HOR-49-AER-d200.npy,ENT-HOR-49-AER-d200,ENT-HOR,ENTHOR,49,Enterobacter hormaechei steigerwaltii,Enterobacter hormaechei,CLASSE (typo corrigee: ENT-HOR->ENTHOR),/home/rrekikdi/Bureau/postdoc/pseudo_image/ms1_processed_11classes/Enterobacter hormaechei/ENT-HOR-49-AER-d200.npy
/home/rrekikdi/Bureau/postdoc/pseudo_image/images_npy_ms1/2022_09_23_Validation_CITAMA_CITFAR_CITFRE_CITKOS_CITPOR_COLI_ENTASB_ENTBUG_ENTCLO_ENTHOR_ENTKOB_ENTLUD_ENTROG_100SPD-100vW_zSWATH/ENT-HOR-49-ANA-d200.npy,ENT-HOR-49-ANA-d200,ENT-HOR,ENTHOR,49,Enterobacter hormaechei steigerwaltii,Enterobacter hormaechei,CLASSE (typo corrigee: ENT-HOR->ENTHOR),/home/rrekikdi/Bureau/postdoc/pseudo_image/ms1_processed_11classes/Enterobacter hormaechei/ENT-HOR-49-ANA-d200.npy
/home/rrekikdi/Bureau/postdoc/pseudo_image/images_npy_ms1/2022_09_23_Validation_CITAMA_CITFAR_CITFRE_CITKOS_CITPOR_COLI_ENTASB_ENTBUG_ENTCLO_ENTHOR_ENTKOB_ENTLUD_ENTROG_100SPD-100vW_zSWATH/ENT-HOR-50-AER-d200.npy,ENT-HOR-50-AER-d200,ENT-HOR,ENTHOR,50,Enterobacter hormaechei steigerwaltii,Enterobacter hormaechei,CLASSE (typo corrigee: ENT-HOR->ENTHOR),/home/rrekikdi/Bureau/postdoc/pseudo_image/ms1_processed_11classes/Enterobacter hormaechei/ENT-HOR-50-AER-d200.npy
/home/rrekikdi/Bureau/postdoc/pseudo_image/images_npy_ms1/2022_09_23_Validation_CITAMA_CITFAR_CITFRE_CITKOS_CITPOR_COLI_ENTASB_ENTBUG_ENTCLO_ENTHOR_ENTKOB_ENTLUD_ENTROG_100SPD-100vW_zSWATH/ENT-HOR-50-ANA-d200.npy,ENT-HOR-50-ANA-d200,ENT-HOR,ENTHOR,50,Enterobacter hormaechei steigerwaltii,Enterobacter hormaechei,CLASSE (typo corrigee: ENT-HOR->ENTHOR),/home/rrekikdi/Bureau/postdoc/pseudo_image/ms1_processed_11classes/Enterobacter hormaechei/ENT-HOR-50-ANA-d200.npy
/home/rrekikdi/Bureau/postdoc/pseudo_image/images_npy_ms1/2022_09_23_Validation_CITAMA_CITFAR_CITFRE_CITKOS_CITPOR_COLI_ENTASB_ENTBUG_ENTCLO_ENTHOR_ENTKOB_ENTLUD_ENTROG_100SPD-100vW_zSWATH/ENT-HOR-51-AER-d200.npy,ENT-HOR-51-AER-d200,ENT-HOR,ENTHOR,51,Enterobacter hormaechei steigerwaltii,Enterobacter hormaechei,CLASSE (typo corrigee: ENT-HOR->ENTHOR),/home/rrekikdi/Bureau/postdoc/pseudo_image/ms1_processed_11classes/Enterobacter hormaechei/ENT-HOR-51-AER-d200.npy
/home/rrekikdi/Bureau/postdoc/pseudo_image/images_npy_ms1/2022_09_23_Validation_CITAMA_CITFAR_CITFRE_CITKOS_CITPOR_COLI_ENTASB_ENTBUG_ENTCLO_ENTHOR_ENTKOB_ENTLUD_ENTROG_100SPD-100vW_zSWATH/ENT-HOR-51-ANA-d200.npy,ENT-HOR-51-ANA-d200,ENT-HOR,ENTHOR,51,Enterobacter hormaechei steigerwaltii,Enterobacter hormaechei,CLASSE (typo corrigee: ENT-HOR->ENTHOR),/home/rrekikdi/Bureau/postdoc/pseudo_image/ms1_processed_11classes/Enterobacter hormaechei/ENT-HOR-51-ANA-d200.npy
/home/rrekikdi/Bureau/postdoc/pseudo_image/images_npy_ms1/2022_09_23_Validation_CITAMA_CITFAR_CITFRE_CITKOS_CITPOR_COLI_ENTASB_ENTBUG_ENTCLO_ENTHOR_ENTKOB_ENTLUD_ENTROG_100SPD-100vW_zSWATH/ENT-HOR-53-AER-d200.npy,ENT-HOR-53-AER-d200,ENT-HOR,ENTHOR,53,Enterobacter hormaechei steigerwaltii,Enterobacter hormaechei,CLASSE (typo corrigee: ENT-HOR->ENTHOR),/home/rrekikdi/Bureau/postdoc/pseudo_image/ms1_processed_11classes/Enterobacter hormaechei/ENT-HOR-53-AER-d200.npy
/home/rrekikdi/Bureau/postdoc/pseudo_image/images_npy_ms1/2022_09_23_Validation_CITAMA_CITFAR_CITFRE_CITKOS_CITPOR_COLI_ENTASB_ENTBUG_ENTCLO_ENTHOR_ENTKOB_ENTLUD_ENTROG_100SPD-100vW_zSWATH/ENT-HOR-53-ANA-d200.npy,ENT-HOR-53-ANA-d200,ENT-HOR,ENTHOR,53,Enterobacter hormaechei steigerwaltii,Enterobacter hormaechei,CLASSE (typo corrigee: ENT-HOR->ENTHOR),/home/rrekikdi/Bureau/postdoc/pseudo_image/ms1_processed_11classes/Enterobacter hormaechei/ENT-HOR-53-ANA-d200.npy
/home/rrekikdi/Bureau/postdoc/pseudo_image/images_npy_ms1/2022_09_23_Validation_CITAMA_CITFAR_CITFRE_CITKOS_CITPOR_COLI_ENTASB_ENTBUG_ENTCLO_ENTHOR_ENTKOB_ENTLUD_ENTROG_100SPD-100vW_zSWATH/ENT-HOR-54-AER-d200.npy,ENT-HOR-54-AER-d200,ENT-HOR,ENTHOR,54,Enterobacter hormaechei steigerwaltii,Enterobacter hormaechei,CLASSE (typo corrigee: ENT-HOR->ENTHOR),/home/rrekikdi/Bureau/postdoc/pseudo_image/ms1_processed_11classes/Enterobacter hormaechei/ENT-HOR-54-AER-d200.npy
/home/rrekikdi/Bureau/postdoc/pseudo_image/images_npy_ms1/2022_09_23_Validation_CITAMA_CITFAR_CITFRE_CITKOS_CITPOR_COLI_ENTASB_ENTBUG_ENTCLO_ENTHOR_ENTKOB_ENTLUD_ENTROG_100SPD-100vW_zSWATH/ENT-HOR-54-ANA-d200.npy,ENT-HOR-54-ANA-d200,ENT-HOR,ENTHOR,54,Enterobacter hormaechei steigerwaltii,Enterobacter hormaechei,CLASSE (typo corrigee: ENT-HOR->ENTHOR),/home/rrekikdi/Bureau/postdoc/pseudo_image/ms1_processed_11classes/Enterobacter hormaechei/ENT-HOR-54-ANA-d200.npy
/home/rrekikdi/Bureau/postdoc/pseudo_image/images_npy_ms1/2022_09_23_Validation_CITAMA_CITFAR_CITFRE_CITKOS_CITPOR_COLI_ENTASB_ENTBUG_ENTCLO_ENTHOR_ENTKOB_ENTLUD_ENTROG_100SPD-100vW_zSWATH/ENT-HOR-59-AER-d200.npy,ENT-HOR-59-AER-d200,ENT-HOR,ENTHOR,59,Enterobacter hormaechei steigerwaltii,Enterobacter hormaechei,CLASSE (typo corrigee: ENT-HOR->ENTHOR),/home/rrekikdi/Bureau/postdoc/pseudo_image/ms1_processed_11classes/Enterobacter hormaechei/ENT-HOR-59-AER-d200.npy
/home/rrekikdi/Bureau/postdoc/pseudo_image/images_npy_ms1/2022_09_23_Validation_CITAMA_CITFAR_CITFRE_CITKOS_CITPOR_COLI_ENTASB_ENTBUG_ENTCLO_ENTHOR_ENTKOB_ENTLUD_ENTROG_100SPD-100vW_zSWATH/ENT-HOR-59-ANA-d200.npy,ENT-HOR-59-ANA-d200,ENT-HOR,ENTHOR,59,Enterobacter hormaechei steigerwaltii,Enterobacter hormaechei,CLASSE (typo corrigee: ENT-HOR->ENTHOR),/home/rrekikdi/Bureau/postdoc/pseudo_image/ms1_processed_11classes/Enterobacter hormaechei/ENT-HOR-59-ANA-d200.npy
/home/rrekikdi/Bureau/postdoc/pseudo_image/images_npy_ms1/2022_09_23_Validation_CITAMA_CITFAR_CITFRE_CITKOS_CITPOR_COLI_ENTASB_ENTBUG_ENTCLO_ENTHOR_ENTKOB_ENTLUD_ENTROG_100SPD-100vW_zSWATH/ENT-HOR-6-AER-d200.npy,ENT-HOR-6-AER-d200,ENT-HOR,ENTHOR,6,Enterobacter hormaechei hoffmannii,Enterobacter hormaechei,CLASSE (typo corrigee: ENT-HOR->ENTHOR),/home/rrekikdi/Bureau/postdoc/pseudo_image/ms1_processed_11classes/Enterobacter hormaechei/ENT-HOR-6-AER-d200.npy
/home/rrekikdi/Bureau/postdoc/pseudo_image/images_npy_ms1/2022_09_23_Validation_CITAMA_CITFAR_CITFRE_CITKOS_CITPOR_COLI_ENTASB_ENTBUG_ENTCLO_ENTHOR_ENTKOB_ENTLUD_ENTROG_100SPD-100vW_zSWATH/ENT-HOR-6-ANA-d200.npy,ENT-HOR-6-ANA-d200,ENT-HOR,ENTHOR,6,Enterobacter hormaechei hoffmannii,Enterobacter hormaechei,CLASSE (typo corrigee: ENT-HOR->ENTHOR),/home/rrekikdi/Bureau/postdoc/pseudo_image/ms1_processed_11classes/Enterobacter hormaechei/ENT-HOR-6-ANA-d200.npy
/home/rrekikdi/Bureau/postdoc/pseudo_image/images_npy_ms1/2022_09_23_Validation_CITAMA_CITFAR_CITFRE_CITKOS_CITPOR_COLI_ENTASB_ENTBUG_ENTCLO_ENTHOR_ENTKOB_ENTLUD_ENTROG_100SPD-100vW_zSWATH/ENT-HOR-60-AER-d200.npy,ENT-HOR-60-AER-d200,ENT-HOR,ENTHOR,60,Enterobacter hormaechei steigerwaltii,Enterobacter hormaechei,CLASSE (typo corrigee: ENT-HOR->ENTHOR),/home/rrekikdi/Bureau/postdoc/pseudo_image/ms1_processed_11classes/Enterobacter hormaechei/ENT-HOR-60-AER-d200.npy
/home/rrekikdi/Bureau/postdoc/pseudo_image/images_npy_ms1/2022_09_23_Validation_CITAMA_CITFAR_CITFRE_CITKOS_CITPOR_COLI_ENTASB_ENTBUG_ENTCLO_ENTHOR_ENTKOB_ENTLUD_ENTROG_100SPD-100vW_zSWATH/ENT-HOR-60-ANA-d200.npy,ENT-HOR-60-ANA-d200,ENT-HOR,ENTHOR,60,Enterobacter hormaechei steigerwaltii,Enterobacter hormaechei,CLASSE (typo corrigee: ENT-HOR->ENTHOR),/home/rrekikdi/Bureau/postdoc/pseudo_image/ms1_processed_11classes/Enterobacter hormaechei/ENT-HOR-60-ANA-d200.npy
/home/rrekikdi/Bureau/postdoc/pseudo_image/images_npy_ms1/2022_09_23_Validation_CITAMA_CITFAR_CITFRE_CITKOS_CITPOR_COLI_ENTASB_ENTBUG_ENTCLO_ENTHOR_ENTKOB_ENTLUD_ENTROG_100SPD-100vW_zSWATH/ENT-HOR-62-AER-d200.npy,ENT-HOR-62-AER-d200,ENT-HOR,ENTHOR,62,Enterobacter hormaechei steigerwaltii,Enterobacter hormaechei,CLASSE (typo corrigee: ENT-HOR->ENTHOR),/home/rrekikdi/Bureau/postdoc/pseudo_image/ms1_processed_11classes/Enterobacter hormaechei/ENT-HOR-62-AER-d200.npy
/home/rrekikdi/Bureau/postdoc/pseudo_image/images_npy_ms1/2022_09_23_Validation_CITAMA_CITFAR_CITFRE_CITKOS_CITPOR_COLI_ENTASB_ENTBUG_ENTCLO_ENTHOR_ENTKOB_ENTLUD_ENTROG_100SPD-100vW_zSWATH/ENT-HOR-62-ANA-d200.npy,ENT-HOR-62-ANA-d200,ENT-HOR,ENTHOR,62,Enterobacter hormaechei steigerwaltii,Enterobacter hormaechei,CLASSE (typo corrigee: ENT-HOR->ENTHOR),/home/rrekikdi/Bureau/postdoc/pseudo_image/ms1_processed_11classes/Enterobacter hormaechei/ENT-HOR-62-ANA-d200.npy
/home/rrekikdi/Bureau/postdoc/pseudo_image/images_npy_ms1/2022_09_23_Validation_CITAMA_CITFAR_CITFRE_CITKOS_CITPOR_COLI_ENTASB_ENTBUG_ENTCLO_ENTHOR_ENTKOB_ENTLUD_ENTROG_100SPD-100vW_zSWATH/ENT-HOR-69-AER-d200.npy,ENT-HOR-69-AER-d200,ENT-HOR,ENTHOR,69,Enterobacter hormaechei xiangfangensis,Enterobacter hormaechei,CLASSE (typo corrigee: ENT-HOR->ENTHOR),/home/rrekikdi/Bureau/postdoc/pseudo_image/ms1_processed_11classes/Enterobacter hormaechei/ENT-HOR-69-AER-d200.npy
/home/rrekikdi/Bureau/postdoc/pseudo_image/images_npy_ms1/2022_09_23_Validation_CITAMA_CITFAR_CITFRE_CITKOS_CITPOR_COLI_ENTASB_ENTBUG_ENTCLO_ENTHOR_ENTKOB_ENTLUD_ENTROG_100SPD-100vW_zSWATH/ENT-HOR-69-ANA-d200.npy,ENT-HOR-69-ANA-d200,ENT-HOR,ENTHOR,69,Enterobacter hormaechei xiangfangensis,Enterobacter hormaechei,CLASSE (typo corrigee: ENT-HOR->ENTHOR),/home/rrekikdi/Bureau/postdoc/pseudo_image/ms1_processed_11classes/Enterobacter hormaechei/ENT-HOR-69-ANA-d200.npy
/home/rrekikdi/Bureau/postdoc/pseudo_image/images_npy_ms1/2022_09_23_Validation_CITAMA_CITFAR_CITFRE_CITKOS_CITPOR_COLI_ENTASB_ENTBUG_ENTCLO_ENTHOR_ENTKOB_ENTLUD_ENTROG_100SPD-100vW_zSWATH/ENT-HOR-7-AER-d200.npy,ENT-HOR-7-AER-d200,ENT-HOR,ENTHOR,7,Enterobacter hormaechei hoffmannii,Enterobacter hormaechei,CLASSE (typo corrigee: ENT-HOR->ENTHOR),/home/rrekikdi/Bureau/postdoc/pseudo_image/ms1_processed_11classes/Enterobacter hormaechei/ENT-HOR-7-AER-d200.npy
/home/rrekikdi/Bureau/postdoc/pseudo_image/images_npy_ms1/2022_09_23_Validation_CITAMA_CITFAR_CITFRE_CITKOS_CITPOR_COLI_ENTASB_ENTBUG_ENTCLO_ENTHOR_ENTKOB_ENTLUD_ENTROG_100SPD-100vW_zSWATH/ENT-HOR-7-ANA-d200.npy,ENT-HOR-7-ANA-d200,ENT-HOR,ENTHOR,7,Enterobacter hormaechei hoffmannii,Enterobacter hormaechei,CLASSE (typo corrigee: ENT-HOR->ENTHOR),/home/rrekikdi/Bureau/postdoc/pseudo_image/ms1_processed_11classes/Enterobacter hormaechei/ENT-HOR-7-ANA-d200.npy
/home/rrekikdi/Bureau/postdoc/pseudo_image/images_npy_ms1/2022_09_23_Validation_CITAMA_CITFAR_CITFRE_CITKOS_CITPOR_COLI_ENTASB_ENTBUG_ENTCLO_ENTHOR_ENTKOB_ENTLUD_ENTROG_100SPD-100vW_zSWATH/ENT-HOR-70-AER-d200.npy,ENT-HOR-70-AER-d200,ENT-HOR,ENTHOR,70,Enterobacter hormaechei xiangfangensis,Enterobacter hormaechei,CLASSE (typo corrigee: ENT-HOR->ENTHOR),/home/rrekikdi/Bureau/postdoc/pseudo_image/ms1_processed_11classes/Enterobacter hormaechei/ENT-HOR-70-AER-d200.npy
/home/rrekikdi/Bureau/postdoc/pseudo_image/images_npy_ms1/2022_09_23_Validation_CITAMA_CITFAR_CITFRE_CITKOS_CITPOR_COLI_ENTASB_ENTBUG_ENTCLO_ENTHOR_ENTKOB_ENTLUD_ENTROG_100SPD-100vW_zSWATH/ENT-HOR-70-ANA-d200.npy,ENT-HOR-70-ANA-d200,ENT-HOR,ENTHOR,70,Enterobacter hormaechei xiangfangensis,Enterobacter hormaechei,CLASSE (typo corrigee: ENT-HOR->ENTHOR),/home/rrekikdi/Bureau/postdoc/pseudo_image/ms1_processed_11classes/Enterobacter hormaechei/ENT-HOR-70-ANA-d200.npy
/home/rrekikdi/Bureau/postdoc/pseudo_image/images_npy_ms1/2022_09_23_Validation_CITAMA_CITFAR_CITFRE_CITKOS_CITPOR_COLI_ENTASB_ENTBUG_ENTCLO_ENTHOR_ENTKOB_ENTLUD_ENTROG_100SPD-100vW_zSWATH/ENT-HOR-77-AER-d200.npy,ENT-HOR-77-AER-d200,ENT-HOR,ENTHOR,77,Enterobacter hormaechei xiangfangensis,Enterobacter hormaechei,CLASSE (typo corrigee: ENT-HOR->ENTHOR),/home/rrekikdi/Bureau/postdoc/pseudo_image/ms1_processed_11classes/Enterobacter hormaechei/ENT-HOR-77-AER-d200.npy
/home/rrekikdi/Bureau/postdoc/pseudo_image/images_npy_ms1/2022_09_23_Validation_CITAMA_CITFAR_CITFRE_CITKOS_CITPOR_COLI_ENTASB_ENTBUG_ENTCLO_ENTHOR_ENTKOB_ENTLUD_ENTROG_100SPD-100vW_zSWATH/ENT-HOR-77-ANA-d200.npy,ENT-HOR-77-ANA-d200,ENT-HOR,ENTHOR,77,Enterobacter hormaechei xiangfangensis,Enterobacter hormaechei,CLASSE (typo corrigee: ENT-HOR->ENTHOR),/home/rrekikdi/Bureau/postdoc/pseudo_image/ms1_processed_11classes/Enterobacter hormaechei/ENT-HOR-77-ANA-d200.npy
/home/rrekikdi/Bureau/postdoc/pseudo_image/images_npy_ms1/2022_09_23_Validation_CITAMA_CITFAR_CITFRE_CITKOS_CITPOR_COLI_ENTASB_ENTBUG_ENTCLO_ENTHOR_ENTKOB_ENTLUD_ENTROG_100SPD-100vW_zSWATH/ENT-HOR-8-AER-d200.npy,ENT-HOR-8-AER-d200,ENT-HOR,ENTHOR,8,Enterobacter hormaechei hoffmannii,Enterobacter hormaechei,CLASSE (typo corrigee: ENT-HOR->ENTHOR),/home/rrekikdi/Bureau/postdoc/pseudo_image/ms1_processed_11classes/Enterobacter hormaechei/ENT-HOR-8-AER-d200.npy
/home/rrekikdi/Bureau/postdoc/pseudo_image/images_npy_ms1/2022_09_23_Validation_CITAMA_CITFAR_CITFRE_CITKOS_CITPOR_COLI_ENTASB_ENTBUG_ENTCLO_ENTHOR_ENTKOB_ENTLUD_ENTROG_100SPD-100vW_zSWATH/ENT-HOR-8-ANA-d200.npy,ENT-HOR-8-ANA-d200,ENT-HOR,ENTHOR,8,Enterobacter hormaechei hoffmannii,Enterobacter hormaechei,CLASSE (typo corrigee: ENT-HOR->ENTHOR),/home/rrekikdi/Bureau/postdoc/pseudo_image/ms1_processed_11classes/Enterobacter hormaechei/ENT-HOR-8-ANA-d200.npy
/home/rrekikdi/Bureau/postdoc/pseudo_image/images_npy_ms1/2022_09_23_Validation_CITAMA_CITFAR_CITFRE_CITKOS_CITPOR_COLI_ENTASB_ENTBUG_ENTCLO_ENTHOR_ENTKOB_ENTLUD_ENTROG_100SPD-100vW_zSWATH/ENT-HOR-81-AER-d200.npy,ENT-HOR-81-AER-d200,ENT-HOR,ENTHOR,81,Enterobacter hormaechei xiangfangensis,Enterobacter hormaechei,CLASSE (typo corrigee: ENT-HOR->ENTHOR),/home/rrekikdi/Bureau/postdoc/pseudo_image/ms1_processed_11classes/Enterobacter hormaechei/ENT-HOR-81-AER-d200.npy
/home/rrekikdi/Bureau/postdoc/pseudo_image/images_npy_ms1/2022_09_23_Validation_CITAMA_CITFAR_CITFRE_CITKOS_CITPOR_COLI_ENTASB_ENTBUG_ENTCLO_ENTHOR_ENTKOB_ENTLUD_ENTROG_100SPD-100vW_zSWATH/ENT-HOR-81-ANA-d200.npy,ENT-HOR-81-ANA-d200,ENT-HOR,ENTHOR,81,Enterobacter hormaechei xiangfangensis,Enterobacter hormaechei,CLASSE (typo corrigee: ENT-HOR->ENTHOR),/home/rrekikdi/Bureau/postdoc/pseudo_image/ms1_processed_11classes/Enterobacter hormaechei/ENT-HOR-81-ANA-d200.npy
/home/rrekikdi/Bureau/postdoc/pseudo_image/images_npy_ms1/2022_09_23_Validation_CITAMA_CITFAR_CITFRE_CITKOS_CITPOR_COLI_ENTASB_ENTBUG_ENTCLO_ENTHOR_ENTKOB_ENTLUD_ENTROG_100SPD-100vW_zSWATH/ENT-HOR-82-AER-d200.npy,ENT-HOR-82-AER-d200,ENT-HOR,ENTHOR,82,Enterobacter hormaechei xiangfangensis,Enterobacter hormaechei,CLASSE (typo corrigee: ENT-HOR->ENTHOR),/home/rrekikdi/Bureau/postdoc/pseudo_image/ms1_processed_11classes/Enterobacter hormaechei/ENT-HOR-82-AER-d200.npy
/home/rrekikdi/Bureau/postdoc/pseudo_image/images_npy_ms1/2022_09_23_Validation_CITAMA_CITFAR_CITFRE_CITKOS_CITPOR_COLI_ENTASB_ENTBUG_ENTCLO_ENTHOR_ENTKOB_ENTLUD_ENTROG_100SPD-100vW_zSWATH/ENT-HOR-82-ANA-d200.npy,ENT-HOR-82-ANA-d200,ENT-HOR,ENTHOR,82,Enterobacter hormaechei xiangfangensis,Enterobacter hormaechei,CLASSE (typo corrigee: ENT-HOR->ENTHOR),/home/rrekikdi/Bureau/postdoc/pseudo_image/ms1_processed_11classes/Enterobacter hormaechei/ENT-HOR-82-ANA-d200.npy
/home/rrekikdi/Bureau/postdoc/pseudo_image/images_npy_ms1/2022_09_23_Validation_CITAMA_CITFAR_CITFRE_CITKOS_CITPOR_COLI_ENTASB_ENTBUG_ENTCLO_ENTHOR_ENTKOB_ENTLUD_ENTROG_100SPD-100vW_zSWATH/ENT-HOR-83-AER-d200.npy,ENT-HOR-83-AER-d200,ENT-HOR,ENTHOR,83,Enterobacter hormaechei xiangfangensis,Enterobacter hormaechei,CLASSE (typo corrigee: ENT-HOR->ENTHOR),/home/rrekikdi/Bureau/postdoc/pseudo_image/ms1_processed_11classes/Enterobacter hormaechei/ENT-HOR-83-AER-d200.npy
/home/rrekikdi/Bureau/postdoc/pseudo_image/images_npy_ms1/2022_09_23_Validation_CITAMA_CITFAR_CITFRE_CITKOS_CITPOR_COLI_ENTASB_ENTBUG_ENTCLO_ENTHOR_ENTKOB_ENTLUD_ENTROG_100SPD-100vW_zSWATH/ENT-HOR-83-ANA-d200.npy,ENT-HOR-83-ANA-d200,ENT-HOR,ENTHOR,83,Enterobacter hormaechei xiangfangensis,Enterobacter hormaechei,CLASSE (typo corrigee: ENT-HOR->ENTHOR),/home/rrekikdi/Bureau/postdoc/pseudo_image/ms1_processed_11classes/Enterobacter hormaechei/ENT-HOR-83-ANA-d200.npy
/home/rrekikdi/Bureau/postdoc/pseudo_image/images_npy_ms1/2022_09_23_Validation_CITAMA_CITFAR_CITFRE_CITKOS_CITPOR_COLI_ENTASB_ENTBUG_ENTCLO_ENTHOR_ENTKOB_ENTLUD_ENTROG_100SPD-100vW_zSWATH/ENT-HOR-84-AER-d200.npy,ENT-HOR-84-AER-d200,ENT-HOR,ENTHOR,84,Enterobacter hormaechei xiangfangensis,Enterobacter hormaechei,CLASSE (typo corrigee: ENT-HOR->ENTHOR),/home/rrekikdi/Bureau/postdoc/pseudo_image/ms1_processed_11classes/Enterobacter hormaechei/ENT-HOR-84-AER-d200.npy
/home/rrekikdi/Bureau/postdoc/pseudo_image/images_npy_ms1/2022_09_23_Validation_CITAMA_CITFAR_CITFRE_CITKOS_CITPOR_COLI_ENTASB_ENTBUG_ENTCLO_ENTHOR_ENTKOB_ENTLUD_ENTROG_100SPD-100vW_zSWATH/ENT-HOR-84-ANA-d200.npy,ENT-HOR-84-ANA-d200,ENT-HOR,ENTHOR,84,Enterobacter hormaechei xiangfangensis,Enterobacter hormaechei,CLASSE (typo corrigee: ENT-HOR->ENTHOR),/home/rrekikdi/Bureau/postdoc/pseudo_image/ms1_processed_11classes/Enterobacter hormaechei/ENT-HOR-84-ANA-d200.npy
/home/rrekikdi/Bureau/postdoc/pseudo_image/images_npy_ms1/2022_09_23_Validation_CITAMA_CITFAR_CITFRE_CITKOS_CITPOR_COLI_ENTASB_ENTBUG_ENTCLO_ENTHOR_ENTKOB_ENTLUD_ENTROG_100SPD-100vW_zSWATH/ENT-HOR-85-AER-d200.npy,ENT-HOR-85-AER-d200,ENT-HOR,ENTHOR,85,Enterobacter hormaechei xiangfangensis,Enterobacter hormaechei,CLASSE (typo corrigee: ENT-HOR->ENTHOR),/home/rrekikdi/Bureau/postdoc/pseudo_image/ms1_processed_11classes/Enterobacter hormaechei/ENT-HOR-85-AER-d200.npy
/home/rrekikdi/Bureau/postdoc/pseudo_image/images_npy_ms1/2022_09_23_Validation_CITAMA_CITFAR_CITFRE_CITKOS_CITPOR_COLI_ENTASB_ENTBUG_ENTCLO_ENTHOR_ENTKOB_ENTLUD_ENTROG_100SPD-100vW_zSWATH/ENT-HOR-85-ANA-d200.npy,ENT-HOR-85-ANA-d200,ENT-HOR,ENTHOR,85,Enterobacter hormaechei xiangfangensis,Enterobacter hormaechei,CLASSE (typo corrigee: ENT-HOR->ENTHOR),/home/rrekikdi/Bureau/postdoc/pseudo_image/ms1_processed_11classes/Enterobacter hormaechei/ENT-HOR-85-ANA-d200.npy
/home/rrekikdi/Bureau/postdoc/pseudo_image/images_npy_ms1/2022_10_13_Validation_LOTS-9-10-COLI_ENTHOR_100SPD-100vW_zSWATH/COLI-118-AER-d200.npy,COLI-118-AER-d200,COLI,ESCCOL,118,Escherichia coli,Escherichia coli,CLASSE (typo corrigee: COLI->ESCCOL),/home/rrekikdi/Bureau/postdoc/pseudo_image/ms1_processed_11classes/Escherichia coli/COLI-118-AER-d200.npy
/home/rrekikdi/Bureau/postdoc/pseudo_image/images_npy_ms1/2022_10_13_Validation_LOTS-9-10-COLI_ENTHOR_100SPD-100vW_zSWATH/COLI-118-ANA-d200.npy,COLI-118-ANA-d200,COLI,ESCCOL,118,Escherichia coli,Escherichia coli,CLASSE (typo corrigee: COLI->ESCCOL),/home/rrekikdi/Bureau/postdoc/pseudo_image/ms1_processed_11classes/Escherichia coli/COLI-118-ANA-d200.npy
/home/rrekikdi/Bureau/postdoc/pseudo_image/images_npy_ms1/2022_10_13_Validation_LOTS-9-10-COLI_ENTHOR_100SPD-100vW_zSWATH/COLI-132-AER-d200.npy,COLI-132-AER-d200,COLI,ESCCOL,132,Escherichia coli,Escherichia coli,CLASSE (typo corrigee: COLI->ESCCOL),/home/rrekikdi/Bureau/postdoc/pseudo_image/ms1_processed_11classes/Escherichia coli/COLI-132-AER-d200.npy
/home/rrekikdi/Bureau/postdoc/pseudo_image/images_npy_ms1/2022_10_13_Validation_LOTS-9-10-COLI_ENTHOR_100SPD-100vW_zSWATH/COLI-132-ANA-d200.npy,COLI-132-ANA-d200,COLI,ESCCOL,132,Escherichia coli,Escherichia coli,CLASSE (typo corrigee: COLI->ESCCOL),/home/rrekikdi/Bureau/postdoc/pseudo_image/ms1_processed_11classes/Escherichia coli/COLI-132-ANA-d200.npy
/home/rrekikdi/Bureau/postdoc/pseudo_image/images_npy_ms1/2022_10_13_Validation_LOTS-9-10-COLI_ENTHOR_100SPD-100vW_zSWATH/COLI-147-AER-d200.npy,COLI-147-AER-d200,COLI,ESCCOL,147,Escherichia coli,Escherichia coli,CLASSE (typo corrigee: COLI->ESCCOL),/home/rrekikdi/Bureau/postdoc/pseudo_image/ms1_processed_11classes/Escherichia coli/COLI-147-AER-d200.npy
/home/rrekikdi/Bureau/postdoc/pseudo_image/images_npy_ms1/2022_10_13_Validation_LOTS-9-10-COLI_ENTHOR_100SPD-100vW_zSWATH/COLI-147-ANA-d200.npy,COLI-147-ANA-d200,COLI,ESCCOL,147,Escherichia coli,Escherichia coli,CLASSE (typo corrigee: COLI->ESCCOL),/home/rrekikdi/Bureau/postdoc/pseudo_image/ms1_processed_11classes/Escherichia coli/COLI-147-ANA-d200.npy
/home/rrekikdi/Bureau/postdoc/pseudo_image/images_npy_ms1/2022_10_13_Validation_LOTS-9-10-COLI_ENTHOR_100SPD-100vW_zSWATH/COLI-148-AER-d200.npy,COLI-148-AER-d200,COLI,ESCCOL,148,Escherichia coli,Escherichia coli,CLASSE (typo corrigee: COLI->ESCCOL),/home/rrekikdi/Bureau/postdoc/pseudo_image/ms1_processed_11classes/Escherichia coli/COLI-148-AER-d200.npy
/home/rrekikdi/Bureau/postdoc/pseudo_image/images_npy_ms1/2022_10_13_Validation_LOTS-9-10-COLI_ENTHOR_100SPD-100vW_zSWATH/COLI-148-ANA-d200.npy,COLI-148-ANA-d200,COLI,ESCCOL,148,Escherichia coli,Escherichia coli,CLASSE (typo corrigee: COLI->ESCCOL),/home/rrekikdi/Bureau/postdoc/pseudo_image/ms1_processed_11classes/Escherichia coli/COLI-148-ANA-d200.npy
/home/rrekikdi/Bureau/postdoc/pseudo_image/images_npy_ms1/2022_10_13_Validation_LOTS-9-10-COLI_ENTHOR_100SPD-100vW_zSWATH/COLI-149-AER-d200.npy,COLI-149-AER-d200,COLI,ESCCOL,149,Escherichia coli,Escherichia coli,CLASSE (typo corrigee: COLI->ESCCOL),/home/rrekikdi/Bureau/postdoc/pseudo_image/ms1_processed_11classes/Escherichia coli/COLI-149-AER-d200.npy
/home/rrekikdi/Bureau/postdoc/pseudo_image/images_npy_ms1/2022_10_13_Validation_LOTS-9-10-COLI_ENTHOR_100SPD-100vW_zSWATH/COLI-149-ANA-d200.npy,COLI-149-ANA-d200,COLI,ESCCOL,149,Escherichia coli,Escherichia coli,CLASSE (typo corrigee: COLI->ESCCOL),/home/rrekikdi/Bureau/postdoc/pseudo_image/ms1_processed_11classes/Escherichia coli/COLI-149-ANA-d200.npy
/home/rrekikdi/Bureau/postdoc/pseudo_image/images_npy_ms1/2022_10_13_Validation_LOTS-9-10-COLI_ENTHOR_100SPD-100vW_zSWATH/COLI-247-AER-d200.npy,COLI-247-AER-d200,COLI,ESCCOL,247,Escherichia coli,Escherichia coli,CLASSE (typo corrigee: COLI->ESCCOL),/home/rrekikdi/Bureau/postdoc/pseudo_image/ms1_processed_11classes/Escherichia coli/COLI-247-AER-d200.npy
/home/rrekikdi/Bureau/postdoc/pseudo_image/images_npy_ms1/2022_10_13_Validation_LOTS-9-10-COLI_ENTHOR_100SPD-100vW_zSWATH/COLI-247-ANA-d200.npy,COLI-247-ANA-d200,COLI,ESCCOL,247,Escherichia coli,Escherichia coli,CLASSE (typo corrigee: COLI->ESCCOL),/home/rrekikdi/Bureau/postdoc/pseudo_image/ms1_processed_11classes/Escherichia coli/COLI-247-ANA-d200.npy
/home/rrekikdi/Bureau/postdoc/pseudo_image/images_npy_ms1/2022_10_13_Validation_LOTS-9-10-COLI_ENTHOR_100SPD-100vW_zSWATH/COLI-42-AER-d200.npy,COLI-42-AER-d200,COLI,ESCCOL,42,Escherichia coli,Escherichia coli,CLASSE (typo corrigee: COLI->ESCCOL),/home/rrekikdi/Bureau/postdoc/pseudo_image/ms1_processed_11classes/Escherichia coli/COLI-42-AER-d200.npy
/home/rrekikdi/Bureau/postdoc/pseudo_image/images_npy_ms1/2022_10_13_Validation_LOTS-9-10-COLI_ENTHOR_100SPD-100vW_zSWATH/COLI-42-ANA-d200.npy,COLI-42-ANA-d200,COLI,ESCCOL,42,Escherichia coli,Escherichia coli,CLASSE (typo corrigee: COLI->ESCCOL),/home/rrekikdi/Bureau/postdoc/pseudo_image/ms1_processed_11classes/Escherichia coli/COLI-42-ANA-d200.npy
/home/rrekikdi/Bureau/postdoc/pseudo_image/images_npy_ms1/2022_10_13_Validation_LOTS-9-10-COLI_ENTHOR_100SPD-100vW_zSWATH/COLI-43-AER-d200.npy,COLI-43-AER-d200,COLI,ESCCOL,43,Escherichia coli,Escherichia coli,CLASSE (typo corrigee: COLI->ESCCOL),/home/rrekikdi/Bureau/postdoc/pseudo_image/ms1_processed_11classes/Escherichia coli/COLI-43-AER-d200.npy
/home/rrekikdi/Bureau/postdoc/pseudo_image/images_npy_ms1/2022_10_13_Validation_LOTS-9-10-COLI_ENTHOR_100SPD-100vW_zSWATH/COLI-43-ANA-d200.npy,COLI-43-ANA-d200,COLI,ESCCOL,43,Escherichia coli,Escherichia coli,CLASSE (typo corrigee: COLI->ESCCOL),/home/rrekikdi/Bureau/postdoc/pseudo_image/ms1_processed_11classes/Escherichia coli/COLI-43-ANA-d200.npy
/home/rrekikdi/Bureau/postdoc/pseudo_image/images_npy_ms1/2022_10_13_Validation_LOTS-9-10-COLI_ENTHOR_100SPD-100vW_zSWATH/COLI-44-AER-d200.npy,COLI-44-AER-d200,COLI,ESCCOL,44,Escherichia coli,Escherichia coli,CLASSE (typo corrigee: COLI->ESCCOL),/home/rrekikdi/Bureau/postdoc/pseudo_image/ms1_processed_11classes/Escherichia coli/COLI-44-AER-d200.npy
/home/rrekikdi/Bureau/postdoc/pseudo_image/images_npy_ms1/2022_10_13_Validation_LOTS-9-10-COLI_ENTHOR_100SPD-100vW_zSWATH/COLI-44-ANA-d200.npy,COLI-44-ANA-d200,COLI,ESCCOL,44,Escherichia coli,Escherichia coli,CLASSE (typo corrigee: COLI->ESCCOL),/home/rrekikdi/Bureau/postdoc/pseudo_image/ms1_processed_11classes/Escherichia coli/COLI-44-ANA-d200.npy
/home/rrekikdi/Bureau/postdoc/pseudo_image/images_npy_ms1/2022_10_13_Validation_LOTS-9-10-COLI_ENTHOR_100SPD-100vW_zSWATH/COLI-46-AER-d200.npy,COLI-46-AER-d200,COLI,ESCCOL,46,,Escherichia coli,"CLASSE (sample_nb absent du excel, classe par code seul)",/home/rrekikdi/Bureau/postdoc/pseudo_image/ms1_processed_11classes/Escherichia coli/COLI-46-AER-d200.npy
/home/rrekikdi/Bureau/postdoc/pseudo_image/images_npy_ms1/2022_10_13_Validation_LOTS-9-10-COLI_ENTHOR_100SPD-100vW_zSWATH/COLI-46-ANA-d200.npy,COLI-46-ANA-d200,COLI,ESCCOL,46,,Escherichia coli,"CLASSE (sample_nb absent du excel, classe par code seul)",/home/rrekikdi/Bureau/postdoc/pseudo_image/ms1_processed_11classes/Escherichia coli/COLI-46-ANA-d200.npy
/home/rrekikdi/Bureau/postdoc/pseudo_image/images_npy_ms1/2022_10_13_Validation_LOTS-9-10-COLI_ENTHOR_100SPD-100vW_zSWATH/COLI-47-AER-d200.npy,COLI-47-AER-d200,COLI,ESCCOL,47,Escherichia coli,Escherichia coli,CLASSE (typo corrigee: COLI->ESCCOL),/home/rrekikdi/Bureau/postdoc/pseudo_image/ms1_processed_11classes/Escherichia coli/COLI-47-AER-d200.npy
/home/rrekikdi/Bureau/postdoc/pseudo_image/images_npy_ms1/2022_10_13_Validation_LOTS-9-10-COLI_ENTHOR_100SPD-100vW_zSWATH/COLI-47-ANA-d200.npy,COLI-47-ANA-d200,COLI,ESCCOL,47,Escherichia coli,Escherichia coli,CLASSE (typo corrigee: COLI->ESCCOL),/home/rrekikdi/Bureau/postdoc/pseudo_image/ms1_processed_11classes/Escherichia coli/COLI-47-ANA-d200.npy
/home/rrekikdi/Bureau/postdoc/pseudo_image/images_npy_ms1/2022_10_13_Validation_LOTS-9-10-COLI_ENTHOR_100SPD-100vW_zSWATH/COLI-48-AER-d200.npy,COLI-48-AER-d200,COLI,ESCCOL,48,Escherichia coli,Escherichia coli,CLASSE (typo corrigee: COLI->ESCCOL),/home/rrekikdi/Bureau/postdoc/pseudo_image/ms1_processed_11classes/Escherichia coli/COLI-48-AER-d200.npy
/home/rrekikdi/Bureau/postdoc/pseudo_image/images_npy_ms1/2022_10_13_Validation_LOTS-9-10-COLI_ENTHOR_100SPD-100vW_zSWATH/COLI-48-ANA-d200.npy,COLI-48-ANA-d200,COLI,ESCCOL,48,Escherichia coli,Escherichia coli,CLASSE (typo corrigee: COLI->ESCCOL),/home/rrekikdi/Bureau/postdoc/pseudo_image/ms1_processed_11classes/Escherichia coli/COLI-48-ANA-d200.npy
/home/rrekikdi/Bureau/postdoc/pseudo_image/images_npy_ms1/2022_10_13_Validation_LOTS-9-10-COLI_ENTHOR_100SPD-100vW_zSWATH/COLI-49-AER-d200.npy,COLI-49-AER-d200,COLI,ESCCOL,49,Escherichia coli,Escherichia coli,CLASSE (typo corrigee: COLI->ESCCOL),/home/rrekikdi/Bureau/postdoc/pseudo_image/ms1_processed_11classes/Escherichia coli/COLI-49-AER-d200.npy
/home/rrekikdi/Bureau/postdoc/pseudo_image/images_npy_ms1/2022_10_13_Validation_LOTS-9-10-COLI_ENTHOR_100SPD-100vW_zSWATH/COLI-49-ANA-d200.npy,COLI-49-ANA-d200,COLI,ESCCOL,49,Escherichia coli,Escherichia coli,CLASSE (typo corrigee: COLI->ESCCOL),/home/rrekikdi/Bureau/postdoc/pseudo_image/ms1_processed_11classes/Escherichia coli/COLI-49-ANA-d200.npy
/home/rrekikdi/Bureau/postdoc/pseudo_image/images_npy_ms1/2022_10_13_Validation_LOTS-9-10-COLI_ENTHOR_100SPD-100vW_zSWATH/COLI-50-AER-d200.npy,COLI-50-AER-d200,COLI,ESCCOL,50,Escherichia coli,Escherichia coli,CLASSE (typo corrigee: COLI->ESCCOL),/home/rrekikdi/Bureau/postdoc/pseudo_image/ms1_processed_11classes/Escherichia coli/COLI-50-AER-d200.npy
/home/rrekikdi/Bureau/postdoc/pseudo_image/images_npy_ms1/2022_10_13_Validation_LOTS-9-10-COLI_ENTHOR_100SPD-100vW_zSWATH/COLI-50-ANA-d200.npy,COLI-50-ANA-d200,COLI,ESCCOL,50,Escherichia coli,Escherichia coli,CLASSE (typo corrigee: COLI->ESCCOL),/home/rrekikdi/Bureau/postdoc/pseudo_image/ms1_processed_11classes/Escherichia coli/COLI-50-ANA-d200.npy
/home/rrekikdi/Bureau/postdoc/pseudo_image/images_npy_ms1/2022_10_13_Validation_LOTS-9-10-COLI_ENTHOR_100SPD-100vW_zSWATH/COLI-51-AER-d200.npy,COLI-51-AER-d200,COLI,ESCCOL,51,Escherichia coli,Escherichia coli,CLASSE (typo corrigee: COLI->ESCCOL),/home/rrekikdi/Bureau/postdoc/pseudo_image/ms1_processed_11classes/Escherichia coli/COLI-51-AER-d200.npy
/home/rrekikdi/Bureau/postdoc/pseudo_image/images_npy_ms1/2022_10_13_Validation_LOTS-9-10-COLI_ENTHOR_100SPD-100vW_zSWATH/COLI-51-ANA-d200.npy,COLI-51-ANA-d200,COLI,ESCCOL,51,Escherichia coli,Escherichia coli,CLASSE (typo corrigee: COLI->ESCCOL),/home/rrekikdi/Bureau/postdoc/pseudo_image/ms1_processed_11classes/Escherichia coli/COLI-51-ANA-d200.npy
/home/rrekikdi/Bureau/postdoc/pseudo_image/images_npy_ms1/2022_10_13_Validation_LOTS-9-10-COLI_ENTHOR_100SPD-100vW_zSWATH/COLI-54-ANA-d200.npy,COLI-54-ANA-d200,COLI,ESCCOL,54,Escherichia coli,Escherichia coli,CLASSE (typo corrigee: COLI->ESCCOL),/home/rrekikdi/Bureau/postdoc/pseudo_image/ms1_processed_11classes/Escherichia coli/COLI-54-ANA-d200.npy
/home/rrekikdi/Bureau/postdoc/pseudo_image/images_npy_ms1/2022_10_13_Validation_LOTS-9-10-COLI_ENTHOR_100SPD-100vW_zSWATH/COLI-55-AER-d200.npy,COLI-55-AER-d200,COLI,ESCCOL,55,Escherichia coli,Escherichia coli,CLASSE (typo corrigee: COLI->ESCCOL),/home/rrekikdi/Bureau/postdoc/pseudo_image/ms1_processed_11classes/Escherichia coli/COLI-55-AER-d200.npy
/home/rrekikdi/Bureau/postdoc/pseudo_image/images_npy_ms1/2022_10_13_Validation_LOTS-9-10-COLI_ENTHOR_100SPD-100vW_zSWATH/COLI-55-ANA-d200.npy,COLI-55-ANA-d200,COLI,ESCCOL,55,Escherichia coli,Escherichia coli,CLASSE (typo corrigee: COLI->ESCCOL),/home/rrekikdi/Bureau/postdoc/pseudo_image/ms1_processed_11classes/Escherichia coli/COLI-55-ANA-d200.npy
/home/rrekikdi/Bureau/postdoc/pseudo_image/images_npy_ms1/2022_10_13_Validation_LOTS-9-10-COLI_ENTHOR_100SPD-100vW_zSWATH/COLI-57-AER-d200.npy,COLI-57-AER-d200,COLI,ESCCOL,57,Escherichia coli,Escherichia coli,CLASSE (typo corrigee: COLI->ESCCOL),/home/rrekikdi/Bureau/postdoc/pseudo_image/ms1_processed_11classes/Escherichia coli/COLI-57-AER-d200.npy
/home/rrekikdi/Bureau/postdoc/pseudo_image/images_npy_ms1/2022_10_13_Validation_LOTS-9-10-COLI_ENTHOR_100SPD-100vW_zSWATH/COLI-57-ANA-d200.npy,COLI-57-ANA-d200,COLI,ESCCOL,57,Escherichia coli,Escherichia coli,CLASSE (typo corrigee: COLI->ESCCOL),/home/rrekikdi/Bureau/postdoc/pseudo_image/ms1_processed_11classes/Escherichia coli/COLI-57-ANA-d200.npy
/home/rrekikdi/Bureau/postdoc/pseudo_image/images_npy_ms1/2022_10_13_Validation_LOTS-9-10-COLI_ENTHOR_100SPD-100vW_zSWATH/COLI-59-AER-d200.npy,COLI-59-AER-d200,COLI,ESCCOL,59,Escherichia coli,Escherichia coli,CLASSE (typo corrigee: COLI->ESCCOL),/home/rrekikdi/Bureau/postdoc/pseudo_image/ms1_processed_11classes/Escherichia coli/COLI-59-AER-d200.npy
/home/rrekikdi/Bureau/postdoc/pseudo_image/images_npy_ms1/2022_10_13_Validation_LOTS-9-10-COLI_ENTHOR_100SPD-100vW_zSWATH/COLI-59-ANA-d200.npy,COLI-59-ANA-d200,COLI,ESCCOL,59,Escherichia coli,Escherichia coli,CLASSE (typo corrigee: COLI->ESCCOL),/home/rrekikdi/Bureau/postdoc/pseudo_image/ms1_processed_11classes/Escherichia coli/COLI-59-ANA-d200.npy
/home/rrekikdi/Bureau/postdoc/pseudo_image/images_npy_ms1/2022_10_13_Validation_LOTS-9-10-COLI_ENTHOR_100SPD-100vW_zSWATH/COLI-62-AER-d200.npy,COLI-62-AER-d200,COLI,ESCCOL,62,Escherichia coli,Escherichia coli,CLASSE (typo corrigee: COLI->ESCCOL),/home/rrekikdi/Bureau/postdoc/pseudo_image/ms1_processed_11classes/Escherichia coli/COLI-62-AER-d200.npy
/home/rrekikdi/Bureau/postdoc/pseudo_image/images_npy_ms1/2022_10_13_Validation_LOTS-9-10-COLI_ENTHOR_100SPD-100vW_zSWATH/COLI-62-ANA-d200.npy,COLI-62-ANA-d200,COLI,ESCCOL,62,Escherichia coli,Escherichia coli,CLASSE (typo corrigee: COLI->ESCCOL),/home/rrekikdi/Bureau/postdoc/pseudo_image/ms1_processed_11classes/Escherichia coli/COLI-62-ANA-d200.npy
/home/rrekikdi/Bureau/postdoc/pseudo_image/images_npy_ms1/2022_10_13_Validation_LOTS-9-10-COLI_ENTHOR_100SPD-100vW_zSWATH/COLI-65-AER-d200.npy,COLI-65-AER-d200,COLI,ESCCOL,65,Escherichia coli,Escherichia coli,CLASSE (typo corrigee: COLI->ESCCOL),/home/rrekikdi/Bureau/postdoc/pseudo_image/ms1_processed_11classes/Escherichia coli/COLI-65-AER-d200.npy
/home/rrekikdi/Bureau/postdoc/pseudo_image/images_npy_ms1/2022_10_13_Validation_LOTS-9-10-COLI_ENTHOR_100SPD-100vW_zSWATH/COLI-65-ANA-d200.npy,COLI-65-ANA-d200,COLI,ESCCOL,65,Escherichia coli,Escherichia coli,CLASSE (typo corrigee: COLI->ESCCOL),/home/rrekikdi/Bureau/postdoc/pseudo_image/ms1_processed_11classes/Escherichia coli/COLI-65-ANA-d200.npy
/home/rrekikdi/Bureau/postdoc/pseudo_image/images_npy_ms1/2022_10_13_Validation_LOTS-9-10-COLI_ENTHOR_100SPD-100vW_zSWATH/COLI-69-AER-d200.npy,COLI-69-AER-d200,COLI,ESCCOL,69,Escherichia coli,Escherichia coli,CLASSE (typo corrigee: COLI->ESCCOL),/home/rrekikdi/Bureau/postdoc/pseudo_image/ms1_processed_11classes/Escherichia coli/COLI-69-AER-d200.npy
/home/rrekikdi/Bureau/postdoc/pseudo_image/images_npy_ms1/2022_10_13_Validation_LOTS-9-10-COLI_ENTHOR_100SPD-100vW_zSWATH/COLI-69-ANA-d200.npy,COLI-69-ANA-d200,COLI,ESCCOL,69,Escherichia coli,Escherichia coli,CLASSE (typo corrigee: COLI->ESCCOL),/home/rrekikdi/Bureau/postdoc/pseudo_image/ms1_processed_11classes/Escherichia coli/COLI-69-ANA-d200.npy
/home/rrekikdi/Bureau/postdoc/pseudo_image/images_npy_ms1/2022_10_13_Validation_LOTS-9-10-COLI_ENTHOR_100SPD-100vW_zSWATH/COLI-70-AER-d200.npy,COLI-70-AER-d200,COLI,ESCCOL,70,Escherichia coli,Escherichia coli,CLASSE (typo corrigee: COLI->ESCCOL),/home/rrekikdi/Bureau/postdoc/pseudo_image/ms1_processed_11classes/Escherichia coli/COLI-70-AER-d200.npy
/home/rrekikdi/Bureau/postdoc/pseudo_image/images_npy_ms1/2022_10_13_Validation_LOTS-9-10-COLI_ENTHOR_100SPD-100vW_zSWATH/COLI-70-ANA-d200.npy,COLI-70-ANA-d200,COLI,ESCCOL,70,Escherichia coli,Escherichia coli,CLASSE (typo corrigee: COLI->ESCCOL),/home/rrekikdi/Bureau/postdoc/pseudo_image/ms1_processed_11classes/Escherichia coli/COLI-70-ANA-d200.npy
/home/rrekikdi/Bureau/postdoc/pseudo_image/images_npy_ms1/2022_10_13_Validation_LOTS-9-10-COLI_ENTHOR_100SPD-100vW_zSWATH/COLI-84-AER-d200.npy,COLI-84-AER-d200,COLI,ESCCOL,84,Escherichia coli,Escherichia coli,CLASSE (typo corrigee: COLI->ESCCOL),/home/rrekikdi/Bureau/postdoc/pseudo_image/ms1_processed_11classes/Escherichia coli/COLI-84-AER-d200.npy
/home/rrekikdi/Bureau/postdoc/pseudo_image/images_npy_ms1/2022_10_13_Validation_LOTS-9-10-COLI_ENTHOR_100SPD-100vW_zSWATH/COLI-84-ANA-d200.npy,COLI-84-ANA-d200,COLI,ESCCOL,84,Escherichia coli,Escherichia coli,CLASSE (typo corrigee: COLI->ESCCOL),/home/rrekikdi/Bureau/postdoc/pseudo_image/ms1_processed_11classes/Escherichia coli/COLI-84-ANA-d200.npy
/home/rrekikdi/Bureau/postdoc/pseudo_image/images_npy_ms1/2022_10_13_Validation_LOTS-9-10-COLI_ENTHOR_100SPD-100vW_zSWATH/COLI-86-AER-d200.npy,COLI-86-AER-d200,COLI,ESCCOL,86,Escherichia coli,Escherichia coli,CLASSE (typo corrigee: COLI->ESCCOL),/home/rrekikdi/Bureau/postdoc/pseudo_image/ms1_processed_11classes/Escherichia coli/COLI-86-AER-d200.npy
/home/rrekikdi/Bureau/postdoc/pseudo_image/images_npy_ms1/2022_10_13_Validation_LOTS-9-10-COLI_ENTHOR_100SPD-100vW_zSWATH/COLI-86-ANA-d200.npy,COLI-86-ANA-d200,COLI,ESCCOL,86,Escherichia coli,Escherichia coli,CLASSE (typo corrigee: COLI->ESCCOL),/home/rrekikdi/Bureau/postdoc/pseudo_image/ms1_processed_11classes/Escherichia coli/COLI-86-ANA-d200.npy
/home/rrekikdi/Bureau/postdoc/pseudo_image/images_npy_ms1/2022_10_13_Validation_LOTS-9-10-COLI_ENTHOR_100SPD-100vW_zSWATH/COLI-87-AER-d200.npy,COLI-87-AER-d200,COLI,ESCCOL,87,Escherichia coli,Escherichia coli,CLASSE (typo corrigee: COLI->ESCCOL),/home/rrekikdi/Bureau/postdoc/pseudo_image/ms1_processed_11classes/Escherichia coli/COLI-87-AER-d200.npy
/home/rrekikdi/Bureau/postdoc/pseudo_image/images_npy_ms1/2022_10_13_Validation_LOTS-9-10-COLI_ENTHOR_100SPD-100vW_zSWATH/COLI-87-ANA-d200.npy,COLI-87-ANA-d200,COLI,ESCCOL,87,Escherichia coli,Escherichia coli,CLASSE (typo corrigee: COLI->ESCCOL),/home/rrekikdi/Bureau/postdoc/pseudo_image/ms1_processed_11classes/Escherichia coli/COLI-87-ANA-d200.npy
/home/rrekikdi/Bureau/postdoc/pseudo_image/images_npy_ms1/2022_10_13_Validation_LOTS-9-10-COLI_ENTHOR_100SPD-100vW_zSWATH/COLI-88-AER-d200.npy,COLI-88-AER-d200,COLI,ESCCOL,88,Escherichia coli,Escherichia coli,CLASSE (typo corrigee: COLI->ESCCOL),/home/rrekikdi/Bureau/postdoc/pseudo_image/ms1_processed_11classes/Escherichia coli/COLI-88-AER-d200.npy
/home/rrekikdi/Bureau/postdoc/pseudo_image/images_npy_ms1/2022_10_13_Validation_LOTS-9-10-COLI_ENTHOR_100SPD-100vW_zSWATH/COLI-88-ANA-d200.npy,COLI-88-ANA-d200,COLI,ESCCOL,88,Escherichia coli,Escherichia coli,CLASSE (typo corrigee: COLI->ESCCOL),/home/rrekikdi/Bureau/postdoc/pseudo_image/ms1_processed_11classes/Escherichia coli/COLI-88-ANA-d200.npy
/home/rrekikdi/Bureau/postdoc/pseudo_image/images_npy_ms1/2022_10_13_Validation_LOTS-9-10-COLI_ENTHOR_100SPD-100vW_zSWATH/COLI-89-AER-d200.npy,COLI-89-AER-d200,COLI,ESCCOL,89,Escherichia coli,Escherichia coli,CLASSE (typo corrigee: COLI->ESCCOL),/home/rrekikdi/Bureau/postdoc/pseudo_image/ms1_processed_11classes/Escherichia coli/COLI-89-AER-d200.npy
/home/rrekikdi/Bureau/postdoc/pseudo_image/images_npy_ms1/2022_10_13_Validation_LOTS-9-10-COLI_ENTHOR_100SPD-100vW_zSWATH/COLI-90-AER-d200.npy,COLI-90-AER-d200,COLI,ESCCOL,90,Escherichia coli,Escherichia coli,CLASSE (typo corrigee: COLI->ESCCOL),/home/rrekikdi/Bureau/postdoc/pseudo_image/ms1_processed_11classes/Escherichia coli/COLI-90-AER-d200.npy
/home/rrekikdi/Bureau/postdoc/pseudo_image/images_npy_ms1/2022_10_13_Validation_LOTS-9-10-COLI_ENTHOR_100SPD-100vW_zSWATH/COLI-90-ANA-d200.npy,COLI-90-ANA-d200,COLI,ESCCOL,90,Escherichia coli,Escherichia coli,CLASSE (typo corrigee: COLI->ESCCOL),/home/rrekikdi/Bureau/postdoc/pseudo_image/ms1_processed_11classes/Escherichia coli/COLI-90-ANA-d200.npy
/home/rrekikdi/Bureau/postdoc/pseudo_image/images_npy_ms1/2022_10_13_Validation_LOTS-9-10-COLI_ENTHOR_100SPD-100vW_zSWATH/COLI-91-AER-d200.npy,COLI-91-AER-d200,COLI,ESCCOL,91,Escherichia coli,Escherichia coli,CLASSE (typo corrigee: COLI->ESCCOL),/home/rrekikdi/Bureau/postdoc/pseudo_image/ms1_processed_11classes/Escherichia coli/COLI-91-AER-d200.npy
/home/rrekikdi/Bureau/postdoc/pseudo_image/images_npy_ms1/2022_10_13_Validation_LOTS-9-10-COLI_ENTHOR_100SPD-100vW_zSWATH/COLI-91-ANA-d200.npy,COLI-91-ANA-d200,COLI,ESCCOL,91,Escherichia coli,Escherichia coli,CLASSE (typo corrigee: COLI->ESCCOL),/home/rrekikdi/Bureau/postdoc/pseudo_image/ms1_processed_11classes/Escherichia coli/COLI-91-ANA-d200.npy
/home/rrekikdi/Bureau/postdoc/pseudo_image/images_npy_ms1/2022_10_13_Validation_LOTS-9-10-COLI_ENTHOR_100SPD-100vW_zSWATH/ENT-HOR-20-AER-d200.npy,ENT-HOR-20-AER-d200,ENT-HOR,ENTHOR,20,Enterobacter hormaechei hoffmannii,Enterobacter hormaechei,CLASSE (typo corrigee: ENT-HOR->ENTHOR),/home/rrekikdi/Bureau/postdoc/pseudo_image/ms1_processed_11classes/Enterobacter hormaechei/ENT-HOR-20-AER-d200.npy
/home/rrekikdi/Bureau/postdoc/pseudo_image/images_npy_ms1/2022_10_13_Validation_LOTS-9-10-COLI_ENTHOR_100SPD-100vW_zSWATH/ENT-HOR-20-ANA-d200.npy,ENT-HOR-20-ANA-d200,ENT-HOR,ENTHOR,20,Enterobacter hormaechei hoffmannii,Enterobacter hormaechei,CLASSE (typo corrigee: ENT-HOR->ENTHOR),/home/rrekikdi/Bureau/postdoc/pseudo_image/ms1_processed_11classes/Enterobacter hormaechei/ENT-HOR-20-ANA-d200.npy
/home/rrekikdi/Bureau/postdoc/pseudo_image/images_npy_ms1/2022_10_13_Validation_LOTS-9-10-COLI_ENTHOR_100SPD-100vW_zSWATH/ENT-HOR-47-ANA-d200.npy,ENT-HOR-47-ANA-d200,ENT-HOR,ENTHOR,47,Enterobacter hormaechei steigerwaltii,Enterobacter hormaechei,CLASSE (typo corrigee: ENT-HOR->ENTHOR),/home/rrekikdi/Bureau/postdoc/pseudo_image/ms1_processed_11classes/Enterobacter hormaechei/ENT-HOR-47-ANA-d200.npy
/home/rrekikdi/Bureau/postdoc/pseudo_image/images_npy_ms1/2022_10_14_Validation_LOTS-11-12-COLI_100SPD-100vW_zSWATH/COLI-105-AER-d200.npy,COLI-105-AER-d200,COLI,ESCCOL,105,Escherichia coli,Escherichia coli,CLASSE (typo corrigee: COLI->ESCCOL),/home/rrekikdi/Bureau/postdoc/pseudo_image/ms1_processed_11classes/Escherichia coli/COLI-105-AER-d200.npy
/home/rrekikdi/Bureau/postdoc/pseudo_image/images_npy_ms1/2022_10_14_Validation_LOTS-11-12-COLI_100SPD-100vW_zSWATH/COLI-105-ANA-d200.npy,COLI-105-ANA-d200,COLI,ESCCOL,105,Escherichia coli,Escherichia coli,CLASSE (typo corrigee: COLI->ESCCOL),/home/rrekikdi/Bureau/postdoc/pseudo_image/ms1_processed_11classes/Escherichia coli/COLI-105-ANA-d200.npy
/home/rrekikdi/Bureau/postdoc/pseudo_image/images_npy_ms1/2022_10_14_Validation_LOTS-11-12-COLI_100SPD-100vW_zSWATH/COLI-109-AER-d200.npy,COLI-109-AER-d200,COLI,ESCCOL,109,Escherichia coli,Escherichia coli,CLASSE (typo corrigee: COLI->ESCCOL),/home/rrekikdi/Bureau/postdoc/pseudo_image/ms1_processed_11classes/Escherichia coli/COLI-109-AER-d200.npy
/home/rrekikdi/Bureau/postdoc/pseudo_image/images_npy_ms1/2022_10_14_Validation_LOTS-11-12-COLI_100SPD-100vW_zSWATH/COLI-109-ANA-d200.npy,COLI-109-ANA-d200,COLI,ESCCOL,109,Escherichia coli,Escherichia coli,CLASSE (typo corrigee: COLI->ESCCOL),/home/rrekikdi/Bureau/postdoc/pseudo_image/ms1_processed_11classes/Escherichia coli/COLI-109-ANA-d200.npy
/home/rrekikdi/Bureau/postdoc/pseudo_image/images_npy_ms1/2022_10_14_Validation_LOTS-11-12-COLI_100SPD-100vW_zSWATH/COLI-110-AER-d200.npy,COLI-110-AER-d200,COLI,ESCCOL,110,Escherichia coli,Escherichia coli,CLASSE (typo corrigee: COLI->ESCCOL),/home/rrekikdi/Bureau/postdoc/pseudo_image/ms1_processed_11classes/Escherichia coli/COLI-110-AER-d200.npy
/home/rrekikdi/Bureau/postdoc/pseudo_image/images_npy_ms1/2022_10_14_Validation_LOTS-11-12-COLI_100SPD-100vW_zSWATH/COLI-110-ANA-d200.npy,COLI-110-ANA-d200,COLI,ESCCOL,110,Escherichia coli,Escherichia coli,CLASSE (typo corrigee: COLI->ESCCOL),/home/rrekikdi/Bureau/postdoc/pseudo_image/ms1_processed_11classes/Escherichia coli/COLI-110-ANA-d200.npy
/home/rrekikdi/Bureau/postdoc/pseudo_image/images_npy_ms1/2022_10_14_Validation_LOTS-11-12-COLI_100SPD-100vW_zSWATH/COLI-112-AER-d200.npy,COLI-112-AER-d200,COLI,ESCCOL,112,Escherichia coli,Escherichia coli,CLASSE (typo corrigee: COLI->ESCCOL),/home/rrekikdi/Bureau/postdoc/pseudo_image/ms1_processed_11classes/Escherichia coli/COLI-112-AER-d200.npy
/home/rrekikdi/Bureau/postdoc/pseudo_image/images_npy_ms1/2022_10_14_Validation_LOTS-11-12-COLI_100SPD-100vW_zSWATH/COLI-112-ANA-d200.npy,COLI-112-ANA-d200,COLI,ESCCOL,112,Escherichia coli,Escherichia coli,CLASSE (typo corrigee: COLI->ESCCOL),/home/rrekikdi/Bureau/postdoc/pseudo_image/ms1_processed_11classes/Escherichia coli/COLI-112-ANA-d200.npy
/home/rrekikdi/Bureau/postdoc/pseudo_image/images_npy_ms1/2022_10_14_Validation_LOTS-11-12-COLI_100SPD-100vW_zSWATH/COLI-116-AER-d200.npy,COLI-116-AER-d200,COLI,ESCCOL,116,Escherichia coli,Escherichia coli,CLASSE (typo corrigee: COLI->ESCCOL),/home/rrekikdi/Bureau/postdoc/pseudo_image/ms1_processed_11classes/Escherichia coli/COLI-116-AER-d200.npy
/home/rrekikdi/Bureau/postdoc/pseudo_image/images_npy_ms1/2022_10_14_Validation_LOTS-11-12-COLI_100SPD-100vW_zSWATH/COLI-116-ANA-d200.npy,COLI-116-ANA-d200,COLI,ESCCOL,116,Escherichia coli,Escherichia coli,CLASSE (typo corrigee: COLI->ESCCOL),/home/rrekikdi/Bureau/postdoc/pseudo_image/ms1_processed_11classes/Escherichia coli/COLI-116-ANA-d200.npy
/home/rrekikdi/Bureau/postdoc/pseudo_image/images_npy_ms1/2022_10_14_Validation_LOTS-11-12-COLI_100SPD-100vW_zSWATH/COLI-123-AER-d200.npy,COLI-123-AER-d200,COLI,ESCCOL,123,Escherichia coli,Escherichia coli,CLASSE (typo corrigee: COLI->ESCCOL),/home/rrekikdi/Bureau/postdoc/pseudo_image/ms1_processed_11classes/Escherichia coli/COLI-123-AER-d200.npy
/home/rrekikdi/Bureau/postdoc/pseudo_image/images_npy_ms1/2022_10_14_Validation_LOTS-11-12-COLI_100SPD-100vW_zSWATH/COLI-123-ANA-d200.npy,COLI-123-ANA-d200,COLI,ESCCOL,123,Escherichia coli,Escherichia coli,CLASSE (typo corrigee: COLI->ESCCOL),/home/rrekikdi/Bureau/postdoc/pseudo_image/ms1_processed_11classes/Escherichia coli/COLI-123-ANA-d200.npy
/home/rrekikdi/Bureau/postdoc/pseudo_image/images_npy_ms1/2022_10_14_Validation_LOTS-11-12-COLI_100SPD-100vW_zSWATH/COLI-125-AER-d200.npy,COLI-125-AER-d200,COLI,ESCCOL,125,Escherichia coli,Escherichia coli,CLASSE (typo corrigee: COLI->ESCCOL),/home/rrekikdi/Bureau/postdoc/pseudo_image/ms1_processed_11classes/Escherichia coli/COLI-125-AER-d200.npy
/home/rrekikdi/Bureau/postdoc/pseudo_image/images_npy_ms1/2022_10_14_Validation_LOTS-11-12-COLI_100SPD-100vW_zSWATH/COLI-125-ANA-d200.npy,COLI-125-ANA-d200,COLI,ESCCOL,125,Escherichia coli,Escherichia coli,CLASSE (typo corrigee: COLI->ESCCOL),/home/rrekikdi/Bureau/postdoc/pseudo_image/ms1_processed_11classes/Escherichia coli/COLI-125-ANA-d200.npy
/home/rrekikdi/Bureau/postdoc/pseudo_image/images_npy_ms1/2022_10_14_Validation_LOTS-11-12-COLI_100SPD-100vW_zSWATH/COLI-129-AER-d200.npy,COLI-129-AER-d200,COLI,ESCCOL,129,Escherichia coli,Escherichia coli,CLASSE (typo corrigee: COLI->ESCCOL),/home/rrekikdi/Bureau/postdoc/pseudo_image/ms1_processed_11classes/Escherichia coli/COLI-129-AER-d200.npy
/home/rrekikdi/Bureau/postdoc/pseudo_image/images_npy_ms1/2022_10_14_Validation_LOTS-11-12-COLI_100SPD-100vW_zSWATH/COLI-129-ANA-d200.npy,COLI-129-ANA-d200,COLI,ESCCOL,129,Escherichia coli,Escherichia coli,CLASSE (typo corrigee: COLI->ESCCOL),/home/rrekikdi/Bureau/postdoc/pseudo_image/ms1_processed_11classes/Escherichia coli/COLI-129-ANA-d200.npy
/home/rrekikdi/Bureau/postdoc/pseudo_image/images_npy_ms1/2022_10_14_Validation_LOTS-11-12-COLI_100SPD-100vW_zSWATH/COLI-133-AER-d200.npy,COLI-133-AER-d200,COLI,ESCCOL,133,Escherichia coli,Escherichia coli,CLASSE (typo corrigee: COLI->ESCCOL),/home/rrekikdi/Bureau/postdoc/pseudo_image/ms1_processed_11classes/Escherichia coli/COLI-133-AER-d200.npy
/home/rrekikdi/Bureau/postdoc/pseudo_image/images_npy_ms1/2022_10_14_Validation_LOTS-11-12-COLI_100SPD-100vW_zSWATH/COLI-133-ANA-d200.npy,COLI-133-ANA-d200,COLI,ESCCOL,133,Escherichia coli,Escherichia coli,CLASSE (typo corrigee: COLI->ESCCOL),/home/rrekikdi/Bureau/postdoc/pseudo_image/ms1_processed_11classes/Escherichia coli/COLI-133-ANA-d200.npy
/home/rrekikdi/Bureau/postdoc/pseudo_image/images_npy_ms1/2022_10_14_Validation_LOTS-11-12-COLI_100SPD-100vW_zSWATH/COLI-135-AER-d200.npy,COLI-135-AER-d200,COLI,ESCCOL,135,Escherichia coli,Escherichia coli,CLASSE (typo corrigee: COLI->ESCCOL),/home/rrekikdi/Bureau/postdoc/pseudo_image/ms1_processed_11classes/Escherichia coli/COLI-135-AER-d200.npy
/home/rrekikdi/Bureau/postdoc/pseudo_image/images_npy_ms1/2022_10_14_Validation_LOTS-11-12-COLI_100SPD-100vW_zSWATH/COLI-135-ANA-d200.npy,COLI-135-ANA-d200,COLI,ESCCOL,135,Escherichia coli,Escherichia coli,CLASSE (typo corrigee: COLI->ESCCOL),/home/rrekikdi/Bureau/postdoc/pseudo_image/ms1_processed_11classes/Escherichia coli/COLI-135-ANA-d200.npy
/home/rrekikdi/Bureau/postdoc/pseudo_image/images_npy_ms1/2022_10_14_Validation_LOTS-11-12-COLI_100SPD-100vW_zSWATH/COLI-139-AER-d200.npy,COLI-139-AER-d200,COLI,ESCCOL,139,Escherichia coli,Escherichia coli,CLASSE (typo corrigee: COLI->ESCCOL),/home/rrekikdi/Bureau/postdoc/pseudo_image/ms1_processed_11classes/Escherichia coli/COLI-139-AER-d200.npy
/home/rrekikdi/Bureau/postdoc/pseudo_image/images_npy_ms1/2022_10_14_Validation_LOTS-11-12-COLI_100SPD-100vW_zSWATH/COLI-139-ANA-d200.npy,COLI-139-ANA-d200,COLI,ESCCOL,139,Escherichia coli,Escherichia coli,CLASSE (typo corrigee: COLI->ESCCOL),/home/rrekikdi/Bureau/postdoc/pseudo_image/ms1_processed_11classes/Escherichia coli/COLI-139-ANA-d200.npy
/home/rrekikdi/Bureau/postdoc/pseudo_image/images_npy_ms1/2022_10_14_Validation_LOTS-11-12-COLI_100SPD-100vW_zSWATH/COLI-146-AER-d200.npy,COLI-146-AER-d200,COLI,ESCCOL,146,Escherichia coli,Escherichia coli,CLASSE (typo corrigee: COLI->ESCCOL),/home/rrekikdi/Bureau/postdoc/pseudo_image/ms1_processed_11classes/Escherichia coli/COLI-146-AER-d200.npy
/home/rrekikdi/Bureau/postdoc/pseudo_image/images_npy_ms1/2022_10_14_Validation_LOTS-11-12-COLI_100SPD-100vW_zSWATH/COLI-146-ANA-d200.npy,COLI-146-ANA-d200,COLI,ESCCOL,146,Escherichia coli,Escherichia coli,CLASSE (typo corrigee: COLI->ESCCOL),/home/rrekikdi/Bureau/postdoc/pseudo_image/ms1_processed_11classes/Escherichia coli/COLI-146-ANA-d200.npy
/home/rrekikdi/Bureau/postdoc/pseudo_image/images_npy_ms1/2022_10_14_Validation_LOTS-11-12-COLI_100SPD-100vW_zSWATH/COLI-151-AER-d200.npy,COLI-151-AER-d200,COLI,ESCCOL,151,Escherichia coli,Escherichia coli,CLASSE (typo corrigee: COLI->ESCCOL),/home/rrekikdi/Bureau/postdoc/pseudo_image/ms1_processed_11classes/Escherichia coli/COLI-151-AER-d200.npy
/home/rrekikdi/Bureau/postdoc/pseudo_image/images_npy_ms1/2022_10_14_Validation_LOTS-11-12-COLI_100SPD-100vW_zSWATH/COLI-151-ANA-d200.npy,COLI-151-ANA-d200,COLI,ESCCOL,151,Escherichia coli,Escherichia coli,CLASSE (typo corrigee: COLI->ESCCOL),/home/rrekikdi/Bureau/postdoc/pseudo_image/ms1_processed_11classes/Escherichia coli/COLI-151-ANA-d200.npy
/home/rrekikdi/Bureau/postdoc/pseudo_image/images_npy_ms1/2022_10_14_Validation_LOTS-11-12-COLI_100SPD-100vW_zSWATH/COLI-185-AER-d200.npy,COLI-185-AER-d200,COLI,ESCCOL,185,Escherichia coli,Escherichia coli,CLASSE (typo corrigee: COLI->ESCCOL),/home/rrekikdi/Bureau/postdoc/pseudo_image/ms1_processed_11classes/Escherichia coli/COLI-185-AER-d200.npy
/home/rrekikdi/Bureau/postdoc/pseudo_image/images_npy_ms1/2022_10_14_Validation_LOTS-11-12-COLI_100SPD-100vW_zSWATH/COLI-185-ANA-d200.npy,COLI-185-ANA-d200,COLI,ESCCOL,185,Escherichia coli,Escherichia coli,CLASSE (typo corrigee: COLI->ESCCOL),/home/rrekikdi/Bureau/postdoc/pseudo_image/ms1_processed_11classes/Escherichia coli/COLI-185-ANA-d200.npy
/home/rrekikdi/Bureau/postdoc/pseudo_image/images_npy_ms1/2022_10_14_Validation_LOTS-11-12-COLI_100SPD-100vW_zSWATH/COLI-188-AER-d200.npy,COLI-188-AER-d200,COLI,ESCCOL,188,Escherichia coli,Escherichia coli,CLASSE (typo corrigee: COLI->ESCCOL),/home/rrekikdi/Bureau/postdoc/pseudo_image/ms1_processed_11classes/Escherichia coli/COLI-188-AER-d200.npy
/home/rrekikdi/Bureau/postdoc/pseudo_image/images_npy_ms1/2022_10_14_Validation_LOTS-11-12-COLI_100SPD-100vW_zSWATH/COLI-188-ANA-d200.npy,COLI-188-ANA-d200,COLI,ESCCOL,188,Escherichia coli,Escherichia coli,CLASSE (typo corrigee: COLI->ESCCOL),/home/rrekikdi/Bureau/postdoc/pseudo_image/ms1_processed_11classes/Escherichia coli/COLI-188-ANA-d200.npy
/home/rrekikdi/Bureau/postdoc/pseudo_image/images_npy_ms1/2022_10_14_Validation_LOTS-11-12-COLI_100SPD-100vW_zSWATH/COLI-189-AER-d200.npy,COLI-189-AER-d200,COLI,ESCCOL,189,Escherichia coli,Escherichia coli,CLASSE (typo corrigee: COLI->ESCCOL),/home/rrekikdi/Bureau/postdoc/pseudo_image/ms1_processed_11classes/Escherichia coli/COLI-189-AER-d200.npy
/home/rrekikdi/Bureau/postdoc/pseudo_image/images_npy_ms1/2022_10_14_Validation_LOTS-11-12-COLI_100SPD-100vW_zSWATH/COLI-189-ANA-d200.npy,COLI-189-ANA-d200,COLI,ESCCOL,189,Escherichia coli,Escherichia coli,CLASSE (typo corrigee: COLI->ESCCOL),/home/rrekikdi/Bureau/postdoc/pseudo_image/ms1_processed_11classes/Escherichia coli/COLI-189-ANA-d200.npy
/home/rrekikdi/Bureau/postdoc/pseudo_image/images_npy_ms1/2022_10_14_Validation_LOTS-11-12-COLI_100SPD-100vW_zSWATH/COLI-196-AER-d200.npy,COLI-196-AER-d200,COLI,ESCCOL,196,Escherichia coli,Escherichia coli,CLASSE (typo corrigee: COLI->ESCCOL),/home/rrekikdi/Bureau/postdoc/pseudo_image/ms1_processed_11classes/Escherichia coli/COLI-196-AER-d200.npy
/home/rrekikdi/Bureau/postdoc/pseudo_image/images_npy_ms1/2022_10_14_Validation_LOTS-11-12-COLI_100SPD-100vW_zSWATH/COLI-196-ANA-d200.npy,COLI-196-ANA-d200,COLI,ESCCOL,196,Escherichia coli,Escherichia coli,CLASSE (typo corrigee: COLI->ESCCOL),/home/rrekikdi/Bureau/postdoc/pseudo_image/ms1_processed_11classes/Escherichia coli/COLI-196-ANA-d200.npy
/home/rrekikdi/Bureau/postdoc/pseudo_image/images_npy_ms1/2022_10_14_Validation_LOTS-11-12-COLI_100SPD-100vW_zSWATH/COLI-197-AER-d200.npy,COLI-197-AER-d200,COLI,ESCCOL,197,Escherichia coli,Escherichia coli,CLASSE (typo corrigee: COLI->ESCCOL),/home/rrekikdi/Bureau/postdoc/pseudo_image/ms1_processed_11classes/Escherichia coli/COLI-197-AER-d200.npy
/home/rrekikdi/Bureau/postdoc/pseudo_image/images_npy_ms1/2022_10_14_Validation_LOTS-11-12-COLI_100SPD-100vW_zSWATH/COLI-197-ANA-d200.npy,COLI-197-ANA-d200,COLI,ESCCOL,197,Escherichia coli,Escherichia coli,CLASSE (typo corrigee: COLI->ESCCOL),/home/rrekikdi/Bureau/postdoc/pseudo_image/ms1_processed_11classes/Escherichia coli/COLI-197-ANA-d200.npy
/home/rrekikdi/Bureau/postdoc/pseudo_image/images_npy_ms1/2022_10_14_Validation_LOTS-11-12-COLI_100SPD-100vW_zSWATH/COLI-210-AER-d200.npy,COLI-210-AER-d200,COLI,ESCCOL,210,Escherichia coli,Escherichia coli,CLASSE (typo corrigee: COLI->ESCCOL),/home/rrekikdi/Bureau/postdoc/pseudo_image/ms1_processed_11classes/Escherichia coli/COLI-210-AER-d200.npy
/home/rrekikdi/Bureau/postdoc/pseudo_image/images_npy_ms1/2022_10_14_Validation_LOTS-11-12-COLI_100SPD-100vW_zSWATH/COLI-210-ANA-d200.npy,COLI-210-ANA-d200,COLI,ESCCOL,210,Escherichia coli,Escherichia coli,CLASSE (typo corrigee: COLI->ESCCOL),/home/rrekikdi/Bureau/postdoc/pseudo_image/ms1_processed_11classes/Escherichia coli/COLI-210-ANA-d200.npy
/home/rrekikdi/Bureau/postdoc/pseudo_image/images_npy_ms1/2022_10_14_Validation_LOTS-11-12-COLI_100SPD-100vW_zSWATH/COLI-251-AER-d200.npy,COLI-251-AER-d200,COLI,ESCCOL,251,Escherichia coli,Escherichia coli,CLASSE (typo corrigee: COLI->ESCCOL),/home/rrekikdi/Bureau/postdoc/pseudo_image/ms1_processed_11classes/Escherichia coli/COLI-251-AER-d200.npy
/home/rrekikdi/Bureau/postdoc/pseudo_image/images_npy_ms1/2022_10_14_Validation_LOTS-11-12-COLI_100SPD-100vW_zSWATH/COLI-251-ANA-d200.npy,COLI-251-ANA-d200,COLI,ESCCOL,251,Escherichia coli,Escherichia coli,CLASSE (typo corrigee: COLI->ESCCOL),/home/rrekikdi/Bureau/postdoc/pseudo_image/ms1_processed_11classes/Escherichia coli/COLI-251-ANA-d200.npy
/home/rrekikdi/Bureau/postdoc/pseudo_image/images_npy_ms1/2022_10_14_Validation_LOTS-11-12-COLI_100SPD-100vW_zSWATH/COLI-257-ANA-d200.npy,COLI-257-ANA-d200,COLI,ESCCOL,257,Escherichia coli,Escherichia coli,CLASSE (typo corrigee: COLI->ESCCOL),/home/rrekikdi/Bureau/postdoc/pseudo_image/ms1_processed_11classes/Escherichia coli/COLI-257-ANA-d200.npy
/home/rrekikdi/Bureau/postdoc/pseudo_image/images_npy_ms1/2022_10_14_Validation_LOTS-11-12-COLI_100SPD-100vW_zSWATH/COLI-258-AER-d200.npy,COLI-258-AER-d200,COLI,ESCCOL,258,Escherichia coli,Escherichia coli,CLASSE (typo corrigee: COLI->ESCCOL),/home/rrekikdi/Bureau/postdoc/pseudo_image/ms1_processed_11classes/Escherichia coli/COLI-258-AER-d200.npy
/home/rrekikdi/Bureau/postdoc/pseudo_image/images_npy_ms1/2022_10_14_Validation_LOTS-11-12-COLI_100SPD-100vW_zSWATH/COLI-258-ANA-d200.npy,COLI-258-ANA-d200,COLI,ESCCOL,258,Escherichia coli,Escherichia coli,CLASSE (typo corrigee: COLI->ESCCOL),/home/rrekikdi/Bureau/postdoc/pseudo_image/ms1_processed_11classes/Escherichia coli/COLI-258-ANA-d200.npy
/home/rrekikdi/Bureau/postdoc/pseudo_image/images_npy_ms1/2022_10_14_Validation_LOTS-11-12-COLI_100SPD-100vW_zSWATH/COLI-263-AER-d200.npy,COLI-263-AER-d200,COLI,ESCCOL,263,Escherichia coli,Escherichia coli,CLASSE (typo corrigee: COLI->ESCCOL),/home/rrekikdi/Bureau/postdoc/pseudo_image/ms1_processed_11classes/Escherichia coli/COLI-263-AER-d200.npy
/home/rrekikdi/Bureau/postdoc/pseudo_image/images_npy_ms1/2022_10_14_Validation_LOTS-11-12-COLI_100SPD-100vW_zSWATH/COLI-263-ANA-d200.npy,COLI-263-ANA-d200,COLI,ESCCOL,263,Escherichia coli,Escherichia coli,CLASSE (typo corrigee: COLI->ESCCOL),/home/rrekikdi/Bureau/postdoc/pseudo_image/ms1_processed_11classes/Escherichia coli/COLI-263-ANA-d200.npy
/home/rrekikdi/Bureau/postdoc/pseudo_image/images_npy_ms1/2022_10_14_Validation_LOTS-11-12-COLI_100SPD-100vW_zSWATH/COLI-270-AER-d200.npy,COLI-270-AER-d200,COLI,ESCCOL,270,Escherichia coli,Escherichia coli,CLASSE (typo corrigee: COLI->ESCCOL),/home/rrekikdi/Bureau/postdoc/pseudo_image/ms1_processed_11classes/Escherichia coli/COLI-270-AER-d200.npy
/home/rrekikdi/Bureau/postdoc/pseudo_image/images_npy_ms1/2022_10_14_Validation_LOTS-11-12-COLI_100SPD-100vW_zSWATH/COLI-270-ANA-d200.npy,COLI-270-ANA-d200,COLI,ESCCOL,270,Escherichia coli,Escherichia coli,CLASSE (typo corrigee: COLI->ESCCOL),/home/rrekikdi/Bureau/postdoc/pseudo_image/ms1_processed_11classes/Escherichia coli/COLI-270-ANA-d200.npy
/home/rrekikdi/Bureau/postdoc/pseudo_image/images_npy_ms1/2022_10_14_Validation_LOTS-11-12-COLI_100SPD-100vW_zSWATH/COLI-273-AER-d200.npy,COLI-273-AER-d200,COLI,ESCCOL,273,,Escherichia coli,"CLASSE (sample_nb absent du excel, classe par code seul)",/home/rrekikdi/Bureau/postdoc/pseudo_image/ms1_processed_11classes/Escherichia coli/COLI-273-AER-d200.npy
/home/rrekikdi/Bureau/postdoc/pseudo_image/images_npy_ms1/2022_10_14_Validation_LOTS-11-12-COLI_100SPD-100vW_zSWATH/COLI-273-ANA-d200.npy,COLI-273-ANA-d200,COLI,ESCCOL,273,,Escherichia coli,"CLASSE (sample_nb absent du excel, classe par code seul)",/home/rrekikdi/Bureau/postdoc/pseudo_image/ms1_processed_11classes/Escherichia coli/COLI-273-ANA-d200.npy
/home/rrekikdi/Bureau/postdoc/pseudo_image/images_npy_ms1/2022_10_14_Validation_LOTS-11-12-COLI_100SPD-100vW_zSWATH/COLI-95-AER-d200.npy,COLI-95-AER-d200,COLI,ESCCOL,95,Escherichia coli,Escherichia coli,CLASSE (typo corrigee: COLI->ESCCOL),/home/rrekikdi/Bureau/postdoc/pseudo_image/ms1_processed_11classes/Escherichia coli/COLI-95-AER-d200.npy
/home/rrekikdi/Bureau/postdoc/pseudo_image/images_npy_ms1/2022_10_14_Validation_LOTS-11-12-COLI_100SPD-100vW_zSWATH/COLI-95-ANA-d200.npy,COLI-95-ANA-d200,COLI,ESCCOL,95,Escherichia coli,Escherichia coli,CLASSE (typo corrigee: COLI->ESCCOL),/home/rrekikdi/Bureau/postdoc/pseudo_image/ms1_processed_11classes/Escherichia coli/COLI-95-ANA-d200.npy
/home/rrekikdi/Bureau/postdoc/pseudo_image/images_npy_ms1/2022_10_14_Validation_LOTS-11-12-COLI_100SPD-100vW_zSWATH/COLI-97-AER-d200.npy,COLI-97-AER-d200,COLI,ESCCOL,97,Escherichia coli,Escherichia coli,CLASSE (typo corrigee: COLI->ESCCOL),/home/rrekikdi/Bureau/postdoc/pseudo_image/ms1_processed_11classes/Escherichia coli/COLI-97-AER-d200.npy
/home/rrekikdi/Bureau/postdoc/pseudo_image/images_npy_ms1/2022_10_14_Validation_LOTS-11-12-COLI_100SPD-100vW_zSWATH/COLI-97-ANA-d200.npy,COLI-97-ANA-d200,COLI,ESCCOL,97,Escherichia coli,Escherichia coli,CLASSE (typo corrigee: COLI->ESCCOL),/home/rrekikdi/Bureau/postdoc/pseudo_image/ms1_processed_11classes/Escherichia coli/COLI-97-ANA-d200.npy
/home/rrekikdi/Bureau/postdoc/pseudo_image/images_npy_ms1/2022_10_14_Validation_LOTS-11-12-COLI_100SPD-100vW_zSWATH/COLI-98-AER-d200.npy,COLI-98-AER-d200,COLI,ESCCOL,98,Escherichia coli,Escherichia coli,CLASSE (typo corrigee: COLI->ESCCOL),/home/rrekikdi/Bureau/postdoc/pseudo_image/ms1_processed_11classes/Escherichia coli/COLI-98-AER-d200.npy
/home/rrekikdi/Bureau/postdoc/pseudo_image/images_npy_ms1/2022_10_14_Validation_LOTS-11-12-COLI_100SPD-100vW_zSWATH/COLI-98-ANA-d200.npy,COLI-98-ANA-d200,COLI,ESCCOL,98,Escherichia coli,Escherichia coli,CLASSE (typo corrigee: COLI->ESCCOL),/home/rrekikdi/Bureau/postdoc/pseudo_image/ms1_processed_11classes/Escherichia coli/COLI-98-ANA-d200.npy
/home/rrekikdi/Bureau/postdoc/pseudo_image/images_npy_ms1/2022_10_14_Validation_LOTS-11-12-COLI_100SPD-100vW_zSWATH/COLI-99-AER-d200.npy,COLI-99-AER-d200,COLI,ESCCOL,99,Escherichia coli,Escherichia coli,CLASSE (typo corrigee: COLI->ESCCOL),/home/rrekikdi/Bureau/postdoc/pseudo_image/ms1_processed_11classes/Escherichia coli/COLI-99-AER-d200.npy
/home/rrekikdi/Bureau/postdoc/pseudo_image/images_npy_ms1/2022_10_18_Validation_LOT-13-COLI_100SPD-100vW_zSWATH/COLI-104-AER-d200.npy,COLI-104-AER-d200,COLI,ESCCOL,104,Escherichia coli,Escherichia coli,CLASSE (typo corrigee: COLI->ESCCOL),/home/rrekikdi/Bureau/postdoc/pseudo_image/ms1_processed_11classes/Escherichia coli/COLI-104-AER-d200.npy
/home/rrekikdi/Bureau/postdoc/pseudo_image/images_npy_ms1/2022_10_18_Validation_LOT-13-COLI_100SPD-100vW_zSWATH/COLI-104-ANA-d200.npy,COLI-104-ANA-d200,COLI,ESCCOL,104,Escherichia coli,Escherichia coli,CLASSE (typo corrigee: COLI->ESCCOL),/home/rrekikdi/Bureau/postdoc/pseudo_image/ms1_processed_11classes/Escherichia coli/COLI-104-ANA-d200.npy
/home/rrekikdi/Bureau/postdoc/pseudo_image/images_npy_ms1/2022_10_18_Validation_LOT-13-COLI_100SPD-100vW_zSWATH/COLI-106-AER-d200.npy,COLI-106-AER-d200,COLI,ESCCOL,106,Escherichia coli,Escherichia coli,CLASSE (typo corrigee: COLI->ESCCOL),/home/rrekikdi/Bureau/postdoc/pseudo_image/ms1_processed_11classes/Escherichia coli/COLI-106-AER-d200.npy
/home/rrekikdi/Bureau/postdoc/pseudo_image/images_npy_ms1/2022_10_18_Validation_LOT-13-COLI_100SPD-100vW_zSWATH/COLI-106-ANA-d200.npy,COLI-106-ANA-d200,COLI,ESCCOL,106,Escherichia coli,Escherichia coli,CLASSE (typo corrigee: COLI->ESCCOL),/home/rrekikdi/Bureau/postdoc/pseudo_image/ms1_processed_11classes/Escherichia coli/COLI-106-ANA-d200.npy
/home/rrekikdi/Bureau/postdoc/pseudo_image/images_npy_ms1/2022_10_18_Validation_LOT-13-COLI_100SPD-100vW_zSWATH/COLI-115-AER-d200.npy,COLI-115-AER-d200,COLI,ESCCOL,115,Escherichia coli,Escherichia coli,CLASSE (typo corrigee: COLI->ESCCOL),/home/rrekikdi/Bureau/postdoc/pseudo_image/ms1_processed_11classes/Escherichia coli/COLI-115-AER-d200.npy
/home/rrekikdi/Bureau/postdoc/pseudo_image/images_npy_ms1/2022_10_18_Validation_LOT-13-COLI_100SPD-100vW_zSWATH/COLI-115-ANA-d200.npy,COLI-115-ANA-d200,COLI,ESCCOL,115,Escherichia coli,Escherichia coli,CLASSE (typo corrigee: COLI->ESCCOL),/home/rrekikdi/Bureau/postdoc/pseudo_image/ms1_processed_11classes/Escherichia coli/COLI-115-ANA-d200.npy
/home/rrekikdi/Bureau/postdoc/pseudo_image/images_npy_ms1/2022_10_18_Validation_LOT-13-COLI_100SPD-100vW_zSWATH/COLI-126-AER-d200.npy,COLI-126-AER-d200,COLI,ESCCOL,126,Escherichia coli,Escherichia coli,CLASSE (typo corrigee: COLI->ESCCOL),/home/rrekikdi/Bureau/postdoc/pseudo_image/ms1_processed_11classes/Escherichia coli/COLI-126-AER-d200.npy
/home/rrekikdi/Bureau/postdoc/pseudo_image/images_npy_ms1/2022_10_18_Validation_LOT-13-COLI_100SPD-100vW_zSWATH/COLI-126-ANA-d200.npy,COLI-126-ANA-d200,COLI,ESCCOL,126,Escherichia coli,Escherichia coli,CLASSE (typo corrigee: COLI->ESCCOL),/home/rrekikdi/Bureau/postdoc/pseudo_image/ms1_processed_11classes/Escherichia coli/COLI-126-ANA-d200.npy
/home/rrekikdi/Bureau/postdoc/pseudo_image/images_npy_ms1/2022_10_18_Validation_LOT-13-COLI_100SPD-100vW_zSWATH/COLI-160-AER-d200.npy,COLI-160-AER-d200,COLI,ESCCOL,160,Escherichia coli,Escherichia coli,CLASSE (typo corrigee: COLI->ESCCOL),/home/rrekikdi/Bureau/postdoc/pseudo_image/ms1_processed_11classes/Escherichia coli/COLI-160-AER-d200.npy
/home/rrekikdi/Bureau/postdoc/pseudo_image/images_npy_ms1/2022_10_18_Validation_LOT-13-COLI_100SPD-100vW_zSWATH/COLI-160-ANA-d200.npy,COLI-160-ANA-d200,COLI,ESCCOL,160,Escherichia coli,Escherichia coli,CLASSE (typo corrigee: COLI->ESCCOL),/home/rrekikdi/Bureau/postdoc/pseudo_image/ms1_processed_11classes/Escherichia coli/COLI-160-ANA-d200.npy
/home/rrekikdi/Bureau/postdoc/pseudo_image/images_npy_ms1/2022_10_18_Validation_LOT-13-COLI_100SPD-100vW_zSWATH/COLI-161-AER-d200.npy,COLI-161-AER-d200,COLI,ESCCOL,161,Escherichia coli,Escherichia coli,CLASSE (typo corrigee: COLI->ESCCOL),/home/rrekikdi/Bureau/postdoc/pseudo_image/ms1_processed_11classes/Escherichia coli/COLI-161-AER-d200.npy
/home/rrekikdi/Bureau/postdoc/pseudo_image/images_npy_ms1/2022_10_18_Validation_LOT-13-COLI_100SPD-100vW_zSWATH/COLI-161-ANA-d200.npy,COLI-161-ANA-d200,COLI,ESCCOL,161,Escherichia coli,Escherichia coli,CLASSE (typo corrigee: COLI->ESCCOL),/home/rrekikdi/Bureau/postdoc/pseudo_image/ms1_processed_11classes/Escherichia coli/COLI-161-ANA-d200.npy
/home/rrekikdi/Bureau/postdoc/pseudo_image/images_npy_ms1/2022_10_18_Validation_LOT-13-COLI_100SPD-100vW_zSWATH/COLI-162-AER-d200.npy,COLI-162-AER-d200,COLI,ESCCOL,162,Escherichia coli,Escherichia coli,CLASSE (typo corrigee: COLI->ESCCOL),/home/rrekikdi/Bureau/postdoc/pseudo_image/ms1_processed_11classes/Escherichia coli/COLI-162-AER-d200.npy
/home/rrekikdi/Bureau/postdoc/pseudo_image/images_npy_ms1/2022_10_18_Validation_LOT-13-COLI_100SPD-100vW_zSWATH/COLI-162-ANA-d200.npy,COLI-162-ANA-d200,COLI,ESCCOL,162,Escherichia coli,Escherichia coli,CLASSE (typo corrigee: COLI->ESCCOL),/home/rrekikdi/Bureau/postdoc/pseudo_image/ms1_processed_11classes/Escherichia coli/COLI-162-ANA-d200.npy
/home/rrekikdi/Bureau/postdoc/pseudo_image/images_npy_ms1/2022_10_18_Validation_LOT-13-COLI_100SPD-100vW_zSWATH/COLI-163-AER-d200.npy,COLI-163-AER-d200,COLI,ESCCOL,163,Escherichia coli,Escherichia coli,CLASSE (typo corrigee: COLI->ESCCOL),/home/rrekikdi/Bureau/postdoc/pseudo_image/ms1_processed_11classes/Escherichia coli/COLI-163-AER-d200.npy
/home/rrekikdi/Bureau/postdoc/pseudo_image/images_npy_ms1/2022_10_18_Validation_LOT-13-COLI_100SPD-100vW_zSWATH/COLI-163-ANA-d200.npy,COLI-163-ANA-d200,COLI,ESCCOL,163,Escherichia coli,Escherichia coli,CLASSE (typo corrigee: COLI->ESCCOL),/home/rrekikdi/Bureau/postdoc/pseudo_image/ms1_processed_11classes/Escherichia coli/COLI-163-ANA-d200.npy
/home/rrekikdi/Bureau/postdoc/pseudo_image/images_npy_ms1/2022_10_18_Validation_LOT-13-COLI_100SPD-100vW_zSWATH/COLI-180-AER-d200.npy,COLI-180-AER-d200,COLI,ESCCOL,180,Escherichia coli,Escherichia coli,CLASSE (typo corrigee: COLI->ESCCOL),/home/rrekikdi/Bureau/postdoc/pseudo_image/ms1_processed_11classes/Escherichia coli/COLI-180-AER-d200.npy
/home/rrekikdi/Bureau/postdoc/pseudo_image/images_npy_ms1/2022_10_18_Validation_LOT-13-COLI_100SPD-100vW_zSWATH/COLI-180-ANA-d200.npy,COLI-180-ANA-d200,COLI,ESCCOL,180,Escherichia coli,Escherichia coli,CLASSE (typo corrigee: COLI->ESCCOL),/home/rrekikdi/Bureau/postdoc/pseudo_image/ms1_processed_11classes/Escherichia coli/COLI-180-ANA-d200.npy
/home/rrekikdi/Bureau/postdoc/pseudo_image/images_npy_ms1/2022_10_18_Validation_LOT-13-COLI_100SPD-100vW_zSWATH/COLI-181-AER-d200.npy,COLI-181-AER-d200,COLI,ESCCOL,181,Escherichia coli,Escherichia coli,CLASSE (typo corrigee: COLI->ESCCOL),/home/rrekikdi/Bureau/postdoc/pseudo_image/ms1_processed_11classes/Escherichia coli/COLI-181-AER-d200.npy
/home/rrekikdi/Bureau/postdoc/pseudo_image/images_npy_ms1/2022_10_18_Validation_LOT-13-COLI_100SPD-100vW_zSWATH/COLI-181-ANA-d200.npy,COLI-181-ANA-d200,COLI,ESCCOL,181,Escherichia coli,Escherichia coli,CLASSE (typo corrigee: COLI->ESCCOL),/home/rrekikdi/Bureau/postdoc/pseudo_image/ms1_processed_11classes/Escherichia coli/COLI-181-ANA-d200.npy
/home/rrekikdi/Bureau/postdoc/pseudo_image/images_npy_ms1/2022_10_18_Validation_LOT-13-COLI_100SPD-100vW_zSWATH/COLI-182-AER-d200.npy,COLI-182-AER-d200,COLI,ESCCOL,182,Escherichia coli,Escherichia coli,CLASSE (typo corrigee: COLI->ESCCOL),/home/rrekikdi/Bureau/postdoc/pseudo_image/ms1_processed_11classes/Escherichia coli/COLI-182-AER-d200.npy
/home/rrekikdi/Bureau/postdoc/pseudo_image/images_npy_ms1/2022_10_18_Validation_LOT-13-COLI_100SPD-100vW_zSWATH/COLI-182-ANA-d200.npy,COLI-182-ANA-d200,COLI,ESCCOL,182,Escherichia coli,Escherichia coli,CLASSE (typo corrigee: COLI->ESCCOL),/home/rrekikdi/Bureau/postdoc/pseudo_image/ms1_processed_11classes/Escherichia coli/COLI-182-ANA-d200.npy
/home/rrekikdi/Bureau/postdoc/pseudo_image/images_npy_ms1/2022_10_18_Validation_LOT-13-COLI_100SPD-100vW_zSWATH/COLI-183-AER-d200.npy,COLI-183-AER-d200,COLI,ESCCOL,183,Escherichia coli,Escherichia coli,CLASSE (typo corrigee: COLI->ESCCOL),/home/rrekikdi/Bureau/postdoc/pseudo_image/ms1_processed_11classes/Escherichia coli/COLI-183-AER-d200.npy
/home/rrekikdi/Bureau/postdoc/pseudo_image/images_npy_ms1/2022_10_18_Validation_LOT-13-COLI_100SPD-100vW_zSWATH/COLI-183-ANA-d200.npy,COLI-183-ANA-d200,COLI,ESCCOL,183,Escherichia coli,Escherichia coli,CLASSE (typo corrigee: COLI->ESCCOL),/home/rrekikdi/Bureau/postdoc/pseudo_image/ms1_processed_11classes/Escherichia coli/COLI-183-ANA-d200.npy
/home/rrekikdi/Bureau/postdoc/pseudo_image/images_npy_ms1/2022_10_18_Validation_LOT-13-COLI_100SPD-100vW_zSWATH/COLI-184-AER-d200.npy,COLI-184-AER-d200,COLI,ESCCOL,184,Escherichia coli,Escherichia coli,CLASSE (typo corrigee: COLI->ESCCOL),/home/rrekikdi/Bureau/postdoc/pseudo_image/ms1_processed_11classes/Escherichia coli/COLI-184-AER-d200.npy
/home/rrekikdi/Bureau/postdoc/pseudo_image/images_npy_ms1/2022_10_18_Validation_LOT-13-COLI_100SPD-100vW_zSWATH/COLI-184-ANA-d200.npy,COLI-184-ANA-d200,COLI,ESCCOL,184,Escherichia coli,Escherichia coli,CLASSE (typo corrigee: COLI->ESCCOL),/home/rrekikdi/Bureau/postdoc/pseudo_image/ms1_processed_11classes/Escherichia coli/COLI-184-ANA-d200.npy
/home/rrekikdi/Bureau/postdoc/pseudo_image/images_npy_ms1/2022_10_18_Validation_LOT-13-COLI_100SPD-100vW_zSWATH/COLI-194-AER-d200.npy,COLI-194-AER-d200,COLI,ESCCOL,194,Escherichia coli,Escherichia coli,CLASSE (typo corrigee: COLI->ESCCOL),/home/rrekikdi/Bureau/postdoc/pseudo_image/ms1_processed_11classes/Escherichia coli/COLI-194-AER-d200.npy
/home/rrekikdi/Bureau/postdoc/pseudo_image/images_npy_ms1/2022_10_18_Validation_LOT-13-COLI_100SPD-100vW_zSWATH/COLI-194-ANA-d200.npy,COLI-194-ANA-d200,COLI,ESCCOL,194,Escherichia coli,Escherichia coli,CLASSE (typo corrigee: COLI->ESCCOL),/home/rrekikdi/Bureau/postdoc/pseudo_image/ms1_processed_11classes/Escherichia coli/COLI-194-ANA-d200.npy
/home/rrekikdi/Bureau/postdoc/pseudo_image/images_npy_ms1/2022_10_18_Validation_LOT-13-COLI_100SPD-100vW_zSWATH/COLI-206-AER-d200.npy,COLI-206-AER-d200,COLI,ESCCOL,206,Escherichia coli,Escherichia coli,CLASSE (typo corrigee: COLI->ESCCOL),/home/rrekikdi/Bureau/postdoc/pseudo_image/ms1_processed_11classes/Escherichia coli/COLI-206-AER-d200.npy
/home/rrekikdi/Bureau/postdoc/pseudo_image/images_npy_ms1/2022_10_18_Validation_LOT-13-COLI_100SPD-100vW_zSWATH/COLI-206-ANA-d200.npy,COLI-206-ANA-d200,COLI,ESCCOL,206,Escherichia coli,Escherichia coli,CLASSE (typo corrigee: COLI->ESCCOL),/home/rrekikdi/Bureau/postdoc/pseudo_image/ms1_processed_11classes/Escherichia coli/COLI-206-ANA-d200.npy
/home/rrekikdi/Bureau/postdoc/pseudo_image/images_npy_ms1/2022_11_10_Validation_EC(COLI)_100SPD-100vW_zSWATH/EC 107 AER.npy,EC 107 AER,EC,ESCCOL,107,Escherichia coli,Escherichia coli,CLASSE (typo corrigee: EC->ESCCOL),/home/rrekikdi/Bureau/postdoc/pseudo_image/ms1_processed_11classes/Escherichia coli/EC 107 AER.npy
/home/rrekikdi/Bureau/postdoc/pseudo_image/images_npy_ms1/2022_11_10_Validation_EC(COLI)_100SPD-100vW_zSWATH/EC 107 ANA.npy,EC 107 ANA,EC,ESCCOL,107,Escherichia coli,Escherichia coli,CLASSE (typo corrigee: EC->ESCCOL),/home/rrekikdi/Bureau/postdoc/pseudo_image/ms1_processed_11classes/Escherichia coli/EC 107 ANA.npy
/home/rrekikdi/Bureau/postdoc/pseudo_image/images_npy_ms1/2022_11_10_Validation_EC(COLI)_100SPD-100vW_zSWATH/EC 114 AER.npy,EC 114 AER,EC,ESCCOL,114,Escherichia coli,Escherichia coli,CLASSE (typo corrigee: EC->ESCCOL),/home/rrekikdi/Bureau/postdoc/pseudo_image/ms1_processed_11classes/Escherichia coli/EC 114 AER.npy
/home/rrekikdi/Bureau/postdoc/pseudo_image/images_npy_ms1/2022_11_10_Validation_EC(COLI)_100SPD-100vW_zSWATH/EC 114 ANA.npy,EC 114 ANA,EC,ESCCOL,114,Escherichia coli,Escherichia coli,CLASSE (typo corrigee: EC->ESCCOL),/home/rrekikdi/Bureau/postdoc/pseudo_image/ms1_processed_11classes/Escherichia coli/EC 114 ANA.npy
/home/rrekikdi/Bureau/postdoc/pseudo_image/images_npy_ms1/2022_11_10_Validation_EC(COLI)_100SPD-100vW_zSWATH/EC 119 AER.npy,EC 119 AER,EC,ESCCOL,119,Escherichia coli,Escherichia coli,CLASSE (typo corrigee: EC->ESCCOL),/home/rrekikdi/Bureau/postdoc/pseudo_image/ms1_processed_11classes/Escherichia coli/EC 119 AER.npy
/home/rrekikdi/Bureau/postdoc/pseudo_image/images_npy_ms1/2022_11_10_Validation_EC(COLI)_100SPD-100vW_zSWATH/EC 119 ANA.npy,EC 119 ANA,EC,ESCCOL,119,Escherichia coli,Escherichia coli,CLASSE (typo corrigee: EC->ESCCOL),/home/rrekikdi/Bureau/postdoc/pseudo_image/ms1_processed_11classes/Escherichia coli/EC 119 ANA.npy
/home/rrekikdi/Bureau/postdoc/pseudo_image/images_npy_ms1/2022_11_10_Validation_EC(COLI)_100SPD-100vW_zSWATH/EC 128 AER.npy,EC 128 AER,EC,ESCCOL,128,Escherichia coli,Escherichia coli,CLASSE (typo corrigee: EC->ESCCOL),/home/rrekikdi/Bureau/postdoc/pseudo_image/ms1_processed_11classes/Escherichia coli/EC 128 AER.npy
/home/rrekikdi/Bureau/postdoc/pseudo_image/images_npy_ms1/2022_11_10_Validation_EC(COLI)_100SPD-100vW_zSWATH/EC 128 ANA.npy,EC 128 ANA,EC,ESCCOL,128,Escherichia coli,Escherichia coli,CLASSE (typo corrigee: EC->ESCCOL),/home/rrekikdi/Bureau/postdoc/pseudo_image/ms1_processed_11classes/Escherichia coli/EC 128 ANA.npy
/home/rrekikdi/Bureau/postdoc/pseudo_image/images_npy_ms1/2022_11_10_Validation_EC(COLI)_100SPD-100vW_zSWATH/EC 130 AER.npy,EC 130 AER,EC,ESCCOL,130,Escherichia coli,Escherichia coli,CLASSE (typo corrigee: EC->ESCCOL),/home/rrekikdi/Bureau/postdoc/pseudo_image/ms1_processed_11classes/Escherichia coli/EC 130 AER.npy
/home/rrekikdi/Bureau/postdoc/pseudo_image/images_npy_ms1/2022_11_10_Validation_EC(COLI)_100SPD-100vW_zSWATH/EC 130 ANA.npy,EC 130 ANA,EC,ESCCOL,130,Escherichia coli,Escherichia coli,CLASSE (typo corrigee: EC->ESCCOL),/home/rrekikdi/Bureau/postdoc/pseudo_image/ms1_processed_11classes/Escherichia coli/EC 130 ANA.npy
/home/rrekikdi/Bureau/postdoc/pseudo_image/images_npy_ms1/2022_11_10_Validation_EC(COLI)_100SPD-100vW_zSWATH/EC 131 AER.npy,EC 131 AER,EC,ESCCOL,131,Escherichia coli,Escherichia coli,CLASSE (typo corrigee: EC->ESCCOL),/home/rrekikdi/Bureau/postdoc/pseudo_image/ms1_processed_11classes/Escherichia coli/EC 131 AER.npy
/home/rrekikdi/Bureau/postdoc/pseudo_image/images_npy_ms1/2022_11_10_Validation_EC(COLI)_100SPD-100vW_zSWATH/EC 131 ANA.npy,EC 131 ANA,EC,ESCCOL,131,Escherichia coli,Escherichia coli,CLASSE (typo corrigee: EC->ESCCOL),/home/rrekikdi/Bureau/postdoc/pseudo_image/ms1_processed_11classes/Escherichia coli/EC 131 ANA.npy
/home/rrekikdi/Bureau/postdoc/pseudo_image/images_npy_ms1/2022_11_10_Validation_EC(COLI)_100SPD-100vW_zSWATH/EC 150 AER.npy,EC 150 AER,EC,ESCCOL,150,Escherichia coli,Escherichia coli,CLASSE (typo corrigee: EC->ESCCOL),/home/rrekikdi/Bureau/postdoc/pseudo_image/ms1_processed_11classes/Escherichia coli/EC 150 AER.npy
/home/rrekikdi/Bureau/postdoc/pseudo_image/images_npy_ms1/2022_11_10_Validation_EC(COLI)_100SPD-100vW_zSWATH/EC 150 ANA.npy,EC 150 ANA,EC,ESCCOL,150,Escherichia coli,Escherichia coli,CLASSE (typo corrigee: EC->ESCCOL),/home/rrekikdi/Bureau/postdoc/pseudo_image/ms1_processed_11classes/Escherichia coli/EC 150 ANA.npy
/home/rrekikdi/Bureau/postdoc/pseudo_image/images_npy_ms1/2022_11_10_Validation_EC(COLI)_100SPD-100vW_zSWATH/EC 152 AER.npy,EC 152 AER,EC,ESCCOL,152,Escherichia coli,Escherichia coli,CLASSE (typo corrigee: EC->ESCCOL),/home/rrekikdi/Bureau/postdoc/pseudo_image/ms1_processed_11classes/Escherichia coli/EC 152 AER.npy
/home/rrekikdi/Bureau/postdoc/pseudo_image/images_npy_ms1/2022_11_10_Validation_EC(COLI)_100SPD-100vW_zSWATH/EC 152 ANA.npy,EC 152 ANA,EC,ESCCOL,152,Escherichia coli,Escherichia coli,CLASSE (typo corrigee: EC->ESCCOL),/home/rrekikdi/Bureau/postdoc/pseudo_image/ms1_processed_11classes/Escherichia coli/EC 152 ANA.npy
/home/rrekikdi/Bureau/postdoc/pseudo_image/images_npy_ms1/2022_11_10_Validation_EC(COLI)_100SPD-100vW_zSWATH/EC 158 AER.npy,EC 158 AER,EC,ESCCOL,158,Escherichia coli,Escherichia coli,CLASSE (typo corrigee: EC->ESCCOL),/home/rrekikdi/Bureau/postdoc/pseudo_image/ms1_processed_11classes/Escherichia coli/EC 158 AER.npy
/home/rrekikdi/Bureau/postdoc/pseudo_image/images_npy_ms1/2022_11_10_Validation_EC(COLI)_100SPD-100vW_zSWATH/EC 158 ANA.npy,EC 158 ANA,EC,ESCCOL,158,Escherichia coli,Escherichia coli,CLASSE (typo corrigee: EC->ESCCOL),/home/rrekikdi/Bureau/postdoc/pseudo_image/ms1_processed_11classes/Escherichia coli/EC 158 ANA.npy
/home/rrekikdi/Bureau/postdoc/pseudo_image/images_npy_ms1/2022_11_10_Validation_EC(COLI)_100SPD-100vW_zSWATH/EC 169 AER.npy,EC 169 AER,EC,ESCCOL,169,Escherichia coli,Escherichia coli,CLASSE (typo corrigee: EC->ESCCOL),/home/rrekikdi/Bureau/postdoc/pseudo_image/ms1_processed_11classes/Escherichia coli/EC 169 AER.npy
/home/rrekikdi/Bureau/postdoc/pseudo_image/images_npy_ms1/2022_11_10_Validation_EC(COLI)_100SPD-100vW_zSWATH/EC 169 ANA.npy,EC 169 ANA,EC,ESCCOL,169,Escherichia coli,Escherichia coli,CLASSE (typo corrigee: EC->ESCCOL),/home/rrekikdi/Bureau/postdoc/pseudo_image/ms1_processed_11classes/Escherichia coli/EC 169 ANA.npy
/home/rrekikdi/Bureau/postdoc/pseudo_image/images_npy_ms1/2022_11_10_Validation_EC(COLI)_100SPD-100vW_zSWATH/EC 202 AER.npy,EC 202 AER,EC,ESCCOL,202,Escherichia coli,Escherichia coli,CLASSE (typo corrigee: EC->ESCCOL),/home/rrekikdi/Bureau/postdoc/pseudo_image/ms1_processed_11classes/Escherichia coli/EC 202 AER.npy
/home/rrekikdi/Bureau/postdoc/pseudo_image/images_npy_ms1/2022_11_10_Validation_EC(COLI)_100SPD-100vW_zSWATH/EC 202 ANA.npy,EC 202 ANA,EC,ESCCOL,202,Escherichia coli,Escherichia coli,CLASSE (typo corrigee: EC->ESCCOL),/home/rrekikdi/Bureau/postdoc/pseudo_image/ms1_processed_11classes/Escherichia coli/EC 202 ANA.npy
/home/rrekikdi/Bureau/postdoc/pseudo_image/images_npy_ms1/2022_11_10_Validation_EC(COLI)_100SPD-100vW_zSWATH/EC 209 AER.npy,EC 209 AER,EC,ESCCOL,209,Escherichia coli,Escherichia coli,CLASSE (typo corrigee: EC->ESCCOL),/home/rrekikdi/Bureau/postdoc/pseudo_image/ms1_processed_11classes/Escherichia coli/EC 209 AER.npy
/home/rrekikdi/Bureau/postdoc/pseudo_image/images_npy_ms1/2022_11_10_Validation_EC(COLI)_100SPD-100vW_zSWATH/EC 209 ANA.npy,EC 209 ANA,EC,ESCCOL,209,Escherichia coli,Escherichia coli,CLASSE (typo corrigee: EC->ESCCOL),/home/rrekikdi/Bureau/postdoc/pseudo_image/ms1_processed_11classes/Escherichia coli/EC 209 ANA.npy
/home/rrekikdi/Bureau/postdoc/pseudo_image/images_npy_ms1/2022_11_10_Validation_EC(COLI)_100SPD-100vW_zSWATH/EC 221 AER.npy,EC 221 AER,EC,ESCCOL,221,Escherichia coli,Escherichia coli,CLASSE (typo corrigee: EC->ESCCOL),/home/rrekikdi/Bureau/postdoc/pseudo_image/ms1_processed_11classes/Escherichia coli/EC 221 AER.npy
/home/rrekikdi/Bureau/postdoc/pseudo_image/images_npy_ms1/2022_11_10_Validation_EC(COLI)_100SPD-100vW_zSWATH/EC 221 ANA.npy,EC 221 ANA,EC,ESCCOL,221,Escherichia coli,Escherichia coli,CLASSE (typo corrigee: EC->ESCCOL),/home/rrekikdi/Bureau/postdoc/pseudo_image/ms1_processed_11classes/Escherichia coli/EC 221 ANA.npy
/home/rrekikdi/Bureau/postdoc/pseudo_image/images_npy_ms1/2022_11_10_Validation_EC(COLI)_100SPD-100vW_zSWATH/EC 225 AER.npy,EC 225 AER,EC,ESCCOL,225,Escherichia coli,Escherichia coli,CLASSE (typo corrigee: EC->ESCCOL),/home/rrekikdi/Bureau/postdoc/pseudo_image/ms1_processed_11classes/Escherichia coli/EC 225 AER.npy
/home/rrekikdi/Bureau/postdoc/pseudo_image/images_npy_ms1/2022_11_10_Validation_EC(COLI)_100SPD-100vW_zSWATH/EC 225 ANA.npy,EC 225 ANA,EC,ESCCOL,225,Escherichia coli,Escherichia coli,CLASSE (typo corrigee: EC->ESCCOL),/home/rrekikdi/Bureau/postdoc/pseudo_image/ms1_processed_11classes/Escherichia coli/EC 225 ANA.npy
/home/rrekikdi/Bureau/postdoc/pseudo_image/images_npy_ms1/2022_11_10_Validation_EC(COLI)_100SPD-100vW_zSWATH/EC 226 AER.npy,EC 226 AER,EC,ESCCOL,226,Escherichia coli,Escherichia coli,CLASSE (typo corrigee: EC->ESCCOL),/home/rrekikdi/Bureau/postdoc/pseudo_image/ms1_processed_11classes/Escherichia coli/EC 226 AER.npy
/home/rrekikdi/Bureau/postdoc/pseudo_image/images_npy_ms1/2022_11_10_Validation_EC(COLI)_100SPD-100vW_zSWATH/EC 226 ANA.npy,EC 226 ANA,EC,ESCCOL,226,Escherichia coli,Escherichia coli,CLASSE (typo corrigee: EC->ESCCOL),/home/rrekikdi/Bureau/postdoc/pseudo_image/ms1_processed_11classes/Escherichia coli/EC 226 ANA.npy
/home/rrekikdi/Bureau/postdoc/pseudo_image/images_npy_ms1/2022_11_10_Validation_EC(COLI)_100SPD-100vW_zSWATH/EC 227 AER.npy,EC 227 AER,EC,ESCCOL,227,Escherichia coli,Escherichia coli,CLASSE (typo corrigee: EC->ESCCOL),/home/rrekikdi/Bureau/postdoc/pseudo_image/ms1_processed_11classes/Escherichia coli/EC 227 AER.npy
/home/rrekikdi/Bureau/postdoc/pseudo_image/images_npy_ms1/2022_11_10_Validation_EC(COLI)_100SPD-100vW_zSWATH/EC 227 ANA.npy,EC 227 ANA,EC,ESCCOL,227,Escherichia coli,Escherichia coli,CLASSE (typo corrigee: EC->ESCCOL),/home/rrekikdi/Bureau/postdoc/pseudo_image/ms1_processed_11classes/Escherichia coli/EC 227 ANA.npy
/home/rrekikdi/Bureau/postdoc/pseudo_image/images_npy_ms1/2022_11_10_Validation_EC(COLI)_100SPD-100vW_zSWATH/EC 228 AER.npy,EC 228 AER,EC,ESCCOL,228,Escherichia coli,Escherichia coli,CLASSE (typo corrigee: EC->ESCCOL),/home/rrekikdi/Bureau/postdoc/pseudo_image/ms1_processed_11classes/Escherichia coli/EC 228 AER.npy
/home/rrekikdi/Bureau/postdoc/pseudo_image/images_npy_ms1/2022_11_10_Validation_EC(COLI)_100SPD-100vW_zSWATH/EC 228 ANA.npy,EC 228 ANA,EC,ESCCOL,228,Escherichia coli,Escherichia coli,CLASSE (typo corrigee: EC->ESCCOL),/home/rrekikdi/Bureau/postdoc/pseudo_image/ms1_processed_11classes/Escherichia coli/EC 228 ANA.npy
/home/rrekikdi/Bureau/postdoc/pseudo_image/images_npy_ms1/2022_11_10_Validation_EC(COLI)_100SPD-100vW_zSWATH/EC 229 AER.npy,EC 229 AER,EC,ESCCOL,229,Escherichia coli,Escherichia coli,CLASSE (typo corrigee: EC->ESCCOL),/home/rrekikdi/Bureau/postdoc/pseudo_image/ms1_processed_11classes/Escherichia coli/EC 229 AER.npy
/home/rrekikdi/Bureau/postdoc/pseudo_image/images_npy_ms1/2022_11_10_Validation_EC(COLI)_100SPD-100vW_zSWATH/EC 229 ANA.npy,EC 229 ANA,EC,ESCCOL,229,Escherichia coli,Escherichia coli,CLASSE (typo corrigee: EC->ESCCOL),/home/rrekikdi/Bureau/postdoc/pseudo_image/ms1_processed_11classes/Escherichia coli/EC 229 ANA.npy
/home/rrekikdi/Bureau/postdoc/pseudo_image/images_npy_ms1/2022_11_10_Validation_EC(COLI)_100SPD-100vW_zSWATH/EC 230 AER.npy,EC 230 AER,EC,ESCCOL,230,Escherichia coli,Escherichia coli,CLASSE (typo corrigee: EC->ESCCOL),/home/rrekikdi/Bureau/postdoc/pseudo_image/ms1_processed_11classes/Escherichia coli/EC 230 AER.npy
/home/rrekikdi/Bureau/postdoc/pseudo_image/images_npy_ms1/2022_11_10_Validation_EC(COLI)_100SPD-100vW_zSWATH/EC 230 ANA.npy,EC 230 ANA,EC,ESCCOL,230,Escherichia coli,Escherichia coli,CLASSE (typo corrigee: EC->ESCCOL),/home/rrekikdi/Bureau/postdoc/pseudo_image/ms1_processed_11classes/Escherichia coli/EC 230 ANA.npy
/home/rrekikdi/Bureau/postdoc/pseudo_image/images_npy_ms1/2022_11_10_Validation_EC(COLI)_100SPD-100vW_zSWATH/EC 243 AER.npy,EC 243 AER,EC,ESCCOL,243,Escherichia coli,Escherichia coli,CLASSE (typo corrigee: EC->ESCCOL),/home/rrekikdi/Bureau/postdoc/pseudo_image/ms1_processed_11classes/Escherichia coli/EC 243 AER.npy
/home/rrekikdi/Bureau/postdoc/pseudo_image/images_npy_ms1/2022_11_10_Validation_EC(COLI)_100SPD-100vW_zSWATH/EC 243 ANA.npy,EC 243 ANA,EC,ESCCOL,243,Escherichia coli,Escherichia coli,CLASSE (typo corrigee: EC->ESCCOL),/home/rrekikdi/Bureau/postdoc/pseudo_image/ms1_processed_11classes/Escherichia coli/EC 243 ANA.npy
/home/rrekikdi/Bureau/postdoc/pseudo_image/images_npy_ms1/2022_11_10_Validation_EC(COLI)_100SPD-100vW_zSWATH/EC 244 AER.npy,EC 244 AER,EC,ESCCOL,244,Escherichia coli,Escherichia coli,CLASSE (typo corrigee: EC->ESCCOL),/home/rrekikdi/Bureau/postdoc/pseudo_image/ms1_processed_11classes/Escherichia coli/EC 244 AER.npy
/home/rrekikdi/Bureau/postdoc/pseudo_image/images_npy_ms1/2022_11_10_Validation_EC(COLI)_100SPD-100vW_zSWATH/EC 244 ANA.npy,EC 244 ANA,EC,ESCCOL,244,Escherichia coli,Escherichia coli,CLASSE (typo corrigee: EC->ESCCOL),/home/rrekikdi/Bureau/postdoc/pseudo_image/ms1_processed_11classes/Escherichia coli/EC 244 ANA.npy
/home/rrekikdi/Bureau/postdoc/pseudo_image/images_npy_ms1/2022_11_10_Validation_EC(COLI)_100SPD-100vW_zSWATH/EC 245 AER.npy,EC 245 AER,EC,ESCCOL,245,Escherichia coli,Escherichia coli,CLASSE (typo corrigee: EC->ESCCOL),/home/rrekikdi/Bureau/postdoc/pseudo_image/ms1_processed_11classes/Escherichia coli/EC 245 AER.npy
/home/rrekikdi/Bureau/postdoc/pseudo_image/images_npy_ms1/2022_11_10_Validation_EC(COLI)_100SPD-100vW_zSWATH/EC 245 ANA.npy,EC 245 ANA,EC,ESCCOL,245,Escherichia coli,Escherichia coli,CLASSE (typo corrigee: EC->ESCCOL),/home/rrekikdi/Bureau/postdoc/pseudo_image/ms1_processed_11classes/Escherichia coli/EC 245 ANA.npy
/home/rrekikdi/Bureau/postdoc/pseudo_image/images_npy_ms1/2022_11_10_Validation_EC(COLI)_100SPD-100vW_zSWATH/EC 249 AER.npy,EC 249 AER,EC,ESCCOL,249,Escherichia coli,Escherichia coli,CLASSE (typo corrigee: EC->ESCCOL),/home/rrekikdi/Bureau/postdoc/pseudo_image/ms1_processed_11classes/Escherichia coli/EC 249 AER.npy
/home/rrekikdi/Bureau/postdoc/pseudo_image/images_npy_ms1/2022_11_10_Validation_EC(COLI)_100SPD-100vW_zSWATH/EC 249 ANA.npy,EC 249 ANA,EC,ESCCOL,249,Escherichia coli,Escherichia coli,CLASSE (typo corrigee: EC->ESCCOL),/home/rrekikdi/Bureau/postdoc/pseudo_image/ms1_processed_11classes/Escherichia coli/EC 249 ANA.npy
/home/rrekikdi/Bureau/postdoc/pseudo_image/images_npy_ms1/2022_11_10_Validation_EC(COLI)_100SPD-100vW_zSWATH/EC 262 AER.npy,EC 262 AER,EC,ESCCOL,262,Escherichia coli,Escherichia coli,CLASSE (typo corrigee: EC->ESCCOL),/home/rrekikdi/Bureau/postdoc/pseudo_image/ms1_processed_11classes/Escherichia coli/EC 262 AER.npy
/home/rrekikdi/Bureau/postdoc/pseudo_image/images_npy_ms1/2022_11_10_Validation_EC(COLI)_100SPD-100vW_zSWATH/EC 262 ANA.npy,EC 262 ANA,EC,ESCCOL,262,Escherichia coli,Escherichia coli,CLASSE (typo corrigee: EC->ESCCOL),/home/rrekikdi/Bureau/postdoc/pseudo_image/ms1_processed_11classes/Escherichia coli/EC 262 ANA.npy
/home/rrekikdi/Bureau/postdoc/pseudo_image/images_npy_ms1/2022_11_10_Validation_EC(COLI)_100SPD-100vW_zSWATH/EC 264 AER.npy,EC 264 AER,EC,ESCCOL,264,Escherichia coli,Escherichia coli,CLASSE (typo corrigee: EC->ESCCOL),/home/rrekikdi/Bureau/postdoc/pseudo_image/ms1_processed_11classes/Escherichia coli/EC 264 AER.npy
/home/rrekikdi/Bureau/postdoc/pseudo_image/images_npy_ms1/2022_11_10_Validation_EC(COLI)_100SPD-100vW_zSWATH/EC 264 ANA.npy,EC 264 ANA,EC,ESCCOL,264,Escherichia coli,Escherichia coli,CLASSE (typo corrigee: EC->ESCCOL),/home/rrekikdi/Bureau/postdoc/pseudo_image/ms1_processed_11classes/Escherichia coli/EC 264 ANA.npy
/home/rrekikdi/Bureau/postdoc/pseudo_image/images_npy_ms1/2022_11_10_Validation_EC(COLI)_100SPD-100vW_zSWATH/EC 265 AER.npy,EC 265 AER,EC,ESCCOL,265,Escherichia coli,Escherichia coli,CLASSE (typo corrigee: EC->ESCCOL),/home/rrekikdi/Bureau/postdoc/pseudo_image/ms1_processed_11classes/Escherichia coli/EC 265 AER.npy
/home/rrekikdi/Bureau/postdoc/pseudo_image/images_npy_ms1/2022_11_10_Validation_EC(COLI)_100SPD-100vW_zSWATH/EC 265 ANA.npy,EC 265 ANA,EC,ESCCOL,265,Escherichia coli,Escherichia coli,CLASSE (typo corrigee: EC->ESCCOL),/home/rrekikdi/Bureau/postdoc/pseudo_image/ms1_processed_11classes/Escherichia coli/EC 265 ANA.npy
/home/rrekikdi/Bureau/postdoc/pseudo_image/images_npy_ms1/2022_11_10_Validation_EC(COLI)_100SPD-100vW_zSWATH/EC 266 AER.npy,EC 266 AER,EC,ESCCOL,266,Escherichia coli,Escherichia coli,CLASSE (typo corrigee: EC->ESCCOL),/home/rrekikdi/Bureau/postdoc/pseudo_image/ms1_processed_11classes/Escherichia coli/EC 266 AER.npy
/home/rrekikdi/Bureau/postdoc/pseudo_image/images_npy_ms1/2022_11_10_Validation_EC(COLI)_100SPD-100vW_zSWATH/EC 266 ANA.npy,EC 266 ANA,EC,ESCCOL,266,Escherichia coli,Escherichia coli,CLASSE (typo corrigee: EC->ESCCOL),/home/rrekikdi/Bureau/postdoc/pseudo_image/ms1_processed_11classes/Escherichia coli/EC 266 ANA.npy
/home/rrekikdi/Bureau/postdoc/pseudo_image/images_npy_ms1/2022_11_10_Validation_EC(COLI)_100SPD-100vW_zSWATH/EC 272 AER.npy,EC 272 AER,EC,ESCCOL,272,Escherichia coli,Escherichia coli,CLASSE (typo corrigee: EC->ESCCOL),/home/rrekikdi/Bureau/postdoc/pseudo_image/ms1_processed_11classes/Escherichia coli/EC 272 AER.npy
/home/rrekikdi/Bureau/postdoc/pseudo_image/images_npy_ms1/2022_11_10_Validation_EC(COLI)_100SPD-100vW_zSWATH/EC 272 ANA.npy,EC 272 ANA,EC,ESCCOL,272,Escherichia coli,Escherichia coli,CLASSE (typo corrigee: EC->ESCCOL),/home/rrekikdi/Bureau/postdoc/pseudo_image/ms1_processed_11classes/Escherichia coli/EC 272 ANA.npy
/home/rrekikdi/Bureau/postdoc/pseudo_image/images_npy_ms1/2022_11_10_Validation_EC(COLI)_100SPD-100vW_zSWATH/EC 274 AER.npy,EC 274 AER,EC,ESCCOL,274,Escherichia coli,Escherichia coli,CLASSE (typo corrigee: EC->ESCCOL),/home/rrekikdi/Bureau/postdoc/pseudo_image/ms1_processed_11classes/Escherichia coli/EC 274 AER.npy
/home/rrekikdi/Bureau/postdoc/pseudo_image/images_npy_ms1/2022_11_10_Validation_EC(COLI)_100SPD-100vW_zSWATH/EC 274 ANA.npy,EC 274 ANA,EC,ESCCOL,274,Escherichia coli,Escherichia coli,CLASSE (typo corrigee: EC->ESCCOL),/home/rrekikdi/Bureau/postdoc/pseudo_image/ms1_processed_11classes/Escherichia coli/EC 274 ANA.npy
/home/rrekikdi/Bureau/postdoc/pseudo_image/images_npy_ms1/2022_11_10_Validation_EC(COLI)_100SPD-100vW_zSWATH/EC 278 AER.npy,EC 278 AER,EC,ESCCOL,278,Escherichia coli,Escherichia coli,CLASSE (typo corrigee: EC->ESCCOL),/home/rrekikdi/Bureau/postdoc/pseudo_image/ms1_processed_11classes/Escherichia coli/EC 278 AER.npy
/home/rrekikdi/Bureau/postdoc/pseudo_image/images_npy_ms1/2022_11_10_Validation_EC(COLI)_100SPD-100vW_zSWATH/EC 278 ANA.npy,EC 278 ANA,EC,ESCCOL,278,Escherichia coli,Escherichia coli,CLASSE (typo corrigee: EC->ESCCOL),/home/rrekikdi/Bureau/postdoc/pseudo_image/ms1_processed_11classes/Escherichia coli/EC 278 ANA.npy
/home/rrekikdi/Bureau/postdoc/pseudo_image/images_npy_ms1/2022_11_15_Validation_CITAMA_CITFAR_CITFRE_EC(COLI)_HAFAL_HAFPA_KLEAER_KLEGRI_KLEMIC_KLEOXY_100SPD-100vW_zSWATH/CITFRE-47-AER-d200.npy,CITFRE-47-AER-d200,CITFRE,CITFRE,47,Citrobacter freundii,Citrobacter freundii,CLASSE,/home/rrekikdi/Bureau/postdoc/pseudo_image/ms1_processed_11classes/Citrobacter freundii/CITFRE-47-AER-d200.npy
/home/rrekikdi/Bureau/postdoc/pseudo_image/images_npy_ms1/2022_11_15_Validation_CITAMA_CITFAR_CITFRE_EC(COLI)_HAFAL_HAFPA_KLEAER_KLEGRI_KLEMIC_KLEOXY_100SPD-100vW_zSWATH/CITFRE-47-ANA-d200.npy,CITFRE-47-ANA-d200,CITFRE,CITFRE,47,Citrobacter freundii,Citrobacter freundii,CLASSE,/home/rrekikdi/Bureau/postdoc/pseudo_image/ms1_processed_11classes/Citrobacter freundii/CITFRE-47-ANA-d200.npy
/home/rrekikdi/Bureau/postdoc/pseudo_image/images_npy_ms1/2022_11_15_Validation_CITAMA_CITFAR_CITFRE_EC(COLI)_HAFAL_HAFPA_KLEAER_KLEGRI_KLEMIC_KLEOXY_100SPD-100vW_zSWATH/CITFRE-52-AER-d200.npy,CITFRE-52-AER-d200,CITFRE,CITFRE,52,Citrobacter freundii,Citrobacter freundii,CLASSE,/home/rrekikdi/Bureau/postdoc/pseudo_image/ms1_processed_11classes/Citrobacter freundii/CITFRE-52-AER-d200.npy
/home/rrekikdi/Bureau/postdoc/pseudo_image/images_npy_ms1/2022_11_15_Validation_CITAMA_CITFAR_CITFRE_EC(COLI)_HAFAL_HAFPA_KLEAER_KLEGRI_KLEMIC_KLEOXY_100SPD-100vW_zSWATH/CITFRE-52-ANA-d200.npy,CITFRE-52-ANA-d200,CITFRE,CITFRE,52,Citrobacter freundii,Citrobacter freundii,CLASSE,/home/rrekikdi/Bureau/postdoc/pseudo_image/ms1_processed_11classes/Citrobacter freundii/CITFRE-52-ANA-d200.npy
/home/rrekikdi/Bureau/postdoc/pseudo_image/images_npy_ms1/2022_11_15_Validation_CITAMA_CITFAR_CITFRE_EC(COLI)_HAFAL_HAFPA_KLEAER_KLEGRI_KLEMIC_KLEOXY_100SPD-100vW_zSWATH/CITFRE-53-AER-d200.npy,CITFRE-53-AER-d200,CITFRE,CITFRE,53,Citrobacter freundii,Citrobacter freundii,CLASSE,/home/rrekikdi/Bureau/postdoc/pseudo_image/ms1_processed_11classes/Citrobacter freundii/CITFRE-53-AER-d200.npy
/home/rrekikdi/Bureau/postdoc/pseudo_image/images_npy_ms1/2022_11_15_Validation_CITAMA_CITFAR_CITFRE_EC(COLI)_HAFAL_HAFPA_KLEAER_KLEGRI_KLEMIC_KLEOXY_100SPD-100vW_zSWATH/CITFRE-53-ANA-d200.npy,CITFRE-53-ANA-d200,CITFRE,CITFRE,53,Citrobacter freundii,Citrobacter freundii,CLASSE,/home/rrekikdi/Bureau/postdoc/pseudo_image/ms1_processed_11classes/Citrobacter freundii/CITFRE-53-ANA-d200.npy
/home/rrekikdi/Bureau/postdoc/pseudo_image/images_npy_ms1/2022_11_15_Validation_CITAMA_CITFAR_CITFRE_EC(COLI)_HAFAL_HAFPA_KLEAER_KLEGRI_KLEMIC_KLEOXY_100SPD-100vW_zSWATH/CITFRE-59-AER-d200.npy,CITFRE-59-AER-d200,CITFRE,CITFRE,59,Citrobacter freundii,Citrobacter freundii,CLASSE,/home/rrekikdi/Bureau/postdoc/pseudo_image/ms1_processed_11classes/Citrobacter freundii/CITFRE-59-AER-d200.npy
/home/rrekikdi/Bureau/postdoc/pseudo_image/images_npy_ms1/2022_11_15_Validation_CITAMA_CITFAR_CITFRE_EC(COLI)_HAFAL_HAFPA_KLEAER_KLEGRI_KLEMIC_KLEOXY_100SPD-100vW_zSWATH/CITFRE-59-ANA-d200.npy,CITFRE-59-ANA-d200,CITFRE,CITFRE,59,Citrobacter freundii,Citrobacter freundii,CLASSE,/home/rrekikdi/Bureau/postdoc/pseudo_image/ms1_processed_11classes/Citrobacter freundii/CITFRE-59-ANA-d200.npy
/home/rrekikdi/Bureau/postdoc/pseudo_image/images_npy_ms1/2022_11_15_Validation_CITAMA_CITFAR_CITFRE_EC(COLI)_HAFAL_HAFPA_KLEAER_KLEGRI_KLEMIC_KLEOXY_100SPD-100vW_zSWATH/CITFRE-61-AER-d200.npy,CITFRE-61-AER-d200,CITFRE,CITFRE,61,Citrobacter freundii,Citrobacter freundii,CLASSE,/home/rrekikdi/Bureau/postdoc/pseudo_image/ms1_processed_11classes/Citrobacter freundii/CITFRE-61-AER-d200.npy
/home/rrekikdi/Bureau/postdoc/pseudo_image/images_npy_ms1/2022_11_15_Validation_CITAMA_CITFAR_CITFRE_EC(COLI)_HAFAL_HAFPA_KLEAER_KLEGRI_KLEMIC_KLEOXY_100SPD-100vW_zSWATH/CITFRE-61-ANA-d200.npy,CITFRE-61-ANA-d200,CITFRE,CITFRE,61,Citrobacter freundii,Citrobacter freundii,CLASSE,/home/rrekikdi/Bureau/postdoc/pseudo_image/ms1_processed_11classes/Citrobacter freundii/CITFRE-61-ANA-d200.npy
/home/rrekikdi/Bureau/postdoc/pseudo_image/images_npy_ms1/2022_11_15_Validation_CITAMA_CITFAR_CITFRE_EC(COLI)_HAFAL_HAFPA_KLEAER_KLEGRI_KLEMIC_KLEOXY_100SPD-100vW_zSWATH/EC-159-AER-d200.npy,EC-159-AER-d200,EC,ESCCOL,159,Escherichia coli,Escherichia coli,CLASSE (typo corrigee: EC->ESCCOL),/home/rrekikdi/Bureau/postdoc/pseudo_image/ms1_processed_11classes/Escherichia coli/EC-159-AER-d200.npy
/home/rrekikdi/Bureau/postdoc/pseudo_image/images_npy_ms1/2022_11_15_Validation_CITAMA_CITFAR_CITFRE_EC(COLI)_HAFAL_HAFPA_KLEAER_KLEGRI_KLEMIC_KLEOXY_100SPD-100vW_zSWATH/EC-159-ANA-d200.npy,EC-159-ANA-d200,EC,ESCCOL,159,Escherichia coli,Escherichia coli,CLASSE (typo corrigee: EC->ESCCOL),/home/rrekikdi/Bureau/postdoc/pseudo_image/ms1_processed_11classes/Escherichia coli/EC-159-ANA-d200.npy
/home/rrekikdi/Bureau/postdoc/pseudo_image/images_npy_ms1/2022_11_15_Validation_CITAMA_CITFAR_CITFRE_EC(COLI)_HAFAL_HAFPA_KLEAER_KLEGRI_KLEMIC_KLEOXY_100SPD-100vW_zSWATH/EC-220-AER-d200.npy,EC-220-AER-d200,EC,ESCCOL,220,Escherichia coli,Escherichia coli,CLASSE (typo corrigee: EC->ESCCOL),/home/rrekikdi/Bureau/postdoc/pseudo_image/ms1_processed_11classes/Escherichia coli/EC-220-AER-d200.npy
/home/rrekikdi/Bureau/postdoc/pseudo_image/images_npy_ms1/2022_11_15_Validation_CITAMA_CITFAR_CITFRE_EC(COLI)_HAFAL_HAFPA_KLEAER_KLEGRI_KLEMIC_KLEOXY_100SPD-100vW_zSWATH/EC-220-ANA-d200.npy,EC-220-ANA-d200,EC,ESCCOL,220,Escherichia coli,Escherichia coli,CLASSE (typo corrigee: EC->ESCCOL),/home/rrekikdi/Bureau/postdoc/pseudo_image/ms1_processed_11classes/Escherichia coli/EC-220-ANA-d200.npy
/home/rrekikdi/Bureau/postdoc/pseudo_image/images_npy_ms1/2022_11_15_Validation_CITAMA_CITFAR_CITFRE_EC(COLI)_HAFAL_HAFPA_KLEAER_KLEGRI_KLEMIC_KLEOXY_100SPD-100vW_zSWATH/EC-222-AER-d200.npy,EC-222-AER-d200,EC,ESCCOL,222,Escherichia coli,Escherichia coli,CLASSE (typo corrigee: EC->ESCCOL),/home/rrekikdi/Bureau/postdoc/pseudo_image/ms1_processed_11classes/Escherichia coli/EC-222-AER-d200.npy
/home/rrekikdi/Bureau/postdoc/pseudo_image/images_npy_ms1/2022_11_15_Validation_CITAMA_CITFAR_CITFRE_EC(COLI)_HAFAL_HAFPA_KLEAER_KLEGRI_KLEMIC_KLEOXY_100SPD-100vW_zSWATH/EC-222-ANA-d200.npy,EC-222-ANA-d200,EC,ESCCOL,222,Escherichia coli,Escherichia coli,CLASSE (typo corrigee: EC->ESCCOL),/home/rrekikdi/Bureau/postdoc/pseudo_image/ms1_processed_11classes/Escherichia coli/EC-222-ANA-d200.npy
/home/rrekikdi/Bureau/postdoc/pseudo_image/images_npy_ms1/2022_11_15_Validation_CITAMA_CITFAR_CITFRE_EC(COLI)_HAFAL_HAFPA_KLEAER_KLEGRI_KLEMIC_KLEOXY_100SPD-100vW_zSWATH/EC-223-AER-d200.npy,EC-223-AER-d200,EC,ESCCOL,223,Escherichia coli,Escherichia coli,CLASSE (typo corrigee: EC->ESCCOL),/home/rrekikdi/Bureau/postdoc/pseudo_image/ms1_processed_11classes/Escherichia coli/EC-223-AER-d200.npy
/home/rrekikdi/Bureau/postdoc/pseudo_image/images_npy_ms1/2022_11_15_Validation_CITAMA_CITFAR_CITFRE_EC(COLI)_HAFAL_HAFPA_KLEAER_KLEGRI_KLEMIC_KLEOXY_100SPD-100vW_zSWATH/EC-223-ANA-d200.npy,EC-223-ANA-d200,EC,ESCCOL,223,Escherichia coli,Escherichia coli,CLASSE (typo corrigee: EC->ESCCOL),/home/rrekikdi/Bureau/postdoc/pseudo_image/ms1_processed_11classes/Escherichia coli/EC-223-ANA-d200.npy
/home/rrekikdi/Bureau/postdoc/pseudo_image/images_npy_ms1/2022_11_15_Validation_CITAMA_CITFAR_CITFRE_EC(COLI)_HAFAL_HAFPA_KLEAER_KLEGRI_KLEMIC_KLEOXY_100SPD-100vW_zSWATH/EC-224-AER-d200.npy,EC-224-AER-d200,EC,ESCCOL,224,Escherichia coli,Escherichia coli,CLASSE (typo corrigee: EC->ESCCOL),/home/rrekikdi/Bureau/postdoc/pseudo_image/ms1_processed_11classes/Escherichia coli/EC-224-AER-d200.npy
/home/rrekikdi/Bureau/postdoc/pseudo_image/images_npy_ms1/2022_11_15_Validation_CITAMA_CITFAR_CITFRE_EC(COLI)_HAFAL_HAFPA_KLEAER_KLEGRI_KLEMIC_KLEOXY_100SPD-100vW_zSWATH/EC-224-ANA-d200.npy,EC-224-ANA-d200,EC,ESCCOL,224,Escherichia coli,Escherichia coli,CLASSE (typo corrigee: EC->ESCCOL),/home/rrekikdi/Bureau/postdoc/pseudo_image/ms1_processed_11classes/Escherichia coli/EC-224-ANA-d200.npy
/home/rrekikdi/Bureau/postdoc/pseudo_image/images_npy_ms1/2022_11_15_Validation_CITAMA_CITFAR_CITFRE_EC(COLI)_HAFAL_HAFPA_KLEAER_KLEGRI_KLEMIC_KLEOXY_100SPD-100vW_zSWATH/EC-238-AER-d200.npy,EC-238-AER-d200,EC,ESCCOL,238,Escherichia coli,Escherichia coli,CLASSE (typo corrigee: EC->ESCCOL),/home/rrekikdi/Bureau/postdoc/pseudo_image/ms1_processed_11classes/Escherichia coli/EC-238-AER-d200.npy
/home/rrekikdi/Bureau/postdoc/pseudo_image/images_npy_ms1/2022_11_15_Validation_CITAMA_CITFAR_CITFRE_EC(COLI)_HAFAL_HAFPA_KLEAER_KLEGRI_KLEMIC_KLEOXY_100SPD-100vW_zSWATH/EC-238-ANA-d200.npy,EC-238-ANA-d200,EC,ESCCOL,238,Escherichia coli,Escherichia coli,CLASSE (typo corrigee: EC->ESCCOL),/home/rrekikdi/Bureau/postdoc/pseudo_image/ms1_processed_11classes/Escherichia coli/EC-238-ANA-d200.npy
/home/rrekikdi/Bureau/postdoc/pseudo_image/images_npy_ms1/2022_11_15_Validation_CITAMA_CITFAR_CITFRE_EC(COLI)_HAFAL_HAFPA_KLEAER_KLEGRI_KLEMIC_KLEOXY_100SPD-100vW_zSWATH/EC-239-AER-d200.npy,EC-239-AER-d200,EC,ESCCOL,239,Escherichia coli,Escherichia coli,CLASSE (typo corrigee: EC->ESCCOL),/home/rrekikdi/Bureau/postdoc/pseudo_image/ms1_processed_11classes/Escherichia coli/EC-239-AER-d200.npy
/home/rrekikdi/Bureau/postdoc/pseudo_image/images_npy_ms1/2022_11_15_Validation_CITAMA_CITFAR_CITFRE_EC(COLI)_HAFAL_HAFPA_KLEAER_KLEGRI_KLEMIC_KLEOXY_100SPD-100vW_zSWATH/EC-239-ANA-d200.npy,EC-239-ANA-d200,EC,ESCCOL,239,Escherichia coli,Escherichia coli,CLASSE (typo corrigee: EC->ESCCOL),/home/rrekikdi/Bureau/postdoc/pseudo_image/ms1_processed_11classes/Escherichia coli/EC-239-ANA-d200.npy
/home/rrekikdi/Bureau/postdoc/pseudo_image/images_npy_ms1/2022_11_15_Validation_CITAMA_CITFAR_CITFRE_EC(COLI)_HAFAL_HAFPA_KLEAER_KLEGRI_KLEMIC_KLEOXY_100SPD-100vW_zSWATH/KLEAER-20-AER-d200.npy,KLEAER-20-AER-d200,KLEAER,KLEAER,20,Klebsiella aerogenes,Klebsiella aerogenes,CLASSE,/home/rrekikdi/Bureau/postdoc/pseudo_image/ms1_processed_11classes/Klebsiella aerogenes/KLEAER-20-AER-d200.npy
/home/rrekikdi/Bureau/postdoc/pseudo_image/images_npy_ms1/2022_11_15_Validation_CITAMA_CITFAR_CITFRE_EC(COLI)_HAFAL_HAFPA_KLEAER_KLEGRI_KLEMIC_KLEOXY_100SPD-100vW_zSWATH/KLEAER-20-ANA-d200.npy,KLEAER-20-ANA-d200,KLEAER,KLEAER,20,Klebsiella aerogenes,Klebsiella aerogenes,CLASSE,/home/rrekikdi/Bureau/postdoc/pseudo_image/ms1_processed_11classes/Klebsiella aerogenes/KLEAER-20-ANA-d200.npy
/home/rrekikdi/Bureau/postdoc/pseudo_image/images_npy_ms1/2022_11_15_Validation_CITAMA_CITFAR_CITFRE_EC(COLI)_HAFAL_HAFPA_KLEAER_KLEGRI_KLEMIC_KLEOXY_100SPD-100vW_zSWATH/KLEAER-21-AER-d200.npy,KLEAER-21-AER-d200,KLEAER,KLEAER,21,Klebsiella aerogenes,Klebsiella aerogenes,CLASSE,/home/rrekikdi/Bureau/postdoc/pseudo_image/ms1_processed_11classes/Klebsiella aerogenes/KLEAER-21-AER-d200.npy
/home/rrekikdi/Bureau/postdoc/pseudo_image/images_npy_ms1/2022_11_15_Validation_CITAMA_CITFAR_CITFRE_EC(COLI)_HAFAL_HAFPA_KLEAER_KLEGRI_KLEMIC_KLEOXY_100SPD-100vW_zSWATH/KLEAER-21-ANA-d200.npy,KLEAER-21-ANA-d200,KLEAER,KLEAER,21,Klebsiella aerogenes,Klebsiella aerogenes,CLASSE,/home/rrekikdi/Bureau/postdoc/pseudo_image/ms1_processed_11classes/Klebsiella aerogenes/KLEAER-21-ANA-d200.npy
/home/rrekikdi/Bureau/postdoc/pseudo_image/images_npy_ms1/2022_11_15_Validation_CITAMA_CITFAR_CITFRE_EC(COLI)_HAFAL_HAFPA_KLEAER_KLEGRI_KLEMIC_KLEOXY_100SPD-100vW_zSWATH/KLEAER-22-AER-d200.npy,KLEAER-22-AER-d200,KLEAER,KLEAER,22,Klebsiella aerogenes,Klebsiella aerogenes,CLASSE,/home/rrekikdi/Bureau/postdoc/pseudo_image/ms1_processed_11classes/Klebsiella aerogenes/KLEAER-22-AER-d200.npy
/home/rrekikdi/Bureau/postdoc/pseudo_image/images_npy_ms1/2022_11_15_Validation_CITAMA_CITFAR_CITFRE_EC(COLI)_HAFAL_HAFPA_KLEAER_KLEGRI_KLEMIC_KLEOXY_100SPD-100vW_zSWATH/KLEAER-22-ANA-d200.npy,KLEAER-22-ANA-d200,KLEAER,KLEAER,22,Klebsiella aerogenes,Klebsiella aerogenes,CLASSE,/home/rrekikdi/Bureau/postdoc/pseudo_image/ms1_processed_11classes/Klebsiella aerogenes/KLEAER-22-ANA-d200.npy
/home/rrekikdi/Bureau/postdoc/pseudo_image/images_npy_ms1/2022_11_15_Validation_CITAMA_CITFAR_CITFRE_EC(COLI)_HAFAL_HAFPA_KLEAER_KLEGRI_KLEMIC_KLEOXY_100SPD-100vW_zSWATH/KLEAER-23-AER-d200.npy,KLEAER-23-AER-d200,KLEAER,KLEAER,23,Klebsiella aerogenes,Klebsiella aerogenes,CLASSE,/home/rrekikdi/Bureau/postdoc/pseudo_image/ms1_processed_11classes/Klebsiella aerogenes/KLEAER-23-AER-d200.npy
/home/rrekikdi/Bureau/postdoc/pseudo_image/images_npy_ms1/2022_11_15_Validation_CITAMA_CITFAR_CITFRE_EC(COLI)_HAFAL_HAFPA_KLEAER_KLEGRI_KLEMIC_KLEOXY_100SPD-100vW_zSWATH/KLEAER-23-ANA-d200.npy,KLEAER-23-ANA-d200,KLEAER,KLEAER,23,Klebsiella aerogenes,Klebsiella aerogenes,CLASSE,/home/rrekikdi/Bureau/postdoc/pseudo_image/ms1_processed_11classes/Klebsiella aerogenes/KLEAER-23-ANA-d200.npy
/home/rrekikdi/Bureau/postdoc/pseudo_image/images_npy_ms1/2022_11_15_Validation_CITAMA_CITFAR_CITFRE_EC(COLI)_HAFAL_HAFPA_KLEAER_KLEGRI_KLEMIC_KLEOXY_100SPD-100vW_zSWATH/KLEAER-27-AER-d200.npy,KLEAER-27-AER-d200,KLEAER,KLEAER,27,,Klebsiella aerogenes,"CLASSE (sample_nb absent du excel, classe par code seul)",/home/rrekikdi/Bureau/postdoc/pseudo_image/ms1_processed_11classes/Klebsiella aerogenes/KLEAER-27-AER-d200.npy
/home/rrekikdi/Bureau/postdoc/pseudo_image/images_npy_ms1/2022_11_15_Validation_CITAMA_CITFAR_CITFRE_EC(COLI)_HAFAL_HAFPA_KLEAER_KLEGRI_KLEMIC_KLEOXY_100SPD-100vW_zSWATH/KLEAER-27-ANA-d200.npy,KLEAER-27-ANA-d200,KLEAER,KLEAER,27,,Klebsiella aerogenes,"CLASSE (sample_nb absent du excel, classe par code seul)",/home/rrekikdi/Bureau/postdoc/pseudo_image/ms1_processed_11classes/Klebsiella aerogenes/KLEAER-27-ANA-d200.npy
/home/rrekikdi/Bureau/postdoc/pseudo_image/images_npy_ms1/2022_11_15_Validation_CITAMA_CITFAR_CITFRE_EC(COLI)_HAFAL_HAFPA_KLEAER_KLEGRI_KLEMIC_KLEOXY_100SPD-100vW_zSWATH/KLEAER-6-AER-d200.npy,KLEAER-6-AER-d200,KLEAER,KLEAER,6,Klebsiella aerogenes,Klebsiella aerogenes,CLASSE,/home/rrekikdi/Bureau/postdoc/pseudo_image/ms1_processed_11classes/Klebsiella aerogenes/KLEAER-6-AER-d200.npy
/home/rrekikdi/Bureau/postdoc/pseudo_image/images_npy_ms1/2022_11_15_Validation_CITAMA_CITFAR_CITFRE_EC(COLI)_HAFAL_HAFPA_KLEAER_KLEGRI_KLEMIC_KLEOXY_100SPD-100vW_zSWATH/KLEAER-6-ANA-d200.npy,KLEAER-6-ANA-d200,KLEAER,KLEAER,6,Klebsiella aerogenes,Klebsiella aerogenes,CLASSE,/home/rrekikdi/Bureau/postdoc/pseudo_image/ms1_processed_11classes/Klebsiella aerogenes/KLEAER-6-ANA-d200.npy
/home/rrekikdi/Bureau/postdoc/pseudo_image/images_npy_ms1/2022_11_15_Validation_CITAMA_CITFAR_CITFRE_EC(COLI)_HAFAL_HAFPA_KLEAER_KLEGRI_KLEMIC_KLEOXY_100SPD-100vW_zSWATH/KLEMIC-10-AER-d200.npy,KLEMIC-10-AER-d200,KLEMIC,KLEMIC,10,Klebsiella michiganensis,Klebsiella michiganensis,CLASSE,/home/rrekikdi/Bureau/postdoc/pseudo_image/ms1_processed_11classes/Klebsiella michiganensis/KLEMIC-10-AER-d200.npy
/home/rrekikdi/Bureau/postdoc/pseudo_image/images_npy_ms1/2022_11_15_Validation_CITAMA_CITFAR_CITFRE_EC(COLI)_HAFAL_HAFPA_KLEAER_KLEGRI_KLEMIC_KLEOXY_100SPD-100vW_zSWATH/KLEMIC-10-ANA-d200.npy,KLEMIC-10-ANA-d200,KLEMIC,KLEMIC,10,Klebsiella michiganensis,Klebsiella michiganensis,CLASSE,/home/rrekikdi/Bureau/postdoc/pseudo_image/ms1_processed_11classes/Klebsiella michiganensis/KLEMIC-10-ANA-d200.npy
/home/rrekikdi/Bureau/postdoc/pseudo_image/images_npy_ms1/2022_11_15_Validation_CITAMA_CITFAR_CITFRE_EC(COLI)_HAFAL_HAFPA_KLEAER_KLEGRI_KLEMIC_KLEOXY_100SPD-100vW_zSWATH/KLEMIC-11-AER-d200.npy,KLEMIC-11-AER-d200,KLEMIC,KLEMIC,11,Klebsiella michiganensis,Klebsiella michiganensis,CLASSE,/home/rrekikdi/Bureau/postdoc/pseudo_image/ms1_processed_11classes/Klebsiella michiganensis/KLEMIC-11-AER-d200.npy
/home/rrekikdi/Bureau/postdoc/pseudo_image/images_npy_ms1/2022_11_15_Validation_CITAMA_CITFAR_CITFRE_EC(COLI)_HAFAL_HAFPA_KLEAER_KLEGRI_KLEMIC_KLEOXY_100SPD-100vW_zSWATH/KLEMIC-11-ANA-d200.npy,KLEMIC-11-ANA-d200,KLEMIC,KLEMIC,11,Klebsiella michiganensis,Klebsiella michiganensis,CLASSE,/home/rrekikdi/Bureau/postdoc/pseudo_image/ms1_processed_11classes/Klebsiella michiganensis/KLEMIC-11-ANA-d200.npy
/home/rrekikdi/Bureau/postdoc/pseudo_image/images_npy_ms1/2022_11_15_Validation_CITAMA_CITFAR_CITFRE_EC(COLI)_HAFAL_HAFPA_KLEAER_KLEGRI_KLEMIC_KLEOXY_100SPD-100vW_zSWATH/KLEMIC-12-AER-d200.npy,KLEMIC-12-AER-d200,KLEMIC,KLEMIC,12,Klebsiella michiganensis,Klebsiella michiganensis,CLASSE,/home/rrekikdi/Bureau/postdoc/pseudo_image/ms1_processed_11classes/Klebsiella michiganensis/KLEMIC-12-AER-d200.npy
/home/rrekikdi/Bureau/postdoc/pseudo_image/images_npy_ms1/2022_11_15_Validation_CITAMA_CITFAR_CITFRE_EC(COLI)_HAFAL_HAFPA_KLEAER_KLEGRI_KLEMIC_KLEOXY_100SPD-100vW_zSWATH/KLEMIC-12-ANA-d200.npy,KLEMIC-12-ANA-d200,KLEMIC,KLEMIC,12,Klebsiella michiganensis,Klebsiella michiganensis,CLASSE,/home/rrekikdi/Bureau/postdoc/pseudo_image/ms1_processed_11classes/Klebsiella michiganensis/KLEMIC-12-ANA-d200.npy
/home/rrekikdi/Bureau/postdoc/pseudo_image/images_npy_ms1/2022_11_15_Validation_CITAMA_CITFAR_CITFRE_EC(COLI)_HAFAL_HAFPA_KLEAER_KLEGRI_KLEMIC_KLEOXY_100SPD-100vW_zSWATH/KLEMIC-2-ANA-d200.npy,KLEMIC-2-ANA-d200,KLEMIC,KLEMIC,2,Klebsiella michiganensis,Klebsiella michiganensis,CLASSE,/home/rrekikdi/Bureau/postdoc/pseudo_image/ms1_processed_11classes/Klebsiella michiganensis/KLEMIC-2-ANA-d200.npy
/home/rrekikdi/Bureau/postdoc/pseudo_image/images_npy_ms1/2022_11_15_Validation_CITAMA_CITFAR_CITFRE_EC(COLI)_HAFAL_HAFPA_KLEAER_KLEGRI_KLEMIC_KLEOXY_100SPD-100vW_zSWATH/KLEMIC-5-AER-d200.npy,KLEMIC-5-AER-d200,KLEMIC,KLEMIC,5,Klebsiella michiganensis,Klebsiella michiganensis,CLASSE,/home/rrekikdi/Bureau/postdoc/pseudo_image/ms1_processed_11classes/Klebsiella michiganensis/KLEMIC-5-AER-d200.npy
/home/rrekikdi/Bureau/postdoc/pseudo_image/images_npy_ms1/2022_11_15_Validation_CITAMA_CITFAR_CITFRE_EC(COLI)_HAFAL_HAFPA_KLEAER_KLEGRI_KLEMIC_KLEOXY_100SPD-100vW_zSWATH/KLEMIC-5-ANA-d200.npy,KLEMIC-5-ANA-d200,KLEMIC,KLEMIC,5,Klebsiella michiganensis,Klebsiella michiganensis,CLASSE,/home/rrekikdi/Bureau/postdoc/pseudo_image/ms1_processed_11classes/Klebsiella michiganensis/KLEMIC-5-ANA-d200.npy
/home/rrekikdi/Bureau/postdoc/pseudo_image/images_npy_ms1/2022_11_15_Validation_CITAMA_CITFAR_CITFRE_EC(COLI)_HAFAL_HAFPA_KLEAER_KLEGRI_KLEMIC_KLEOXY_100SPD-100vW_zSWATH/KLEMIC-6-AER-d200.npy,KLEMIC-6-AER-d200,KLEMIC,KLEMIC,6,Klebsiella michiganensis,Klebsiella michiganensis,CLASSE,/home/rrekikdi/Bureau/postdoc/pseudo_image/ms1_processed_11classes/Klebsiella michiganensis/KLEMIC-6-AER-d200.npy
/home/rrekikdi/Bureau/postdoc/pseudo_image/images_npy_ms1/2022_11_15_Validation_CITAMA_CITFAR_CITFRE_EC(COLI)_HAFAL_HAFPA_KLEAER_KLEGRI_KLEMIC_KLEOXY_100SPD-100vW_zSWATH/KLEMIC-6-ANA-d200.npy,KLEMIC-6-ANA-d200,KLEMIC,KLEMIC,6,Klebsiella michiganensis,Klebsiella michiganensis,CLASSE,/home/rrekikdi/Bureau/postdoc/pseudo_image/ms1_processed_11classes/Klebsiella michiganensis/KLEMIC-6-ANA-d200.npy
/home/rrekikdi/Bureau/postdoc/pseudo_image/images_npy_ms1/2022_11_15_Validation_CITAMA_CITFAR_CITFRE_EC(COLI)_HAFAL_HAFPA_KLEAER_KLEGRI_KLEMIC_KLEOXY_100SPD-100vW_zSWATH/KLEMIC-8-AER-d200.npy,KLEMIC-8-AER-d200,KLEMIC,KLEMIC,8,Klebsiella michiganensis,Klebsiella michiganensis,CLASSE,/home/rrekikdi/Bureau/postdoc/pseudo_image/ms1_processed_11classes/Klebsiella michiganensis/KLEMIC-8-AER-d200.npy
/home/rrekikdi/Bureau/postdoc/pseudo_image/images_npy_ms1/2022_11_15_Validation_CITAMA_CITFAR_CITFRE_EC(COLI)_HAFAL_HAFPA_KLEAER_KLEGRI_KLEMIC_KLEOXY_100SPD-100vW_zSWATH/KLEMIC-8-ANA-d200.npy,KLEMIC-8-ANA-d200,KLEMIC,KLEMIC,8,Klebsiella michiganensis,Klebsiella michiganensis,CLASSE,/home/rrekikdi/Bureau/postdoc/pseudo_image/ms1_processed_11classes/Klebsiella michiganensis/KLEMIC-8-ANA-d200.npy
/home/rrekikdi/Bureau/postdoc/pseudo_image/images_npy_ms1/2022_11_15_Validation_CITAMA_CITFAR_CITFRE_EC(COLI)_HAFAL_HAFPA_KLEAER_KLEGRI_KLEMIC_KLEOXY_100SPD-100vW_zSWATH/KLEMIC-9-AER-d200.npy,KLEMIC-9-AER-d200,KLEMIC,KLEMIC,9,Klebsiella michiganensis,Klebsiella michiganensis,CLASSE,/home/rrekikdi/Bureau/postdoc/pseudo_image/ms1_processed_11classes/Klebsiella michiganensis/KLEMIC-9-AER-d200.npy
/home/rrekikdi/Bureau/postdoc/pseudo_image/images_npy_ms1/2022_11_15_Validation_CITAMA_CITFAR_CITFRE_EC(COLI)_HAFAL_HAFPA_KLEAER_KLEGRI_KLEMIC_KLEOXY_100SPD-100vW_zSWATH/KLEMIC-9-ANA-d200.npy,KLEMIC-9-ANA-d200,KLEMIC,KLEMIC,9,Klebsiella michiganensis,Klebsiella michiganensis,CLASSE,/home/rrekikdi/Bureau/postdoc/pseudo_image/ms1_processed_11classes/Klebsiella michiganensis/KLEMIC-9-ANA-d200.npy
/home/rrekikdi/Bureau/postdoc/pseudo_image/images_npy_ms1/2022_11_15_Validation_CITAMA_CITFAR_CITFRE_EC(COLI)_HAFAL_HAFPA_KLEAER_KLEGRI_KLEMIC_KLEOXY_100SPD-100vW_zSWATH/KLEOXY-12-AER-d200.npy,KLEOXY-12-AER-d200,KLEOXY,KLEOXY,12,Klebsiella oxytoca,Klebsiella oxytoca,CLASSE,/home/rrekikdi/Bureau/postdoc/pseudo_image/ms1_processed_11classes/Klebsiella oxytoca/KLEOXY-12-AER-d200.npy
/home/rrekikdi/Bureau/postdoc/pseudo_image/images_npy_ms1/2022_11_15_Validation_CITAMA_CITFAR_CITFRE_EC(COLI)_HAFAL_HAFPA_KLEAER_KLEGRI_KLEMIC_KLEOXY_100SPD-100vW_zSWATH/KLEOXY-12-ANA-d200.npy,KLEOXY-12-ANA-d200,KLEOXY,KLEOXY,12,Klebsiella oxytoca,Klebsiella oxytoca,CLASSE,/home/rrekikdi/Bureau/postdoc/pseudo_image/ms1_processed_11classes/Klebsiella oxytoca/KLEOXY-12-ANA-d200.npy
/home/rrekikdi/Bureau/postdoc/pseudo_image/images_npy_ms1/2022_11_15_Validation_CITAMA_CITFAR_CITFRE_EC(COLI)_HAFAL_HAFPA_KLEAER_KLEGRI_KLEMIC_KLEOXY_100SPD-100vW_zSWATH/KLEOXY-13-AER-d200.npy,KLEOXY-13-AER-d200,KLEOXY,KLEOXY,13,Klebsiella oxytoca,Klebsiella oxytoca,CLASSE,/home/rrekikdi/Bureau/postdoc/pseudo_image/ms1_processed_11classes/Klebsiella oxytoca/KLEOXY-13-AER-d200.npy
/home/rrekikdi/Bureau/postdoc/pseudo_image/images_npy_ms1/2022_11_15_Validation_CITAMA_CITFAR_CITFRE_EC(COLI)_HAFAL_HAFPA_KLEAER_KLEGRI_KLEMIC_KLEOXY_100SPD-100vW_zSWATH/KLEOXY-13-ANA-d200.npy,KLEOXY-13-ANA-d200,KLEOXY,KLEOXY,13,Klebsiella oxytoca,Klebsiella oxytoca,CLASSE,/home/rrekikdi/Bureau/postdoc/pseudo_image/ms1_processed_11classes/Klebsiella oxytoca/KLEOXY-13-ANA-d200.npy
/home/rrekikdi/Bureau/postdoc/pseudo_image/images_npy_ms1/2022_11_15_Validation_CITAMA_CITFAR_CITFRE_EC(COLI)_HAFAL_HAFPA_KLEAER_KLEGRI_KLEMIC_KLEOXY_100SPD-100vW_zSWATH/KLEOXY-14-AER-d200.npy,KLEOXY-14-AER-d200,KLEOXY,KLEOXY,14,Klebsiella oxytoca,Klebsiella oxytoca,CLASSE,/home/rrekikdi/Bureau/postdoc/pseudo_image/ms1_processed_11classes/Klebsiella oxytoca/KLEOXY-14-AER-d200.npy
/home/rrekikdi/Bureau/postdoc/pseudo_image/images_npy_ms1/2022_11_15_Validation_CITAMA_CITFAR_CITFRE_EC(COLI)_HAFAL_HAFPA_KLEAER_KLEGRI_KLEMIC_KLEOXY_100SPD-100vW_zSWATH/KLEOXY-14-ANA-d200.npy,KLEOXY-14-ANA-d200,KLEOXY,KLEOXY,14,Klebsiella oxytoca,Klebsiella oxytoca,CLASSE,/home/rrekikdi/Bureau/postdoc/pseudo_image/ms1_processed_11classes/Klebsiella oxytoca/KLEOXY-14-ANA-d200.npy
/home/rrekikdi/Bureau/postdoc/pseudo_image/images_npy_ms1/2022_11_15_Validation_CITAMA_CITFAR_CITFRE_EC(COLI)_HAFAL_HAFPA_KLEAER_KLEGRI_KLEMIC_KLEOXY_100SPD-100vW_zSWATH/KLEOXY-17-AER-d200.npy,KLEOXY-17-AER-d200,KLEOXY,KLEOXY,17,Klebsiella oxytoca,Klebsiella oxytoca,CLASSE,/home/rrekikdi/Bureau/postdoc/pseudo_image/ms1_processed_11classes/Klebsiella oxytoca/KLEOXY-17-AER-d200.npy
/home/rrekikdi/Bureau/postdoc/pseudo_image/images_npy_ms1/2022_11_15_Validation_CITAMA_CITFAR_CITFRE_EC(COLI)_HAFAL_HAFPA_KLEAER_KLEGRI_KLEMIC_KLEOXY_100SPD-100vW_zSWATH/KLEOXY-19-AER-d200.npy,KLEOXY-19-AER-d200,KLEOXY,KLEOXY,19,Klebsiella oxytoca,Klebsiella oxytoca,CLASSE,/home/rrekikdi/Bureau/postdoc/pseudo_image/ms1_processed_11classes/Klebsiella oxytoca/KLEOXY-19-AER-d200.npy
/home/rrekikdi/Bureau/postdoc/pseudo_image/images_npy_ms1/2022_11_15_Validation_CITAMA_CITFAR_CITFRE_EC(COLI)_HAFAL_HAFPA_KLEAER_KLEGRI_KLEMIC_KLEOXY_100SPD-100vW_zSWATH/KLEOXY-19-ANA-d200.npy,KLEOXY-19-ANA-d200,KLEOXY,KLEOXY,19,Klebsiella oxytoca,Klebsiella oxytoca,CLASSE,/home/rrekikdi/Bureau/postdoc/pseudo_image/ms1_processed_11classes/Klebsiella oxytoca/KLEOXY-19-ANA-d200.npy
/home/rrekikdi/Bureau/postdoc/pseudo_image/images_npy_ms1/2022_11_15_Validation_CITAMA_CITFAR_CITFRE_EC(COLI)_HAFAL_HAFPA_KLEAER_KLEGRI_KLEMIC_KLEOXY_100SPD-100vW_zSWATH/KLEOXY-20-AER-d200.npy,KLEOXY-20-AER-d200,KLEOXY,KLEOXY,20,Klebsiella oxytoca,Klebsiella oxytoca,CLASSE,/home/rrekikdi/Bureau/postdoc/pseudo_image/ms1_processed_11classes/Klebsiella oxytoca/KLEOXY-20-AER-d200.npy
/home/rrekikdi/Bureau/postdoc/pseudo_image/images_npy_ms1/2022_11_15_Validation_CITAMA_CITFAR_CITFRE_EC(COLI)_HAFAL_HAFPA_KLEAER_KLEGRI_KLEMIC_KLEOXY_100SPD-100vW_zSWATH/KLEOXY-20-ANA-d200.npy,KLEOXY-20-ANA-d200,KLEOXY,KLEOXY,20,Klebsiella oxytoca,Klebsiella oxytoca,CLASSE,/home/rrekikdi/Bureau/postdoc/pseudo_image/ms1_processed_11classes/Klebsiella oxytoca/KLEOXY-20-ANA-d200.npy
/home/rrekikdi/Bureau/postdoc/pseudo_image/images_npy_ms1/2022_11_15_Validation_CITAMA_CITFAR_CITFRE_EC(COLI)_HAFAL_HAFPA_KLEAER_KLEGRI_KLEMIC_KLEOXY_100SPD-100vW_zSWATH/KLEOXY-27-AER-d200.npy,KLEOXY-27-AER-d200,KLEOXY,KLEOXY,27,Klebsiella oxytoca,Klebsiella oxytoca,CLASSE,/home/rrekikdi/Bureau/postdoc/pseudo_image/ms1_processed_11classes/Klebsiella oxytoca/KLEOXY-27-AER-d200.npy
/home/rrekikdi/Bureau/postdoc/pseudo_image/images_npy_ms1/2022_11_15_Validation_CITAMA_CITFAR_CITFRE_EC(COLI)_HAFAL_HAFPA_KLEAER_KLEGRI_KLEMIC_KLEOXY_100SPD-100vW_zSWATH/KLEOXY-27-ANA-d200.npy,KLEOXY-27-ANA-d200,KLEOXY,KLEOXY,27,Klebsiella oxytoca,Klebsiella oxytoca,CLASSE,/home/rrekikdi/Bureau/postdoc/pseudo_image/ms1_processed_11classes/Klebsiella oxytoca/KLEOXY-27-ANA-d200.npy
/home/rrekikdi/Bureau/postdoc/pseudo_image/images_npy_ms1/2022_11_15_Validation_CITAMA_CITFAR_CITFRE_EC(COLI)_HAFAL_HAFPA_KLEAER_KLEGRI_KLEMIC_KLEOXY_100SPD-100vW_zSWATH/KLEOXY-29-AER-d200.npy,KLEOXY-29-AER-d200,KLEOXY,KLEOXY,29,Klebsiella oxytoca,Klebsiella oxytoca,CLASSE,/home/rrekikdi/Bureau/postdoc/pseudo_image/ms1_processed_11classes/Klebsiella oxytoca/KLEOXY-29-AER-d200.npy
/home/rrekikdi/Bureau/postdoc/pseudo_image/images_npy_ms1/2022_11_15_Validation_CITAMA_CITFAR_CITFRE_EC(COLI)_HAFAL_HAFPA_KLEAER_KLEGRI_KLEMIC_KLEOXY_100SPD-100vW_zSWATH/KLEOXY-29-ANA-d200.npy,KLEOXY-29-ANA-d200,KLEOXY,KLEOXY,29,Klebsiella oxytoca,Klebsiella oxytoca,CLASSE,/home/rrekikdi/Bureau/postdoc/pseudo_image/ms1_processed_11classes/Klebsiella oxytoca/KLEOXY-29-ANA-d200.npy
/home/rrekikdi/Bureau/postdoc/pseudo_image/images_npy_ms1/2022_11_15_Validation_CITAMA_CITFAR_CITFRE_EC(COLI)_HAFAL_HAFPA_KLEAER_KLEGRI_KLEMIC_KLEOXY_100SPD-100vW_zSWATH/KLEOXY-33-AER-d200.npy,KLEOXY-33-AER-d200,KLEOXY,KLEOXY,33,Klebsiella oxytoca,Klebsiella oxytoca,CLASSE,/home/rrekikdi/Bureau/postdoc/pseudo_image/ms1_processed_11classes/Klebsiella oxytoca/KLEOXY-33-AER-d200.npy
/home/rrekikdi/Bureau/postdoc/pseudo_image/images_npy_ms1/2022_11_15_Validation_CITAMA_CITFAR_CITFRE_EC(COLI)_HAFAL_HAFPA_KLEAER_KLEGRI_KLEMIC_KLEOXY_100SPD-100vW_zSWATH/KLEOXY-33-ANA-d200.npy,KLEOXY-33-ANA-d200,KLEOXY,KLEOXY,33,Klebsiella oxytoca,Klebsiella oxytoca,CLASSE,/home/rrekikdi/Bureau/postdoc/pseudo_image/ms1_processed_11classes/Klebsiella oxytoca/KLEOXY-33-ANA-d200.npy
/home/rrekikdi/Bureau/postdoc/pseudo_image/images_npy_ms1/2022_11_15_Validation_CITAMA_CITFAR_CITFRE_EC(COLI)_HAFAL_HAFPA_KLEAER_KLEGRI_KLEMIC_KLEOXY_100SPD-100vW_zSWATH/KLEOXY-34-AER-d200.npy,KLEOXY-34-AER-d200,KLEOXY,KLEOXY,34,Klebsiella oxytoca,Klebsiella oxytoca,CLASSE,/home/rrekikdi/Bureau/postdoc/pseudo_image/ms1_processed_11classes/Klebsiella oxytoca/KLEOXY-34-AER-d200.npy
/home/rrekikdi/Bureau/postdoc/pseudo_image/images_npy_ms1/2022_11_15_Validation_CITAMA_CITFAR_CITFRE_EC(COLI)_HAFAL_HAFPA_KLEAER_KLEGRI_KLEMIC_KLEOXY_100SPD-100vW_zSWATH/KLEOXY-34-ANA-d200.npy,KLEOXY-34-ANA-d200,KLEOXY,KLEOXY,34,Klebsiella oxytoca,Klebsiella oxytoca,CLASSE,/home/rrekikdi/Bureau/postdoc/pseudo_image/ms1_processed_11classes/Klebsiella oxytoca/KLEOXY-34-ANA-d200.npy
/home/rrekikdi/Bureau/postdoc/pseudo_image/images_npy_ms1/2022_11_15_Validation_CITAMA_CITFAR_CITFRE_EC(COLI)_HAFAL_HAFPA_KLEAER_KLEGRI_KLEMIC_KLEOXY_100SPD-100vW_zSWATH/KLEOXY-35-AER-d200.npy,KLEOXY-35-AER-d200,KLEOXY,KLEOXY,35,Klebsiella oxytoca,Klebsiella oxytoca,CLASSE,/home/rrekikdi/Bureau/postdoc/pseudo_image/ms1_processed_11classes/Klebsiella oxytoca/KLEOXY-35-AER-d200.npy
/home/rrekikdi/Bureau/postdoc/pseudo_image/images_npy_ms1/2022_11_15_Validation_CITAMA_CITFAR_CITFRE_EC(COLI)_HAFAL_HAFPA_KLEAER_KLEGRI_KLEMIC_KLEOXY_100SPD-100vW_zSWATH/KLEOXY-35-ANA-d200.npy,KLEOXY-35-ANA-d200,KLEOXY,KLEOXY,35,Klebsiella oxytoca,Klebsiella oxytoca,CLASSE,/home/rrekikdi/Bureau/postdoc/pseudo_image/ms1_processed_11classes/Klebsiella oxytoca/KLEOXY-35-ANA-d200.npy
/home/rrekikdi/Bureau/postdoc/pseudo_image/images_npy_ms1/2022_11_15_Validation_CITAMA_CITFAR_CITFRE_EC(COLI)_HAFAL_HAFPA_KLEAER_KLEGRI_KLEMIC_KLEOXY_100SPD-100vW_zSWATH/KLEOXY-40-AER-d200.npy,KLEOXY-40-AER-d200,KLEOXY,KLEOXY,40,Klebsiella oxytoca,Klebsiella oxytoca,CLASSE,/home/rrekikdi/Bureau/postdoc/pseudo_image/ms1_processed_11classes/Klebsiella oxytoca/KLEOXY-40-AER-d200.npy
/home/rrekikdi/Bureau/postdoc/pseudo_image/images_npy_ms1/2022_11_15_Validation_CITAMA_CITFAR_CITFRE_EC(COLI)_HAFAL_HAFPA_KLEAER_KLEGRI_KLEMIC_KLEOXY_100SPD-100vW_zSWATH/KLEOXY-40-ANA-d200.npy,KLEOXY-40-ANA-d200,KLEOXY,KLEOXY,40,Klebsiella oxytoca,Klebsiella oxytoca,CLASSE,/home/rrekikdi/Bureau/postdoc/pseudo_image/ms1_processed_11classes/Klebsiella oxytoca/KLEOXY-40-ANA-d200.npy
/home/rrekikdi/Bureau/postdoc/pseudo_image/images_npy_ms1/2022_11_15_Validation_CITAMA_CITFAR_CITFRE_EC(COLI)_HAFAL_HAFPA_KLEAER_KLEGRI_KLEMIC_KLEOXY_100SPD-100vW_zSWATH/KLEOXY-41-AER-d200.npy,KLEOXY-41-AER-d200,KLEOXY,KLEOXY,41,Klebsiella oxytoca,Klebsiella oxytoca,CLASSE,/home/rrekikdi/Bureau/postdoc/pseudo_image/ms1_processed_11classes/Klebsiella oxytoca/KLEOXY-41-AER-d200.npy
/home/rrekikdi/Bureau/postdoc/pseudo_image/images_npy_ms1/2022_11_15_Validation_CITAMA_CITFAR_CITFRE_EC(COLI)_HAFAL_HAFPA_KLEAER_KLEGRI_KLEMIC_KLEOXY_100SPD-100vW_zSWATH/KLEOXY-41-ANA-d200.npy,KLEOXY-41-ANA-d200,KLEOXY,KLEOXY,41,Klebsiella oxytoca,Klebsiella oxytoca,CLASSE,/home/rrekikdi/Bureau/postdoc/pseudo_image/ms1_processed_11classes/Klebsiella oxytoca/KLEOXY-41-ANA-d200.npy
/home/rrekikdi/Bureau/postdoc/pseudo_image/images_npy_ms1/2022_11_15_Validation_CITAMA_CITFAR_CITFRE_EC(COLI)_HAFAL_HAFPA_KLEAER_KLEGRI_KLEMIC_KLEOXY_100SPD-100vW_zSWATH/KLEOXY-43-AER-d200.npy,KLEOXY-43-AER-d200,KLEOXY,KLEOXY,43,Klebsiella oxytoca,Klebsiella oxytoca,CLASSE,/home/rrekikdi/Bureau/postdoc/pseudo_image/ms1_processed_11classes/Klebsiella oxytoca/KLEOXY-43-AER-d200.npy
/home/rrekikdi/Bureau/postdoc/pseudo_image/images_npy_ms1/2022_11_15_Validation_CITAMA_CITFAR_CITFRE_EC(COLI)_HAFAL_HAFPA_KLEAER_KLEGRI_KLEMIC_KLEOXY_100SPD-100vW_zSWATH/KLEOXY-43-ANA-d200.npy,KLEOXY-43-ANA-d200,KLEOXY,KLEOXY,43,Klebsiella oxytoca,Klebsiella oxytoca,CLASSE,/home/rrekikdi/Bureau/postdoc/pseudo_image/ms1_processed_11classes/Klebsiella oxytoca/KLEOXY-43-ANA-d200.npy
/home/rrekikdi/Bureau/postdoc/pseudo_image/images_npy_ms1/2022_11_15_Validation_CITAMA_CITFAR_CITFRE_EC(COLI)_HAFAL_HAFPA_KLEAER_KLEGRI_KLEMIC_KLEOXY_100SPD-100vW_zSWATH/KLEOXY-5-AER-d200.npy,KLEOXY-5-AER-d200,KLEOXY,KLEOXY,5,Klebsiella oxytoca,Klebsiella oxytoca,CLASSE,/home/rrekikdi/Bureau/postdoc/pseudo_image/ms1_processed_11classes/Klebsiella oxytoca/KLEOXY-5-AER-d200.npy
/home/rrekikdi/Bureau/postdoc/pseudo_image/images_npy_ms1/2022_11_15_Validation_CITAMA_CITFAR_CITFRE_EC(COLI)_HAFAL_HAFPA_KLEAER_KLEGRI_KLEMIC_KLEOXY_100SPD-100vW_zSWATH/KLEOXY-5-ANA-d200.npy,KLEOXY-5-ANA-d200,KLEOXY,KLEOXY,5,Klebsiella oxytoca,Klebsiella oxytoca,CLASSE,/home/rrekikdi/Bureau/postdoc/pseudo_image/ms1_processed_11classes/Klebsiella oxytoca/KLEOXY-5-ANA-d200.npy
/home/rrekikdi/Bureau/postdoc/pseudo_image/images_npy_ms1/2022_11_15_Validation_CITAMA_CITFAR_CITFRE_EC(COLI)_HAFAL_HAFPA_KLEAER_KLEGRI_KLEMIC_KLEOXY_100SPD-100vW_zSWATH/KLEOXY-6-AER-d200.npy,KLEOXY-6-AER-d200,KLEOXY,KLEOXY,6,Klebsiella oxytoca,Klebsiella oxytoca,CLASSE,/home/rrekikdi/Bureau/postdoc/pseudo_image/ms1_processed_11classes/Klebsiella oxytoca/KLEOXY-6-AER-d200.npy
/home/rrekikdi/Bureau/postdoc/pseudo_image/images_npy_ms1/2022_11_15_Validation_CITAMA_CITFAR_CITFRE_EC(COLI)_HAFAL_HAFPA_KLEAER_KLEGRI_KLEMIC_KLEOXY_100SPD-100vW_zSWATH/KLEOXY-6-ANA-d200.npy,KLEOXY-6-ANA-d200,KLEOXY,KLEOXY,6,Klebsiella oxytoca,Klebsiella oxytoca,CLASSE,/home/rrekikdi/Bureau/postdoc/pseudo_image/ms1_processed_11classes/Klebsiella oxytoca/KLEOXY-6-ANA-d200.npy
/home/rrekikdi/Bureau/postdoc/pseudo_image/images_npy_ms1/2022_11_21_Validation_ENTBUG_HAFALV_HAFPAR_KLEAER_KLEMIC_KLEPNE_KLEQUA_KLEVAR_MORMO_PANAGG_PANPLE_PANSEP_PRTCOL_PRTMIR_PRTTER_100SPD-100vW_zSWATH/KLEAER-10-AER-d200.npy,KLEAER-10-AER-d200,KLEAER,KLEAER,10,Klebsiella aerogenes,Klebsiella aerogenes,CLASSE,/home/rrekikdi/Bureau/postdoc/pseudo_image/ms1_processed_11classes/Klebsiella aerogenes/KLEAER-10-AER-d200.npy
/home/rrekikdi/Bureau/postdoc/pseudo_image/images_npy_ms1/2022_11_21_Validation_ENTBUG_HAFALV_HAFPAR_KLEAER_KLEMIC_KLEPNE_KLEQUA_KLEVAR_MORMO_PANAGG_PANPLE_PANSEP_PRTCOL_PRTMIR_PRTTER_100SPD-100vW_zSWATH/KLEAER-10-ANA-d200.npy,KLEAER-10-ANA-d200,KLEAER,KLEAER,10,Klebsiella aerogenes,Klebsiella aerogenes,CLASSE,/home/rrekikdi/Bureau/postdoc/pseudo_image/ms1_processed_11classes/Klebsiella aerogenes/KLEAER-10-ANA-d200.npy
/home/rrekikdi/Bureau/postdoc/pseudo_image/images_npy_ms1/2022_11_21_Validation_ENTBUG_HAFALV_HAFPAR_KLEAER_KLEMIC_KLEPNE_KLEQUA_KLEVAR_MORMO_PANAGG_PANPLE_PANSEP_PRTCOL_PRTMIR_PRTTER_100SPD-100vW_zSWATH/KLEAER-11-AER-d200.npy,KLEAER-11-AER-d200,KLEAER,KLEAER,11,Klebsiella aerogenes,Klebsiella aerogenes,CLASSE,/home/rrekikdi/Bureau/postdoc/pseudo_image/ms1_processed_11classes/Klebsiella aerogenes/KLEAER-11-AER-d200.npy
/home/rrekikdi/Bureau/postdoc/pseudo_image/images_npy_ms1/2022_11_21_Validation_ENTBUG_HAFALV_HAFPAR_KLEAER_KLEMIC_KLEPNE_KLEQUA_KLEVAR_MORMO_PANAGG_PANPLE_PANSEP_PRTCOL_PRTMIR_PRTTER_100SPD-100vW_zSWATH/KLEAER-11-ANA-d200.npy,KLEAER-11-ANA-d200,KLEAER,KLEAER,11,Klebsiella aerogenes,Klebsiella aerogenes,CLASSE,/home/rrekikdi/Bureau/postdoc/pseudo_image/ms1_processed_11classes/Klebsiella aerogenes/KLEAER-11-ANA-d200.npy
/home/rrekikdi/Bureau/postdoc/pseudo_image/images_npy_ms1/2022_11_21_Validation_ENTBUG_HAFALV_HAFPAR_KLEAER_KLEMIC_KLEPNE_KLEQUA_KLEVAR_MORMO_PANAGG_PANPLE_PANSEP_PRTCOL_PRTMIR_PRTTER_100SPD-100vW_zSWATH/KLEAER-12-ANA-d200.npy,KLEAER-12-ANA-d200,KLEAER,KLEAER,12,Klebsiella aerogenes,Klebsiella aerogenes,CLASSE,/home/rrekikdi/Bureau/postdoc/pseudo_image/ms1_processed_11classes/Klebsiella aerogenes/KLEAER-12-ANA-d200.npy
/home/rrekikdi/Bureau/postdoc/pseudo_image/images_npy_ms1/2022_11_21_Validation_ENTBUG_HAFALV_HAFPAR_KLEAER_KLEMIC_KLEPNE_KLEQUA_KLEVAR_MORMO_PANAGG_PANPLE_PANSEP_PRTCOL_PRTMIR_PRTTER_100SPD-100vW_zSWATH/KLEAER-13-AER-d200.npy,KLEAER-13-AER-d200,KLEAER,KLEAER,13,Klebsiella aerogenes,Klebsiella aerogenes,CLASSE,/home/rrekikdi/Bureau/postdoc/pseudo_image/ms1_processed_11classes/Klebsiella aerogenes/KLEAER-13-AER-d200.npy
/home/rrekikdi/Bureau/postdoc/pseudo_image/images_npy_ms1/2022_11_21_Validation_ENTBUG_HAFALV_HAFPAR_KLEAER_KLEMIC_KLEPNE_KLEQUA_KLEVAR_MORMO_PANAGG_PANPLE_PANSEP_PRTCOL_PRTMIR_PRTTER_100SPD-100vW_zSWATH/KLEAER-13-ANA-d200.npy,KLEAER-13-ANA-d200,KLEAER,KLEAER,13,Klebsiella aerogenes,Klebsiella aerogenes,CLASSE,/home/rrekikdi/Bureau/postdoc/pseudo_image/ms1_processed_11classes/Klebsiella aerogenes/KLEAER-13-ANA-d200.npy
/home/rrekikdi/Bureau/postdoc/pseudo_image/images_npy_ms1/2022_11_21_Validation_ENTBUG_HAFALV_HAFPAR_KLEAER_KLEMIC_KLEPNE_KLEQUA_KLEVAR_MORMO_PANAGG_PANPLE_PANSEP_PRTCOL_PRTMIR_PRTTER_100SPD-100vW_zSWATH/KLEAER-14-AER-d200.npy,KLEAER-14-AER-d200,KLEAER,KLEAER,14,Klebsiella aerogenes,Klebsiella aerogenes,CLASSE,/home/rrekikdi/Bureau/postdoc/pseudo_image/ms1_processed_11classes/Klebsiella aerogenes/KLEAER-14-AER-d200.npy
/home/rrekikdi/Bureau/postdoc/pseudo_image/images_npy_ms1/2022_11_21_Validation_ENTBUG_HAFALV_HAFPAR_KLEAER_KLEMIC_KLEPNE_KLEQUA_KLEVAR_MORMO_PANAGG_PANPLE_PANSEP_PRTCOL_PRTMIR_PRTTER_100SPD-100vW_zSWATH/KLEAER-14-ANA-d200.npy,KLEAER-14-ANA-d200,KLEAER,KLEAER,14,Klebsiella aerogenes,Klebsiella aerogenes,CLASSE,/home/rrekikdi/Bureau/postdoc/pseudo_image/ms1_processed_11classes/Klebsiella aerogenes/KLEAER-14-ANA-d200.npy
/home/rrekikdi/Bureau/postdoc/pseudo_image/images_npy_ms1/2022_11_21_Validation_ENTBUG_HAFALV_HAFPAR_KLEAER_KLEMIC_KLEPNE_KLEQUA_KLEVAR_MORMO_PANAGG_PANPLE_PANSEP_PRTCOL_PRTMIR_PRTTER_100SPD-100vW_zSWATH/KLEAER-15-AER-d200.npy,KLEAER-15-AER-d200,KLEAER,KLEAER,15,Klebsiella aerogenes,Klebsiella aerogenes,CLASSE,/home/rrekikdi/Bureau/postdoc/pseudo_image/ms1_processed_11classes/Klebsiella aerogenes/KLEAER-15-AER-d200.npy
/home/rrekikdi/Bureau/postdoc/pseudo_image/images_npy_ms1/2022_11_21_Validation_ENTBUG_HAFALV_HAFPAR_KLEAER_KLEMIC_KLEPNE_KLEQUA_KLEVAR_MORMO_PANAGG_PANPLE_PANSEP_PRTCOL_PRTMIR_PRTTER_100SPD-100vW_zSWATH/KLEAER-15-ANA-d200.npy,KLEAER-15-ANA-d200,KLEAER,KLEAER,15,Klebsiella aerogenes,Klebsiella aerogenes,CLASSE,/home/rrekikdi/Bureau/postdoc/pseudo_image/ms1_processed_11classes/Klebsiella aerogenes/KLEAER-15-ANA-d200.npy
/home/rrekikdi/Bureau/postdoc/pseudo_image/images_npy_ms1/2022_11_21_Validation_ENTBUG_HAFALV_HAFPAR_KLEAER_KLEMIC_KLEPNE_KLEQUA_KLEVAR_MORMO_PANAGG_PANPLE_PANSEP_PRTCOL_PRTMIR_PRTTER_100SPD-100vW_zSWATH/KLEAER-16-AER-d200.npy,KLEAER-16-AER-d200,KLEAER,KLEAER,16,Klebsiella aerogenes,Klebsiella aerogenes,CLASSE,/home/rrekikdi/Bureau/postdoc/pseudo_image/ms1_processed_11classes/Klebsiella aerogenes/KLEAER-16-AER-d200.npy
/home/rrekikdi/Bureau/postdoc/pseudo_image/images_npy_ms1/2022_11_21_Validation_ENTBUG_HAFALV_HAFPAR_KLEAER_KLEMIC_KLEPNE_KLEQUA_KLEVAR_MORMO_PANAGG_PANPLE_PANSEP_PRTCOL_PRTMIR_PRTTER_100SPD-100vW_zSWATH/KLEAER-16-ANA-d200.npy,KLEAER-16-ANA-d200,KLEAER,KLEAER,16,Klebsiella aerogenes,Klebsiella aerogenes,CLASSE,/home/rrekikdi/Bureau/postdoc/pseudo_image/ms1_processed_11classes/Klebsiella aerogenes/KLEAER-16-ANA-d200.npy
/home/rrekikdi/Bureau/postdoc/pseudo_image/images_npy_ms1/2022_11_21_Validation_ENTBUG_HAFALV_HAFPAR_KLEAER_KLEMIC_KLEPNE_KLEQUA_KLEVAR_MORMO_PANAGG_PANPLE_PANSEP_PRTCOL_PRTMIR_PRTTER_100SPD-100vW_zSWATH/KLEAER-4-AER-d200.npy,KLEAER-4-AER-d200,KLEAER,KLEAER,4,Klebsiella aerogenes,Klebsiella aerogenes,CLASSE,/home/rrekikdi/Bureau/postdoc/pseudo_image/ms1_processed_11classes/Klebsiella aerogenes/KLEAER-4-AER-d200.npy
/home/rrekikdi/Bureau/postdoc/pseudo_image/images_npy_ms1/2022_11_21_Validation_ENTBUG_HAFALV_HAFPAR_KLEAER_KLEMIC_KLEPNE_KLEQUA_KLEVAR_MORMO_PANAGG_PANPLE_PANSEP_PRTCOL_PRTMIR_PRTTER_100SPD-100vW_zSWATH/KLEAER-4-ANA-d200.npy,KLEAER-4-ANA-d200,KLEAER,KLEAER,4,Klebsiella aerogenes,Klebsiella aerogenes,CLASSE,/home/rrekikdi/Bureau/postdoc/pseudo_image/ms1_processed_11classes/Klebsiella aerogenes/KLEAER-4-ANA-d200.npy
/home/rrekikdi/Bureau/postdoc/pseudo_image/images_npy_ms1/2022_11_21_Validation_ENTBUG_HAFALV_HAFPAR_KLEAER_KLEMIC_KLEPNE_KLEQUA_KLEVAR_MORMO_PANAGG_PANPLE_PANSEP_PRTCOL_PRTMIR_PRTTER_100SPD-100vW_zSWATH/KLEAER-7-AER-d200.npy,KLEAER-7-AER-d200,KLEAER,KLEAER,7,Klebsiella aerogenes,Klebsiella aerogenes,CLASSE,/home/rrekikdi/Bureau/postdoc/pseudo_image/ms1_processed_11classes/Klebsiella aerogenes/KLEAER-7-AER-d200.npy
/home/rrekikdi/Bureau/postdoc/pseudo_image/images_npy_ms1/2022_11_21_Validation_ENTBUG_HAFALV_HAFPAR_KLEAER_KLEMIC_KLEPNE_KLEQUA_KLEVAR_MORMO_PANAGG_PANPLE_PANSEP_PRTCOL_PRTMIR_PRTTER_100SPD-100vW_zSWATH/KLEAER-7-ANA-d200.npy,KLEAER-7-ANA-d200,KLEAER,KLEAER,7,Klebsiella aerogenes,Klebsiella aerogenes,CLASSE,/home/rrekikdi/Bureau/postdoc/pseudo_image/ms1_processed_11classes/Klebsiella aerogenes/KLEAER-7-ANA-d200.npy
/home/rrekikdi/Bureau/postdoc/pseudo_image/images_npy_ms1/2022_11_21_Validation_ENTBUG_HAFALV_HAFPAR_KLEAER_KLEMIC_KLEPNE_KLEQUA_KLEVAR_MORMO_PANAGG_PANPLE_PANSEP_PRTCOL_PRTMIR_PRTTER_100SPD-100vW_zSWATH/KLEMIC-14-AER-d200.npy,KLEMIC-14-AER-d200,KLEMIC,KLEMIC,14,Klebsiella michiganensis,Klebsiella michiganensis,CLASSE,/home/rrekikdi/Bureau/postdoc/pseudo_image/ms1_processed_11classes/Klebsiella michiganensis/KLEMIC-14-AER-d200.npy
/home/rrekikdi/Bureau/postdoc/pseudo_image/images_npy_ms1/2022_11_21_Validation_ENTBUG_HAFALV_HAFPAR_KLEAER_KLEMIC_KLEPNE_KLEQUA_KLEVAR_MORMO_PANAGG_PANPLE_PANSEP_PRTCOL_PRTMIR_PRTTER_100SPD-100vW_zSWATH/KLEMIC-14-ANA-d200.npy,KLEMIC-14-ANA-d200,KLEMIC,KLEMIC,14,Klebsiella michiganensis,Klebsiella michiganensis,CLASSE,/home/rrekikdi/Bureau/postdoc/pseudo_image/ms1_processed_11classes/Klebsiella michiganensis/KLEMIC-14-ANA-d200.npy
/home/rrekikdi/Bureau/postdoc/pseudo_image/images_npy_ms1/2022_11_21_Validation_ENTBUG_HAFALV_HAFPAR_KLEAER_KLEMIC_KLEPNE_KLEQUA_KLEVAR_MORMO_PANAGG_PANPLE_PANSEP_PRTCOL_PRTMIR_PRTTER_100SPD-100vW_zSWATH/KLEPNE-118-AER-d200.npy,KLEPNE-118-AER-d200,KLEPNE,KLEPNE,118,Klebsiella pneumoniae,Klebsiella pneumoniae,CLASSE,/home/rrekikdi/Bureau/postdoc/pseudo_image/ms1_processed_11classes/Klebsiella pneumoniae/KLEPNE-118-AER-d200.npy
/home/rrekikdi/Bureau/postdoc/pseudo_image/images_npy_ms1/2022_11_21_Validation_ENTBUG_HAFALV_HAFPAR_KLEAER_KLEMIC_KLEPNE_KLEQUA_KLEVAR_MORMO_PANAGG_PANPLE_PANSEP_PRTCOL_PRTMIR_PRTTER_100SPD-100vW_zSWATH/KLEPNE-118-ANA-d200.npy,KLEPNE-118-ANA-d200,KLEPNE,KLEPNE,118,Klebsiella pneumoniae,Klebsiella pneumoniae,CLASSE,/home/rrekikdi/Bureau/postdoc/pseudo_image/ms1_processed_11classes/Klebsiella pneumoniae/KLEPNE-118-ANA-d200.npy
/home/rrekikdi/Bureau/postdoc/pseudo_image/images_npy_ms1/2022_11_21_Validation_ENTBUG_HAFALV_HAFPAR_KLEAER_KLEMIC_KLEPNE_KLEQUA_KLEVAR_MORMO_PANAGG_PANPLE_PANSEP_PRTCOL_PRTMIR_PRTTER_100SPD-100vW_zSWATH/KLEPNE-128-AER-d200.npy,KLEPNE-128-AER-d200,KLEPNE,KLEPNE,128,Klebsiella pneumoniae,Klebsiella pneumoniae,CLASSE,/home/rrekikdi/Bureau/postdoc/pseudo_image/ms1_processed_11classes/Klebsiella pneumoniae/KLEPNE-128-AER-d200.npy
/home/rrekikdi/Bureau/postdoc/pseudo_image/images_npy_ms1/2022_11_21_Validation_ENTBUG_HAFALV_HAFPAR_KLEAER_KLEMIC_KLEPNE_KLEQUA_KLEVAR_MORMO_PANAGG_PANPLE_PANSEP_PRTCOL_PRTMIR_PRTTER_100SPD-100vW_zSWATH/KLEPNE-128-ANA-d200.npy,KLEPNE-128-ANA-d200,KLEPNE,KLEPNE,128,Klebsiella pneumoniae,Klebsiella pneumoniae,CLASSE,/home/rrekikdi/Bureau/postdoc/pseudo_image/ms1_processed_11classes/Klebsiella pneumoniae/KLEPNE-128-ANA-d200.npy
/home/rrekikdi/Bureau/postdoc/pseudo_image/images_npy_ms1/2022_11_21_Validation_ENTBUG_HAFALV_HAFPAR_KLEAER_KLEMIC_KLEPNE_KLEQUA_KLEVAR_MORMO_PANAGG_PANPLE_PANSEP_PRTCOL_PRTMIR_PRTTER_100SPD-100vW_zSWATH/KLEPNE-55-AER-d200.npy,KLEPNE-55-AER-d200,KLEPNE,KLEPNE,55,Klebsiella pneumoniae,Klebsiella pneumoniae,CLASSE,/home/rrekikdi/Bureau/postdoc/pseudo_image/ms1_processed_11classes/Klebsiella pneumoniae/KLEPNE-55-AER-d200.npy
/home/rrekikdi/Bureau/postdoc/pseudo_image/images_npy_ms1/2022_11_21_Validation_ENTBUG_HAFALV_HAFPAR_KLEAER_KLEMIC_KLEPNE_KLEQUA_KLEVAR_MORMO_PANAGG_PANPLE_PANSEP_PRTCOL_PRTMIR_PRTTER_100SPD-100vW_zSWATH/KLEPNE-55-ANA-d200.npy,KLEPNE-55-ANA-d200,KLEPNE,KLEPNE,55,Klebsiella pneumoniae,Klebsiella pneumoniae,CLASSE,/home/rrekikdi/Bureau/postdoc/pseudo_image/ms1_processed_11classes/Klebsiella pneumoniae/KLEPNE-55-ANA-d200.npy
/home/rrekikdi/Bureau/postdoc/pseudo_image/images_npy_ms1/2022_11_21_Validation_ENTBUG_HAFALV_HAFPAR_KLEAER_KLEMIC_KLEPNE_KLEQUA_KLEVAR_MORMO_PANAGG_PANPLE_PANSEP_PRTCOL_PRTMIR_PRTTER_100SPD-100vW_zSWATH/KLEPNE-82-AER-d200.npy,KLEPNE-82-AER-d200,KLEPNE,KLEPNE,82,,Klebsiella pneumoniae,"CLASSE (sample_nb absent du excel, classe par code seul)",/home/rrekikdi/Bureau/postdoc/pseudo_image/ms1_processed_11classes/Klebsiella pneumoniae/KLEPNE-82-AER-d200.npy
/home/rrekikdi/Bureau/postdoc/pseudo_image/images_npy_ms1/2022_11_21_Validation_ENTBUG_HAFALV_HAFPAR_KLEAER_KLEMIC_KLEPNE_KLEQUA_KLEVAR_MORMO_PANAGG_PANPLE_PANSEP_PRTCOL_PRTMIR_PRTTER_100SPD-100vW_zSWATH/KLEPNE-82-ANA-d200.npy,KLEPNE-82-ANA-d200,KLEPNE,KLEPNE,82,,Klebsiella pneumoniae,"CLASSE (sample_nb absent du excel, classe par code seul)",/home/rrekikdi/Bureau/postdoc/pseudo_image/ms1_processed_11classes/Klebsiella pneumoniae/KLEPNE-82-ANA-d200.npy
/home/rrekikdi/Bureau/postdoc/pseudo_image/images_npy_ms1/2022_11_21_Validation_ENTBUG_HAFALV_HAFPAR_KLEAER_KLEMIC_KLEPNE_KLEQUA_KLEVAR_MORMO_PANAGG_PANPLE_PANSEP_PRTCOL_PRTMIR_PRTTER_100SPD-100vW_zSWATH/KLEQUA-1-AER-d200.npy,KLEQUA-1-AER-d200,KLEQUA,KLEQUA,1,Klebsiella quasipneumoniae quasipneumoniae,Klebsiella quasipneumoniae,CLASSE,/home/rrekikdi/Bureau/postdoc/pseudo_image/ms1_processed_11classes/Klebsiella quasipneumoniae/KLEQUA-1-AER-d200.npy
/home/rrekikdi/Bureau/postdoc/pseudo_image/images_npy_ms1/2022_11_21_Validation_ENTBUG_HAFALV_HAFPAR_KLEAER_KLEMIC_KLEPNE_KLEQUA_KLEVAR_MORMO_PANAGG_PANPLE_PANSEP_PRTCOL_PRTMIR_PRTTER_100SPD-100vW_zSWATH/KLEQUA-1-ANA-d200.npy,KLEQUA-1-ANA-d200,KLEQUA,KLEQUA,1,Klebsiella quasipneumoniae quasipneumoniae,Klebsiella quasipneumoniae,CLASSE,/home/rrekikdi/Bureau/postdoc/pseudo_image/ms1_processed_11classes/Klebsiella quasipneumoniae/KLEQUA-1-ANA-d200.npy
/home/rrekikdi/Bureau/postdoc/pseudo_image/images_npy_ms1/2022_11_21_Validation_ENTBUG_HAFALV_HAFPAR_KLEAER_KLEMIC_KLEPNE_KLEQUA_KLEVAR_MORMO_PANAGG_PANPLE_PANSEP_PRTCOL_PRTMIR_PRTTER_100SPD-100vW_zSWATH/KLEQUA-10-AER-d200.npy,KLEQUA-10-AER-d200,KLEQUA,KLEQUA,10,Klebsiella quasipneumoniae similipneumoniae,Klebsiella quasipneumoniae,CLASSE,/home/rrekikdi/Bureau/postdoc/pseudo_image/ms1_processed_11classes/Klebsiella quasipneumoniae/KLEQUA-10-AER-d200.npy
/home/rrekikdi/Bureau/postdoc/pseudo_image/images_npy_ms1/2022_11_21_Validation_ENTBUG_HAFALV_HAFPAR_KLEAER_KLEMIC_KLEPNE_KLEQUA_KLEVAR_MORMO_PANAGG_PANPLE_PANSEP_PRTCOL_PRTMIR_PRTTER_100SPD-100vW_zSWATH/KLEQUA-10-ANA-d200.npy,KLEQUA-10-ANA-d200,KLEQUA,KLEQUA,10,Klebsiella quasipneumoniae similipneumoniae,Klebsiella quasipneumoniae,CLASSE,/home/rrekikdi/Bureau/postdoc/pseudo_image/ms1_processed_11classes/Klebsiella quasipneumoniae/KLEQUA-10-ANA-d200.npy
/home/rrekikdi/Bureau/postdoc/pseudo_image/images_npy_ms1/2022_11_21_Validation_ENTBUG_HAFALV_HAFPAR_KLEAER_KLEMIC_KLEPNE_KLEQUA_KLEVAR_MORMO_PANAGG_PANPLE_PANSEP_PRTCOL_PRTMIR_PRTTER_100SPD-100vW_zSWATH/KLEQUA-2-AER-d200.npy,KLEQUA-2-AER-d200,KLEQUA,KLEQUA,2,Klebsiella quasipneumoniae quasipneumoniae,Klebsiella quasipneumoniae,CLASSE,/home/rrekikdi/Bureau/postdoc/pseudo_image/ms1_processed_11classes/Klebsiella quasipneumoniae/KLEQUA-2-AER-d200.npy
/home/rrekikdi/Bureau/postdoc/pseudo_image/images_npy_ms1/2022_11_21_Validation_ENTBUG_HAFALV_HAFPAR_KLEAER_KLEMIC_KLEPNE_KLEQUA_KLEVAR_MORMO_PANAGG_PANPLE_PANSEP_PRTCOL_PRTMIR_PRTTER_100SPD-100vW_zSWATH/KLEQUA-2-ANA-d200.npy,KLEQUA-2-ANA-d200,KLEQUA,KLEQUA,2,Klebsiella quasipneumoniae quasipneumoniae,Klebsiella quasipneumoniae,CLASSE,/home/rrekikdi/Bureau/postdoc/pseudo_image/ms1_processed_11classes/Klebsiella quasipneumoniae/KLEQUA-2-ANA-d200.npy
/home/rrekikdi/Bureau/postdoc/pseudo_image/images_npy_ms1/2022_11_21_Validation_ENTBUG_HAFALV_HAFPAR_KLEAER_KLEMIC_KLEPNE_KLEQUA_KLEVAR_MORMO_PANAGG_PANPLE_PANSEP_PRTCOL_PRTMIR_PRTTER_100SPD-100vW_zSWATH/KLEQUA-4-AER-d200.npy,KLEQUA-4-AER-d200,KLEQUA,KLEQUA,4,Klebsiella quasipneumoniae quasipneumoniae,Klebsiella quasipneumoniae,CLASSE,/home/rrekikdi/Bureau/postdoc/pseudo_image/ms1_processed_11classes/Klebsiella quasipneumoniae/KLEQUA-4-AER-d200.npy
/home/rrekikdi/Bureau/postdoc/pseudo_image/images_npy_ms1/2022_11_21_Validation_ENTBUG_HAFALV_HAFPAR_KLEAER_KLEMIC_KLEPNE_KLEQUA_KLEVAR_MORMO_PANAGG_PANPLE_PANSEP_PRTCOL_PRTMIR_PRTTER_100SPD-100vW_zSWATH/KLEQUA-4-ANA-d200.npy,KLEQUA-4-ANA-d200,KLEQUA,KLEQUA,4,Klebsiella quasipneumoniae quasipneumoniae,Klebsiella quasipneumoniae,CLASSE,/home/rrekikdi/Bureau/postdoc/pseudo_image/ms1_processed_11classes/Klebsiella quasipneumoniae/KLEQUA-4-ANA-d200.npy
/home/rrekikdi/Bureau/postdoc/pseudo_image/images_npy_ms1/2022_11_21_Validation_ENTBUG_HAFALV_HAFPAR_KLEAER_KLEMIC_KLEPNE_KLEQUA_KLEVAR_MORMO_PANAGG_PANPLE_PANSEP_PRTCOL_PRTMIR_PRTTER_100SPD-100vW_zSWATH/KLEQUA-6-AER-d200.npy,KLEQUA-6-AER-d200,KLEQUA,KLEQUA,6,Klebsiella quasipneumoniae similipneumoniae,Klebsiella quasipneumoniae,CLASSE,/home/rrekikdi/Bureau/postdoc/pseudo_image/ms1_processed_11classes/Klebsiella quasipneumoniae/KLEQUA-6-AER-d200.npy
/home/rrekikdi/Bureau/postdoc/pseudo_image/images_npy_ms1/2022_11_21_Validation_ENTBUG_HAFALV_HAFPAR_KLEAER_KLEMIC_KLEPNE_KLEQUA_KLEVAR_MORMO_PANAGG_PANPLE_PANSEP_PRTCOL_PRTMIR_PRTTER_100SPD-100vW_zSWATH/KLEQUA-6-ANA-d200.npy,KLEQUA-6-ANA-d200,KLEQUA,KLEQUA,6,Klebsiella quasipneumoniae similipneumoniae,Klebsiella quasipneumoniae,CLASSE,/home/rrekikdi/Bureau/postdoc/pseudo_image/ms1_processed_11classes/Klebsiella quasipneumoniae/KLEQUA-6-ANA-d200.npy
/home/rrekikdi/Bureau/postdoc/pseudo_image/images_npy_ms1/2022_11_21_Validation_ENTBUG_HAFALV_HAFPAR_KLEAER_KLEMIC_KLEPNE_KLEQUA_KLEVAR_MORMO_PANAGG_PANPLE_PANSEP_PRTCOL_PRTMIR_PRTTER_100SPD-100vW_zSWATH/KLEQUA-7-AER-d200.npy,KLEQUA-7-AER-d200,KLEQUA,KLEQUA,7,Klebsiella quasipneumoniae similipneumoniae,Klebsiella quasipneumoniae,CLASSE,/home/rrekikdi/Bureau/postdoc/pseudo_image/ms1_processed_11classes/Klebsiella quasipneumoniae/KLEQUA-7-AER-d200.npy
/home/rrekikdi/Bureau/postdoc/pseudo_image/images_npy_ms1/2022_11_21_Validation_ENTBUG_HAFALV_HAFPAR_KLEAER_KLEMIC_KLEPNE_KLEQUA_KLEVAR_MORMO_PANAGG_PANPLE_PANSEP_PRTCOL_PRTMIR_PRTTER_100SPD-100vW_zSWATH/KLEQUA-7-ANA-d200.npy,KLEQUA-7-ANA-d200,KLEQUA,KLEQUA,7,Klebsiella quasipneumoniae similipneumoniae,Klebsiella quasipneumoniae,CLASSE,/home/rrekikdi/Bureau/postdoc/pseudo_image/ms1_processed_11classes/Klebsiella quasipneumoniae/KLEQUA-7-ANA-d200.npy
/home/rrekikdi/Bureau/postdoc/pseudo_image/images_npy_ms1/2022_11_21_Validation_ENTBUG_HAFALV_HAFPAR_KLEAER_KLEMIC_KLEPNE_KLEQUA_KLEVAR_MORMO_PANAGG_PANPLE_PANSEP_PRTCOL_PRTMIR_PRTTER_100SPD-100vW_zSWATH/PRTMIR-13-AER-d200.npy,PRTMIR-13-AER-d200,PRTMIR,PRTMIR,13,Proteus mirabilis,Proteus mirabilis,CLASSE,/home/rrekikdi/Bureau/postdoc/pseudo_image/ms1_processed_11classes/Proteus mirabilis/PRTMIR-13-AER-d200.npy
/home/rrekikdi/Bureau/postdoc/pseudo_image/images_npy_ms1/2022_11_21_Validation_ENTBUG_HAFALV_HAFPAR_KLEAER_KLEMIC_KLEPNE_KLEQUA_KLEVAR_MORMO_PANAGG_PANPLE_PANSEP_PRTCOL_PRTMIR_PRTTER_100SPD-100vW_zSWATH/PRTMIR-13-ANA-d200.npy,PRTMIR-13-ANA-d200,PRTMIR,PRTMIR,13,Proteus mirabilis,Proteus mirabilis,CLASSE,/home/rrekikdi/Bureau/postdoc/pseudo_image/ms1_processed_11classes/Proteus mirabilis/PRTMIR-13-ANA-d200.npy
/home/rrekikdi/Bureau/postdoc/pseudo_image/images_npy_ms1/2022_11_21_Validation_ENTBUG_HAFALV_HAFPAR_KLEAER_KLEMIC_KLEPNE_KLEQUA_KLEVAR_MORMO_PANAGG_PANPLE_PANSEP_PRTCOL_PRTMIR_PRTTER_100SPD-100vW_zSWATH/PRTMIR-15-AER-d200.npy,PRTMIR-15-AER-d200,PRTMIR,PRTMIR,15,Proteus mirabilis,Proteus mirabilis,CLASSE,/home/rrekikdi/Bureau/postdoc/pseudo_image/ms1_processed_11classes/Proteus mirabilis/PRTMIR-15-AER-d200.npy
/home/rrekikdi/Bureau/postdoc/pseudo_image/images_npy_ms1/2022_11_21_Validation_ENTBUG_HAFALV_HAFPAR_KLEAER_KLEMIC_KLEPNE_KLEQUA_KLEVAR_MORMO_PANAGG_PANPLE_PANSEP_PRTCOL_PRTMIR_PRTTER_100SPD-100vW_zSWATH/PRTMIR-15-ANA-d200.npy,PRTMIR-15-ANA-d200,PRTMIR,PRTMIR,15,Proteus mirabilis,Proteus mirabilis,CLASSE,/home/rrekikdi/Bureau/postdoc/pseudo_image/ms1_processed_11classes/Proteus mirabilis/PRTMIR-15-ANA-d200.npy
/home/rrekikdi/Bureau/postdoc/pseudo_image/images_npy_ms1/2022_11_21_Validation_ENTBUG_HAFALV_HAFPAR_KLEAER_KLEMIC_KLEPNE_KLEQUA_KLEVAR_MORMO_PANAGG_PANPLE_PANSEP_PRTCOL_PRTMIR_PRTTER_100SPD-100vW_zSWATH/PRTMIR-18-AER-d200.npy,PRTMIR-18-AER-d200,PRTMIR,PRTMIR,18,Proteus mirabilis,Proteus mirabilis,CLASSE,/home/rrekikdi/Bureau/postdoc/pseudo_image/ms1_processed_11classes/Proteus mirabilis/PRTMIR-18-AER-d200.npy
/home/rrekikdi/Bureau/postdoc/pseudo_image/images_npy_ms1/2022_11_21_Validation_ENTBUG_HAFALV_HAFPAR_KLEAER_KLEMIC_KLEPNE_KLEQUA_KLEVAR_MORMO_PANAGG_PANPLE_PANSEP_PRTCOL_PRTMIR_PRTTER_100SPD-100vW_zSWATH/PRTMIR-18-ANA-d200.npy,PRTMIR-18-ANA-d200,PRTMIR,PRTMIR,18,Proteus mirabilis,Proteus mirabilis,CLASSE,/home/rrekikdi/Bureau/postdoc/pseudo_image/ms1_processed_11classes/Proteus mirabilis/PRTMIR-18-ANA-d200.npy
/home/rrekikdi/Bureau/postdoc/pseudo_image/images_npy_ms1/2022_11_21_Validation_ENTBUG_HAFALV_HAFPAR_KLEAER_KLEMIC_KLEPNE_KLEQUA_KLEVAR_MORMO_PANAGG_PANPLE_PANSEP_PRTCOL_PRTMIR_PRTTER_100SPD-100vW_zSWATH/PRTMIR-22-AER-d200.npy,PRTMIR-22-AER-d200,PRTMIR,PRTMIR,22,Proteus mirabilis,Proteus mirabilis,CLASSE,/home/rrekikdi/Bureau/postdoc/pseudo_image/ms1_processed_11classes/Proteus mirabilis/PRTMIR-22-AER-d200.npy
/home/rrekikdi/Bureau/postdoc/pseudo_image/images_npy_ms1/2022_11_21_Validation_ENTBUG_HAFALV_HAFPAR_KLEAER_KLEMIC_KLEPNE_KLEQUA_KLEVAR_MORMO_PANAGG_PANPLE_PANSEP_PRTCOL_PRTMIR_PRTTER_100SPD-100vW_zSWATH/PRTMIR-22-ANA-d200.npy,PRTMIR-22-ANA-d200,PRTMIR,PRTMIR,22,Proteus mirabilis,Proteus mirabilis,CLASSE,/home/rrekikdi/Bureau/postdoc/pseudo_image/ms1_processed_11classes/Proteus mirabilis/PRTMIR-22-ANA-d200.npy
/home/rrekikdi/Bureau/postdoc/pseudo_image/images_npy_ms1/2022_11_21_Validation_ENTBUG_HAFALV_HAFPAR_KLEAER_KLEMIC_KLEPNE_KLEQUA_KLEVAR_MORMO_PANAGG_PANPLE_PANSEP_PRTCOL_PRTMIR_PRTTER_100SPD-100vW_zSWATH/PRTMIR-24-AER-d200.npy,PRTMIR-24-AER-d200,PRTMIR,PRTMIR,24,Proteus mirabilis,Proteus mirabilis,CLASSE,/home/rrekikdi/Bureau/postdoc/pseudo_image/ms1_processed_11classes/Proteus mirabilis/PRTMIR-24-AER-d200.npy
/home/rrekikdi/Bureau/postdoc/pseudo_image/images_npy_ms1/2022_11_21_Validation_ENTBUG_HAFALV_HAFPAR_KLEAER_KLEMIC_KLEPNE_KLEQUA_KLEVAR_MORMO_PANAGG_PANPLE_PANSEP_PRTCOL_PRTMIR_PRTTER_100SPD-100vW_zSWATH/PRTMIR-24-ANA-d200.npy,PRTMIR-24-ANA-d200,PRTMIR,PRTMIR,24,Proteus mirabilis,Proteus mirabilis,CLASSE,/home/rrekikdi/Bureau/postdoc/pseudo_image/ms1_processed_11classes/Proteus mirabilis/PRTMIR-24-ANA-d200.npy
/home/rrekikdi/Bureau/postdoc/pseudo_image/images_npy_ms1/2022_11_21_Validation_ENTBUG_HAFALV_HAFPAR_KLEAER_KLEMIC_KLEPNE_KLEQUA_KLEVAR_MORMO_PANAGG_PANPLE_PANSEP_PRTCOL_PRTMIR_PRTTER_100SPD-100vW_zSWATH/PRTMIR-25-AER-d200.npy,PRTMIR-25-AER-d200,PRTMIR,PRTMIR,25,Proteus mirabilis,Proteus mirabilis,CLASSE,/home/rrekikdi/Bureau/postdoc/pseudo_image/ms1_processed_11classes/Proteus mirabilis/PRTMIR-25-AER-d200.npy
/home/rrekikdi/Bureau/postdoc/pseudo_image/images_npy_ms1/2022_11_21_Validation_ENTBUG_HAFALV_HAFPAR_KLEAER_KLEMIC_KLEPNE_KLEQUA_KLEVAR_MORMO_PANAGG_PANPLE_PANSEP_PRTCOL_PRTMIR_PRTTER_100SPD-100vW_zSWATH/PRTMIR-25-ANA-d200.npy,PRTMIR-25-ANA-d200,PRTMIR,PRTMIR,25,Proteus mirabilis,Proteus mirabilis,CLASSE,/home/rrekikdi/Bureau/postdoc/pseudo_image/ms1_processed_11classes/Proteus mirabilis/PRTMIR-25-ANA-d200.npy
/home/rrekikdi/Bureau/postdoc/pseudo_image/images_npy_ms1/2022_11_21_Validation_ENTBUG_HAFALV_HAFPAR_KLEAER_KLEMIC_KLEPNE_KLEQUA_KLEVAR_MORMO_PANAGG_PANPLE_PANSEP_PRTCOL_PRTMIR_PRTTER_100SPD-100vW_zSWATH/PRTMIR-26-AER-d200.npy,PRTMIR-26-AER-d200,PRTMIR,PRTMIR,26,Proteus mirabilis,Proteus mirabilis,CLASSE,/home/rrekikdi/Bureau/postdoc/pseudo_image/ms1_processed_11classes/Proteus mirabilis/PRTMIR-26-AER-d200.npy
/home/rrekikdi/Bureau/postdoc/pseudo_image/images_npy_ms1/2022_11_21_Validation_ENTBUG_HAFALV_HAFPAR_KLEAER_KLEMIC_KLEPNE_KLEQUA_KLEVAR_MORMO_PANAGG_PANPLE_PANSEP_PRTCOL_PRTMIR_PRTTER_100SPD-100vW_zSWATH/PRTMIR-27-AER-d200.npy,PRTMIR-27-AER-d200,PRTMIR,PRTMIR,27,Proteus mirabilis,Proteus mirabilis,CLASSE,/home/rrekikdi/Bureau/postdoc/pseudo_image/ms1_processed_11classes/Proteus mirabilis/PRTMIR-27-AER-d200.npy
/home/rrekikdi/Bureau/postdoc/pseudo_image/images_npy_ms1/2022_11_21_Validation_ENTBUG_HAFALV_HAFPAR_KLEAER_KLEMIC_KLEPNE_KLEQUA_KLEVAR_MORMO_PANAGG_PANPLE_PANSEP_PRTCOL_PRTMIR_PRTTER_100SPD-100vW_zSWATH/PRTMIR-27-ANA-d200.npy,PRTMIR-27-ANA-d200,PRTMIR,PRTMIR,27,Proteus mirabilis,Proteus mirabilis,CLASSE,/home/rrekikdi/Bureau/postdoc/pseudo_image/ms1_processed_11classes/Proteus mirabilis/PRTMIR-27-ANA-d200.npy
/home/rrekikdi/Bureau/postdoc/pseudo_image/images_npy_ms1/2022_11_21_Validation_ENTBUG_HAFALV_HAFPAR_KLEAER_KLEMIC_KLEPNE_KLEQUA_KLEVAR_MORMO_PANAGG_PANPLE_PANSEP_PRTCOL_PRTMIR_PRTTER_100SPD-100vW_zSWATH/PRTMIR-31-AER-d200.npy,PRTMIR-31-AER-d200,PRTMIR,PRTMIR,31,Proteus mirabilis,Proteus mirabilis,CLASSE,/home/rrekikdi/Bureau/postdoc/pseudo_image/ms1_processed_11classes/Proteus mirabilis/PRTMIR-31-AER-d200.npy
/home/rrekikdi/Bureau/postdoc/pseudo_image/images_npy_ms1/2022_11_21_Validation_ENTBUG_HAFALV_HAFPAR_KLEAER_KLEMIC_KLEPNE_KLEQUA_KLEVAR_MORMO_PANAGG_PANPLE_PANSEP_PRTCOL_PRTMIR_PRTTER_100SPD-100vW_zSWATH/PRTMIR-31-ANA-d200.npy,PRTMIR-31-ANA-d200,PRTMIR,PRTMIR,31,Proteus mirabilis,Proteus mirabilis,CLASSE,/home/rrekikdi/Bureau/postdoc/pseudo_image/ms1_processed_11classes/Proteus mirabilis/PRTMIR-31-ANA-d200.npy
/home/rrekikdi/Bureau/postdoc/pseudo_image/images_npy_ms1/2022_11_21_Validation_ENTBUG_HAFALV_HAFPAR_KLEAER_KLEMIC_KLEPNE_KLEQUA_KLEVAR_MORMO_PANAGG_PANPLE_PANSEP_PRTCOL_PRTMIR_PRTTER_100SPD-100vW_zSWATH/PRTMIR-35-AER-d200.npy,PRTMIR-35-AER-d200,PRTMIR,PRTMIR,35,Proteus mirabilis,Proteus mirabilis,CLASSE,/home/rrekikdi/Bureau/postdoc/pseudo_image/ms1_processed_11classes/Proteus mirabilis/PRTMIR-35-AER-d200.npy
/home/rrekikdi/Bureau/postdoc/pseudo_image/images_npy_ms1/2022_11_21_Validation_ENTBUG_HAFALV_HAFPAR_KLEAER_KLEMIC_KLEPNE_KLEQUA_KLEVAR_MORMO_PANAGG_PANPLE_PANSEP_PRTCOL_PRTMIR_PRTTER_100SPD-100vW_zSWATH/PRTMIR-35-ANA-d200.npy,PRTMIR-35-ANA-d200,PRTMIR,PRTMIR,35,Proteus mirabilis,Proteus mirabilis,CLASSE,/home/rrekikdi/Bureau/postdoc/pseudo_image/ms1_processed_11classes/Proteus mirabilis/PRTMIR-35-ANA-d200.npy
/home/rrekikdi/Bureau/postdoc/pseudo_image/images_npy_ms1/2022_11_21_Validation_ENTBUG_HAFALV_HAFPAR_KLEAER_KLEMIC_KLEPNE_KLEQUA_KLEVAR_MORMO_PANAGG_PANPLE_PANSEP_PRTCOL_PRTMIR_PRTTER_100SPD-100vW_zSWATH/PRTMIR-37-AER-d200.npy,PRTMIR-37-AER-d200,PRTMIR,PRTMIR,37,Proteus mirabilis,Proteus mirabilis,CLASSE,/home/rrekikdi/Bureau/postdoc/pseudo_image/ms1_processed_11classes/Proteus mirabilis/PRTMIR-37-AER-d200.npy
/home/rrekikdi/Bureau/postdoc/pseudo_image/images_npy_ms1/2022_11_21_Validation_ENTBUG_HAFALV_HAFPAR_KLEAER_KLEMIC_KLEPNE_KLEQUA_KLEVAR_MORMO_PANAGG_PANPLE_PANSEP_PRTCOL_PRTMIR_PRTTER_100SPD-100vW_zSWATH/PRTMIR-37-ANA-d200.npy,PRTMIR-37-ANA-d200,PRTMIR,PRTMIR,37,Proteus mirabilis,Proteus mirabilis,CLASSE,/home/rrekikdi/Bureau/postdoc/pseudo_image/ms1_processed_11classes/Proteus mirabilis/PRTMIR-37-ANA-d200.npy
/home/rrekikdi/Bureau/postdoc/pseudo_image/images_npy_ms1/2022_11_21_Validation_ENTBUG_HAFALV_HAFPAR_KLEAER_KLEMIC_KLEPNE_KLEQUA_KLEVAR_MORMO_PANAGG_PANPLE_PANSEP_PRTCOL_PRTMIR_PRTTER_100SPD-100vW_zSWATH/PRTMIR-38-AER-d200.npy,PRTMIR-38-AER-d200,PRTMIR,PRTMIR,38,Proteus mirabilis,Proteus mirabilis,CLASSE,/home/rrekikdi/Bureau/postdoc/pseudo_image/ms1_processed_11classes/Proteus mirabilis/PRTMIR-38-AER-d200.npy
/home/rrekikdi/Bureau/postdoc/pseudo_image/images_npy_ms1/2022_11_21_Validation_ENTBUG_HAFALV_HAFPAR_KLEAER_KLEMIC_KLEPNE_KLEQUA_KLEVAR_MORMO_PANAGG_PANPLE_PANSEP_PRTCOL_PRTMIR_PRTTER_100SPD-100vW_zSWATH/PRTMIR-38-ANA-d200.npy,PRTMIR-38-ANA-d200,PRTMIR,PRTMIR,38,Proteus mirabilis,Proteus mirabilis,CLASSE,/home/rrekikdi/Bureau/postdoc/pseudo_image/ms1_processed_11classes/Proteus mirabilis/PRTMIR-38-ANA-d200.npy
/home/rrekikdi/Bureau/postdoc/pseudo_image/images_npy_ms1/2022_11_21_Validation_ENTBUG_HAFALV_HAFPAR_KLEAER_KLEMIC_KLEPNE_KLEQUA_KLEVAR_MORMO_PANAGG_PANPLE_PANSEP_PRTCOL_PRTMIR_PRTTER_100SPD-100vW_zSWATH/PRTMIR-39-AER-d200.npy,PRTMIR-39-AER-d200,PRTMIR,PRTMIR,39,Proteus mirabilis,Proteus mirabilis,CLASSE,/home/rrekikdi/Bureau/postdoc/pseudo_image/ms1_processed_11classes/Proteus mirabilis/PRTMIR-39-AER-d200.npy
/home/rrekikdi/Bureau/postdoc/pseudo_image/images_npy_ms1/2022_11_21_Validation_ENTBUG_HAFALV_HAFPAR_KLEAER_KLEMIC_KLEPNE_KLEQUA_KLEVAR_MORMO_PANAGG_PANPLE_PANSEP_PRTCOL_PRTMIR_PRTTER_100SPD-100vW_zSWATH/PRTMIR-39-ANA-d200.npy,PRTMIR-39-ANA-d200,PRTMIR,PRTMIR,39,Proteus mirabilis,Proteus mirabilis,CLASSE,/home/rrekikdi/Bureau/postdoc/pseudo_image/ms1_processed_11classes/Proteus mirabilis/PRTMIR-39-ANA-d200.npy
/home/rrekikdi/Bureau/postdoc/pseudo_image/images_npy_ms1/2022_11_21_Validation_ENTBUG_HAFALV_HAFPAR_KLEAER_KLEMIC_KLEPNE_KLEQUA_KLEVAR_MORMO_PANAGG_PANPLE_PANSEP_PRTCOL_PRTMIR_PRTTER_100SPD-100vW_zSWATH/PRTMIR-42-AER-d200.npy,PRTMIR-42-AER-d200,PRTMIR,PRTMIR,42,Proteus mirabilis,Proteus mirabilis,CLASSE,/home/rrekikdi/Bureau/postdoc/pseudo_image/ms1_processed_11classes/Proteus mirabilis/PRTMIR-42-AER-d200.npy
/home/rrekikdi/Bureau/postdoc/pseudo_image/images_npy_ms1/2022_11_21_Validation_ENTBUG_HAFALV_HAFPAR_KLEAER_KLEMIC_KLEPNE_KLEQUA_KLEVAR_MORMO_PANAGG_PANPLE_PANSEP_PRTCOL_PRTMIR_PRTTER_100SPD-100vW_zSWATH/PRTMIR-42-ANA-d200.npy,PRTMIR-42-ANA-d200,PRTMIR,PRTMIR,42,Proteus mirabilis,Proteus mirabilis,CLASSE,/home/rrekikdi/Bureau/postdoc/pseudo_image/ms1_processed_11classes/Proteus mirabilis/PRTMIR-42-ANA-d200.npy
/home/rrekikdi/Bureau/postdoc/pseudo_image/images_npy_ms1/2022_11_21_Validation_ENTBUG_HAFALV_HAFPAR_KLEAER_KLEMIC_KLEPNE_KLEQUA_KLEVAR_MORMO_PANAGG_PANPLE_PANSEP_PRTCOL_PRTMIR_PRTTER_100SPD-100vW_zSWATH/PRTMIR-44-AER-d200.npy,PRTMIR-44-AER-d200,PRTMIR,PRTMIR,44,Proteus mirabilis,Proteus mirabilis,CLASSE,/home/rrekikdi/Bureau/postdoc/pseudo_image/ms1_processed_11classes/Proteus mirabilis/PRTMIR-44-AER-d200.npy
/home/rrekikdi/Bureau/postdoc/pseudo_image/images_npy_ms1/2022_11_21_Validation_ENTBUG_HAFALV_HAFPAR_KLEAER_KLEMIC_KLEPNE_KLEQUA_KLEVAR_MORMO_PANAGG_PANPLE_PANSEP_PRTCOL_PRTMIR_PRTTER_100SPD-100vW_zSWATH/PRTMIR-44-ANA-d200.npy,PRTMIR-44-ANA-d200,PRTMIR,PRTMIR,44,Proteus mirabilis,Proteus mirabilis,CLASSE,/home/rrekikdi/Bureau/postdoc/pseudo_image/ms1_processed_11classes/Proteus mirabilis/PRTMIR-44-ANA-d200.npy
/home/rrekikdi/Bureau/postdoc/pseudo_image/images_npy_ms1/2022_11_21_Validation_ENTBUG_HAFALV_HAFPAR_KLEAER_KLEMIC_KLEPNE_KLEQUA_KLEVAR_MORMO_PANAGG_PANPLE_PANSEP_PRTCOL_PRTMIR_PRTTER_100SPD-100vW_zSWATH/PRTMIR-45-AER-d200.npy,PRTMIR-45-AER-d200,PRTMIR,PRTMIR,45,Proteus mirabilis,Proteus mirabilis,CLASSE,/home/rrekikdi/Bureau/postdoc/pseudo_image/ms1_processed_11classes/Proteus mirabilis/PRTMIR-45-AER-d200.npy
/home/rrekikdi/Bureau/postdoc/pseudo_image/images_npy_ms1/2022_11_21_Validation_ENTBUG_HAFALV_HAFPAR_KLEAER_KLEMIC_KLEPNE_KLEQUA_KLEVAR_MORMO_PANAGG_PANPLE_PANSEP_PRTCOL_PRTMIR_PRTTER_100SPD-100vW_zSWATH/PRTMIR-45-ANA-d200.npy,PRTMIR-45-ANA-d200,PRTMIR,PRTMIR,45,Proteus mirabilis,Proteus mirabilis,CLASSE,/home/rrekikdi/Bureau/postdoc/pseudo_image/ms1_processed_11classes/Proteus mirabilis/PRTMIR-45-ANA-d200.npy
/home/rrekikdi/Bureau/postdoc/pseudo_image/images_npy_ms1/2022_11_21_Validation_ENTBUG_HAFALV_HAFPAR_KLEAER_KLEMIC_KLEPNE_KLEQUA_KLEVAR_MORMO_PANAGG_PANPLE_PANSEP_PRTCOL_PRTMIR_PRTTER_100SPD-100vW_zSWATH/PRTMIR-46-AER-d200.npy,PRTMIR-46-AER-d200,PRTMIR,PRTMIR,46,Proteus mirabilis,Proteus mirabilis,CLASSE,/home/rrekikdi/Bureau/postdoc/pseudo_image/ms1_processed_11classes/Proteus mirabilis/PRTMIR-46-AER-d200.npy
/home/rrekikdi/Bureau/postdoc/pseudo_image/images_npy_ms1/2022_11_21_Validation_ENTBUG_HAFALV_HAFPAR_KLEAER_KLEMIC_KLEPNE_KLEQUA_KLEVAR_MORMO_PANAGG_PANPLE_PANSEP_PRTCOL_PRTMIR_PRTTER_100SPD-100vW_zSWATH/PRTMIR-46-ANA-d200.npy,PRTMIR-46-ANA-d200,PRTMIR,PRTMIR,46,Proteus mirabilis,Proteus mirabilis,CLASSE,/home/rrekikdi/Bureau/postdoc/pseudo_image/ms1_processed_11classes/Proteus mirabilis/PRTMIR-46-ANA-d200.npy
/home/rrekikdi/Bureau/postdoc/pseudo_image/images_npy_ms1/2022_11_21_Validation_ENTBUG_HAFALV_HAFPAR_KLEAER_KLEMIC_KLEPNE_KLEQUA_KLEVAR_MORMO_PANAGG_PANPLE_PANSEP_PRTCOL_PRTMIR_PRTTER_100SPD-100vW_zSWATH/PRTMIR-51-AER-d200.npy,PRTMIR-51-AER-d200,PRTMIR,PRTMIR,51,Proteus mirabilis,Proteus mirabilis,CLASSE,/home/rrekikdi/Bureau/postdoc/pseudo_image/ms1_processed_11classes/Proteus mirabilis/PRTMIR-51-AER-d200.npy
/home/rrekikdi/Bureau/postdoc/pseudo_image/images_npy_ms1/2022_11_21_Validation_ENTBUG_HAFALV_HAFPAR_KLEAER_KLEMIC_KLEPNE_KLEQUA_KLEVAR_MORMO_PANAGG_PANPLE_PANSEP_PRTCOL_PRTMIR_PRTTER_100SPD-100vW_zSWATH/PRTMIR-51-ANA-d200.npy,PRTMIR-51-ANA-d200,PRTMIR,PRTMIR,51,Proteus mirabilis,Proteus mirabilis,CLASSE,/home/rrekikdi/Bureau/postdoc/pseudo_image/ms1_processed_11classes/Proteus mirabilis/PRTMIR-51-ANA-d200.npy
/home/rrekikdi/Bureau/postdoc/pseudo_image/images_npy_ms1/2022_11_21_Validation_ENTBUG_HAFALV_HAFPAR_KLEAER_KLEMIC_KLEPNE_KLEQUA_KLEVAR_MORMO_PANAGG_PANPLE_PANSEP_PRTCOL_PRTMIR_PRTTER_100SPD-100vW_zSWATH/PRTMIR-52-AER-d200.npy,PRTMIR-52-AER-d200,PRTMIR,PRTMIR,52,Proteus mirabilis,Proteus mirabilis,CLASSE,/home/rrekikdi/Bureau/postdoc/pseudo_image/ms1_processed_11classes/Proteus mirabilis/PRTMIR-52-AER-d200.npy
/home/rrekikdi/Bureau/postdoc/pseudo_image/images_npy_ms1/2022_11_21_Validation_ENTBUG_HAFALV_HAFPAR_KLEAER_KLEMIC_KLEPNE_KLEQUA_KLEVAR_MORMO_PANAGG_PANPLE_PANSEP_PRTCOL_PRTMIR_PRTTER_100SPD-100vW_zSWATH/PRTMIR-52-ANA-d200.npy,PRTMIR-52-ANA-d200,PRTMIR,PRTMIR,52,Proteus mirabilis,Proteus mirabilis,CLASSE,/home/rrekikdi/Bureau/postdoc/pseudo_image/ms1_processed_11classes/Proteus mirabilis/PRTMIR-52-ANA-d200.npy
/home/rrekikdi/Bureau/postdoc/pseudo_image/images_npy_ms1/2022_11_22_Validation_ENTBUG_HAFALV_HAFPAR_KLEAER_KLEMIC_KLEPNE_KLEQUA_KLEVAR_MORMO_PANAGG_PANPLE_PANSEP_PRTCOL_PRTMIR_PRTTER/KLEAER-10-AER-d200.npy,KLEAER-10-AER-d200,KLEAER,KLEAER,10,Klebsiella aerogenes,Klebsiella aerogenes,CLASSE,/home/rrekikdi/Bureau/postdoc/pseudo_image/ms1_processed_11classes/Klebsiella aerogenes/KLEAER-10-AER-d200.npy
/home/rrekikdi/Bureau/postdoc/pseudo_image/images_npy_ms1/2022_11_22_Validation_ENTBUG_HAFALV_HAFPAR_KLEAER_KLEMIC_KLEPNE_KLEQUA_KLEVAR_MORMO_PANAGG_PANPLE_PANSEP_PRTCOL_PRTMIR_PRTTER/KLEAER-10-ANA-d200.npy,KLEAER-10-ANA-d200,KLEAER,KLEAER,10,Klebsiella aerogenes,Klebsiella aerogenes,CLASSE,/home/rrekikdi/Bureau/postdoc/pseudo_image/ms1_processed_11classes/Klebsiella aerogenes/KLEAER-10-ANA-d200.npy
/home/rrekikdi/Bureau/postdoc/pseudo_image/images_npy_ms1/2022_11_22_Validation_ENTBUG_HAFALV_HAFPAR_KLEAER_KLEMIC_KLEPNE_KLEQUA_KLEVAR_MORMO_PANAGG_PANPLE_PANSEP_PRTCOL_PRTMIR_PRTTER/KLEAER-11-AER-d200.npy,KLEAER-11-AER-d200,KLEAER,KLEAER,11,Klebsiella aerogenes,Klebsiella aerogenes,CLASSE,/home/rrekikdi/Bureau/postdoc/pseudo_image/ms1_processed_11classes/Klebsiella aerogenes/KLEAER-11-AER-d200.npy
/home/rrekikdi/Bureau/postdoc/pseudo_image/images_npy_ms1/2022_11_22_Validation_ENTBUG_HAFALV_HAFPAR_KLEAER_KLEMIC_KLEPNE_KLEQUA_KLEVAR_MORMO_PANAGG_PANPLE_PANSEP_PRTCOL_PRTMIR_PRTTER/KLEAER-11-ANA-d200.npy,KLEAER-11-ANA-d200,KLEAER,KLEAER,11,Klebsiella aerogenes,Klebsiella aerogenes,CLASSE,/home/rrekikdi/Bureau/postdoc/pseudo_image/ms1_processed_11classes/Klebsiella aerogenes/KLEAER-11-ANA-d200.npy
/home/rrekikdi/Bureau/postdoc/pseudo_image/images_npy_ms1/2022_11_22_Validation_ENTBUG_HAFALV_HAFPAR_KLEAER_KLEMIC_KLEPNE_KLEQUA_KLEVAR_MORMO_PANAGG_PANPLE_PANSEP_PRTCOL_PRTMIR_PRTTER/KLEAER-12-ANA-d200.npy,KLEAER-12-ANA-d200,KLEAER,KLEAER,12,Klebsiella aerogenes,Klebsiella aerogenes,CLASSE,/home/rrekikdi/Bureau/postdoc/pseudo_image/ms1_processed_11classes/Klebsiella aerogenes/KLEAER-12-ANA-d200.npy
/home/rrekikdi/Bureau/postdoc/pseudo_image/images_npy_ms1/2022_11_22_Validation_ENTBUG_HAFALV_HAFPAR_KLEAER_KLEMIC_KLEPNE_KLEQUA_KLEVAR_MORMO_PANAGG_PANPLE_PANSEP_PRTCOL_PRTMIR_PRTTER/KLEAER-13-AER-d200.npy,KLEAER-13-AER-d200,KLEAER,KLEAER,13,Klebsiella aerogenes,Klebsiella aerogenes,CLASSE,/home/rrekikdi/Bureau/postdoc/pseudo_image/ms1_processed_11classes/Klebsiella aerogenes/KLEAER-13-AER-d200.npy
/home/rrekikdi/Bureau/postdoc/pseudo_image/images_npy_ms1/2022_11_22_Validation_ENTBUG_HAFALV_HAFPAR_KLEAER_KLEMIC_KLEPNE_KLEQUA_KLEVAR_MORMO_PANAGG_PANPLE_PANSEP_PRTCOL_PRTMIR_PRTTER/KLEAER-13-ANA-d200.npy,KLEAER-13-ANA-d200,KLEAER,KLEAER,13,Klebsiella aerogenes,Klebsiella aerogenes,CLASSE,/home/rrekikdi/Bureau/postdoc/pseudo_image/ms1_processed_11classes/Klebsiella aerogenes/KLEAER-13-ANA-d200.npy
/home/rrekikdi/Bureau/postdoc/pseudo_image/images_npy_ms1/2022_11_22_Validation_ENTBUG_HAFALV_HAFPAR_KLEAER_KLEMIC_KLEPNE_KLEQUA_KLEVAR_MORMO_PANAGG_PANPLE_PANSEP_PRTCOL_PRTMIR_PRTTER/KLEAER-14-AER-d200.npy,KLEAER-14-AER-d200,KLEAER,KLEAER,14,Klebsiella aerogenes,Klebsiella aerogenes,CLASSE,/home/rrekikdi/Bureau/postdoc/pseudo_image/ms1_processed_11classes/Klebsiella aerogenes/KLEAER-14-AER-d200.npy
/home/rrekikdi/Bureau/postdoc/pseudo_image/images_npy_ms1/2022_11_22_Validation_ENTBUG_HAFALV_HAFPAR_KLEAER_KLEMIC_KLEPNE_KLEQUA_KLEVAR_MORMO_PANAGG_PANPLE_PANSEP_PRTCOL_PRTMIR_PRTTER/KLEAER-14-ANA-d200.npy,KLEAER-14-ANA-d200,KLEAER,KLEAER,14,Klebsiella aerogenes,Klebsiella aerogenes,CLASSE,/home/rrekikdi/Bureau/postdoc/pseudo_image/ms1_processed_11classes/Klebsiella aerogenes/KLEAER-14-ANA-d200.npy
/home/rrekikdi/Bureau/postdoc/pseudo_image/images_npy_ms1/2022_11_22_Validation_ENTBUG_HAFALV_HAFPAR_KLEAER_KLEMIC_KLEPNE_KLEQUA_KLEVAR_MORMO_PANAGG_PANPLE_PANSEP_PRTCOL_PRTMIR_PRTTER/KLEAER-15-AER-d200.npy,KLEAER-15-AER-d200,KLEAER,KLEAER,15,Klebsiella aerogenes,Klebsiella aerogenes,CLASSE,/home/rrekikdi/Bureau/postdoc/pseudo_image/ms1_processed_11classes/Klebsiella aerogenes/KLEAER-15-AER-d200.npy
/home/rrekikdi/Bureau/postdoc/pseudo_image/images_npy_ms1/2022_11_22_Validation_ENTBUG_HAFALV_HAFPAR_KLEAER_KLEMIC_KLEPNE_KLEQUA_KLEVAR_MORMO_PANAGG_PANPLE_PANSEP_PRTCOL_PRTMIR_PRTTER/KLEAER-15-ANA-d200.npy,KLEAER-15-ANA-d200,KLEAER,KLEAER,15,Klebsiella aerogenes,Klebsiella aerogenes,CLASSE,/home/rrekikdi/Bureau/postdoc/pseudo_image/ms1_processed_11classes/Klebsiella aerogenes/KLEAER-15-ANA-d200.npy
/home/rrekikdi/Bureau/postdoc/pseudo_image/images_npy_ms1/2022_11_22_Validation_ENTBUG_HAFALV_HAFPAR_KLEAER_KLEMIC_KLEPNE_KLEQUA_KLEVAR_MORMO_PANAGG_PANPLE_PANSEP_PRTCOL_PRTMIR_PRTTER/KLEAER-16-AER-d200.npy,KLEAER-16-AER-d200,KLEAER,KLEAER,16,Klebsiella aerogenes,Klebsiella aerogenes,CLASSE,/home/rrekikdi/Bureau/postdoc/pseudo_image/ms1_processed_11classes/Klebsiella aerogenes/KLEAER-16-AER-d200.npy
/home/rrekikdi/Bureau/postdoc/pseudo_image/images_npy_ms1/2022_11_22_Validation_ENTBUG_HAFALV_HAFPAR_KLEAER_KLEMIC_KLEPNE_KLEQUA_KLEVAR_MORMO_PANAGG_PANPLE_PANSEP_PRTCOL_PRTMIR_PRTTER/KLEAER-16-ANA-d200.npy,KLEAER-16-ANA-d200,KLEAER,KLEAER,16,Klebsiella aerogenes,Klebsiella aerogenes,CLASSE,/home/rrekikdi/Bureau/postdoc/pseudo_image/ms1_processed_11classes/Klebsiella aerogenes/KLEAER-16-ANA-d200.npy
/home/rrekikdi/Bureau/postdoc/pseudo_image/images_npy_ms1/2022_11_22_Validation_ENTBUG_HAFALV_HAFPAR_KLEAER_KLEMIC_KLEPNE_KLEQUA_KLEVAR_MORMO_PANAGG_PANPLE_PANSEP_PRTCOL_PRTMIR_PRTTER/KLEAER-4-AER-d200.npy,KLEAER-4-AER-d200,KLEAER,KLEAER,4,Klebsiella aerogenes,Klebsiella aerogenes,CLASSE,/home/rrekikdi/Bureau/postdoc/pseudo_image/ms1_processed_11classes/Klebsiella aerogenes/KLEAER-4-AER-d200.npy
/home/rrekikdi/Bureau/postdoc/pseudo_image/images_npy_ms1/2022_11_22_Validation_ENTBUG_HAFALV_HAFPAR_KLEAER_KLEMIC_KLEPNE_KLEQUA_KLEVAR_MORMO_PANAGG_PANPLE_PANSEP_PRTCOL_PRTMIR_PRTTER/KLEAER-4-ANA-d200.npy,KLEAER-4-ANA-d200,KLEAER,KLEAER,4,Klebsiella aerogenes,Klebsiella aerogenes,CLASSE,/home/rrekikdi/Bureau/postdoc/pseudo_image/ms1_processed_11classes/Klebsiella aerogenes/KLEAER-4-ANA-d200.npy
/home/rrekikdi/Bureau/postdoc/pseudo_image/images_npy_ms1/2022_11_22_Validation_ENTBUG_HAFALV_HAFPAR_KLEAER_KLEMIC_KLEPNE_KLEQUA_KLEVAR_MORMO_PANAGG_PANPLE_PANSEP_PRTCOL_PRTMIR_PRTTER/KLEAER-7-AER-d200.npy,KLEAER-7-AER-d200,KLEAER,KLEAER,7,Klebsiella aerogenes,Klebsiella aerogenes,CLASSE,/home/rrekikdi/Bureau/postdoc/pseudo_image/ms1_processed_11classes/Klebsiella aerogenes/KLEAER-7-AER-d200.npy
/home/rrekikdi/Bureau/postdoc/pseudo_image/images_npy_ms1/2022_11_22_Validation_ENTBUG_HAFALV_HAFPAR_KLEAER_KLEMIC_KLEPNE_KLEQUA_KLEVAR_MORMO_PANAGG_PANPLE_PANSEP_PRTCOL_PRTMIR_PRTTER/KLEAER-7-ANA-d200.npy,KLEAER-7-ANA-d200,KLEAER,KLEAER,7,Klebsiella aerogenes,Klebsiella aerogenes,CLASSE,/home/rrekikdi/Bureau/postdoc/pseudo_image/ms1_processed_11classes/Klebsiella aerogenes/KLEAER-7-ANA-d200.npy
/home/rrekikdi/Bureau/postdoc/pseudo_image/images_npy_ms1/2022_11_22_Validation_ENTBUG_HAFALV_HAFPAR_KLEAER_KLEMIC_KLEPNE_KLEQUA_KLEVAR_MORMO_PANAGG_PANPLE_PANSEP_PRTCOL_PRTMIR_PRTTER/KLEMIC-14-AER-d200.npy,KLEMIC-14-AER-d200,KLEMIC,KLEMIC,14,Klebsiella michiganensis,Klebsiella michiganensis,CLASSE,/home/rrekikdi/Bureau/postdoc/pseudo_image/ms1_processed_11classes/Klebsiella michiganensis/KLEMIC-14-AER-d200.npy
/home/rrekikdi/Bureau/postdoc/pseudo_image/images_npy_ms1/2022_11_22_Validation_ENTBUG_HAFALV_HAFPAR_KLEAER_KLEMIC_KLEPNE_KLEQUA_KLEVAR_MORMO_PANAGG_PANPLE_PANSEP_PRTCOL_PRTMIR_PRTTER/KLEMIC-14-ANA-d200.npy,KLEMIC-14-ANA-d200,KLEMIC,KLEMIC,14,Klebsiella michiganensis,Klebsiella michiganensis,CLASSE,/home/rrekikdi/Bureau/postdoc/pseudo_image/ms1_processed_11classes/Klebsiella michiganensis/KLEMIC-14-ANA-d200.npy
/home/rrekikdi/Bureau/postdoc/pseudo_image/images_npy_ms1/2022_11_22_Validation_ENTBUG_HAFALV_HAFPAR_KLEAER_KLEMIC_KLEPNE_KLEQUA_KLEVAR_MORMO_PANAGG_PANPLE_PANSEP_PRTCOL_PRTMIR_PRTTER/KLEPNE-118-AER-d200.npy,KLEPNE-118-AER-d200,KLEPNE,KLEPNE,118,Klebsiella pneumoniae,Klebsiella pneumoniae,CLASSE,/home/rrekikdi/Bureau/postdoc/pseudo_image/ms1_processed_11classes/Klebsiella pneumoniae/KLEPNE-118-AER-d200.npy
/home/rrekikdi/Bureau/postdoc/pseudo_image/images_npy_ms1/2022_11_22_Validation_ENTBUG_HAFALV_HAFPAR_KLEAER_KLEMIC_KLEPNE_KLEQUA_KLEVAR_MORMO_PANAGG_PANPLE_PANSEP_PRTCOL_PRTMIR_PRTTER/KLEPNE-118-ANA-d200.npy,KLEPNE-118-ANA-d200,KLEPNE,KLEPNE,118,Klebsiella pneumoniae,Klebsiella pneumoniae,CLASSE,/home/rrekikdi/Bureau/postdoc/pseudo_image/ms1_processed_11classes/Klebsiella pneumoniae/KLEPNE-118-ANA-d200.npy
/home/rrekikdi/Bureau/postdoc/pseudo_image/images_npy_ms1/2022_11_22_Validation_ENTBUG_HAFALV_HAFPAR_KLEAER_KLEMIC_KLEPNE_KLEQUA_KLEVAR_MORMO_PANAGG_PANPLE_PANSEP_PRTCOL_PRTMIR_PRTTER/KLEPNE-128-AER-d200.npy,KLEPNE-128-AER-d200,KLEPNE,KLEPNE,128,Klebsiella pneumoniae,Klebsiella pneumoniae,CLASSE,/home/rrekikdi/Bureau/postdoc/pseudo_image/ms1_processed_11classes/Klebsiella pneumoniae/KLEPNE-128-AER-d200.npy
/home/rrekikdi/Bureau/postdoc/pseudo_image/images_npy_ms1/2022_11_22_Validation_ENTBUG_HAFALV_HAFPAR_KLEAER_KLEMIC_KLEPNE_KLEQUA_KLEVAR_MORMO_PANAGG_PANPLE_PANSEP_PRTCOL_PRTMIR_PRTTER/KLEPNE-128-ANA-d200.npy,KLEPNE-128-ANA-d200,KLEPNE,KLEPNE,128,Klebsiella pneumoniae,Klebsiella pneumoniae,CLASSE,/home/rrekikdi/Bureau/postdoc/pseudo_image/ms1_processed_11classes/Klebsiella pneumoniae/KLEPNE-128-ANA-d200.npy
/home/rrekikdi/Bureau/postdoc/pseudo_image/images_npy_ms1/2022_11_22_Validation_ENTBUG_HAFALV_HAFPAR_KLEAER_KLEMIC_KLEPNE_KLEQUA_KLEVAR_MORMO_PANAGG_PANPLE_PANSEP_PRTCOL_PRTMIR_PRTTER/KLEPNE-55-AER-d200.npy,KLEPNE-55-AER-d200,KLEPNE,KLEPNE,55,Klebsiella pneumoniae,Klebsiella pneumoniae,CLASSE,/home/rrekikdi/Bureau/postdoc/pseudo_image/ms1_processed_11classes/Klebsiella pneumoniae/KLEPNE-55-AER-d200.npy
/home/rrekikdi/Bureau/postdoc/pseudo_image/images_npy_ms1/2022_11_22_Validation_ENTBUG_HAFALV_HAFPAR_KLEAER_KLEMIC_KLEPNE_KLEQUA_KLEVAR_MORMO_PANAGG_PANPLE_PANSEP_PRTCOL_PRTMIR_PRTTER/KLEPNE-55-ANA-d200.npy,KLEPNE-55-ANA-d200,KLEPNE,KLEPNE,55,Klebsiella pneumoniae,Klebsiella pneumoniae,CLASSE,/home/rrekikdi/Bureau/postdoc/pseudo_image/ms1_processed_11classes/Klebsiella pneumoniae/KLEPNE-55-ANA-d200.npy
/home/rrekikdi/Bureau/postdoc/pseudo_image/images_npy_ms1/2022_11_22_Validation_ENTBUG_HAFALV_HAFPAR_KLEAER_KLEMIC_KLEPNE_KLEQUA_KLEVAR_MORMO_PANAGG_PANPLE_PANSEP_PRTCOL_PRTMIR_PRTTER/KLEPNE-82-AER-d200.npy,KLEPNE-82-AER-d200,KLEPNE,KLEPNE,82,,Klebsiella pneumoniae,"CLASSE (sample_nb absent du excel, classe par code seul)",/home/rrekikdi/Bureau/postdoc/pseudo_image/ms1_processed_11classes/Klebsiella pneumoniae/KLEPNE-82-AER-d200.npy
/home/rrekikdi/Bureau/postdoc/pseudo_image/images_npy_ms1/2022_11_22_Validation_ENTBUG_HAFALV_HAFPAR_KLEAER_KLEMIC_KLEPNE_KLEQUA_KLEVAR_MORMO_PANAGG_PANPLE_PANSEP_PRTCOL_PRTMIR_PRTTER/KLEPNE-82-ANA-d200.npy,KLEPNE-82-ANA-d200,KLEPNE,KLEPNE,82,,Klebsiella pneumoniae,"CLASSE (sample_nb absent du excel, classe par code seul)",/home/rrekikdi/Bureau/postdoc/pseudo_image/ms1_processed_11classes/Klebsiella pneumoniae/KLEPNE-82-ANA-d200.npy
/home/rrekikdi/Bureau/postdoc/pseudo_image/images_npy_ms1/2022_11_22_Validation_ENTBUG_HAFALV_HAFPAR_KLEAER_KLEMIC_KLEPNE_KLEQUA_KLEVAR_MORMO_PANAGG_PANPLE_PANSEP_PRTCOL_PRTMIR_PRTTER/KLEQUA-1-AER-d200.npy,KLEQUA-1-AER-d200,KLEQUA,KLEQUA,1,Klebsiella quasipneumoniae quasipneumoniae,Klebsiella quasipneumoniae,CLASSE,/home/rrekikdi/Bureau/postdoc/pseudo_image/ms1_processed_11classes/Klebsiella quasipneumoniae/KLEQUA-1-AER-d200.npy
/home/rrekikdi/Bureau/postdoc/pseudo_image/images_npy_ms1/2022_11_22_Validation_ENTBUG_HAFALV_HAFPAR_KLEAER_KLEMIC_KLEPNE_KLEQUA_KLEVAR_MORMO_PANAGG_PANPLE_PANSEP_PRTCOL_PRTMIR_PRTTER/KLEQUA-1-ANA-d200.npy,KLEQUA-1-ANA-d200,KLEQUA,KLEQUA,1,Klebsiella quasipneumoniae quasipneumoniae,Klebsiella quasipneumoniae,CLASSE,/home/rrekikdi/Bureau/postdoc/pseudo_image/ms1_processed_11classes/Klebsiella quasipneumoniae/KLEQUA-1-ANA-d200.npy
/home/rrekikdi/Bureau/postdoc/pseudo_image/images_npy_ms1/2022_11_22_Validation_ENTBUG_HAFALV_HAFPAR_KLEAER_KLEMIC_KLEPNE_KLEQUA_KLEVAR_MORMO_PANAGG_PANPLE_PANSEP_PRTCOL_PRTMIR_PRTTER/KLEQUA-10-AER-d200.npy,KLEQUA-10-AER-d200,KLEQUA,KLEQUA,10,Klebsiella quasipneumoniae similipneumoniae,Klebsiella quasipneumoniae,CLASSE,/home/rrekikdi/Bureau/postdoc/pseudo_image/ms1_processed_11classes/Klebsiella quasipneumoniae/KLEQUA-10-AER-d200.npy
/home/rrekikdi/Bureau/postdoc/pseudo_image/images_npy_ms1/2022_11_22_Validation_ENTBUG_HAFALV_HAFPAR_KLEAER_KLEMIC_KLEPNE_KLEQUA_KLEVAR_MORMO_PANAGG_PANPLE_PANSEP_PRTCOL_PRTMIR_PRTTER/KLEQUA-10-ANA-d200.npy,KLEQUA-10-ANA-d200,KLEQUA,KLEQUA,10,Klebsiella quasipneumoniae similipneumoniae,Klebsiella quasipneumoniae,CLASSE,/home/rrekikdi/Bureau/postdoc/pseudo_image/ms1_processed_11classes/Klebsiella quasipneumoniae/KLEQUA-10-ANA-d200.npy
/home/rrekikdi/Bureau/postdoc/pseudo_image/images_npy_ms1/2022_11_22_Validation_ENTBUG_HAFALV_HAFPAR_KLEAER_KLEMIC_KLEPNE_KLEQUA_KLEVAR_MORMO_PANAGG_PANPLE_PANSEP_PRTCOL_PRTMIR_PRTTER/KLEQUA-2-AER-d200.npy,KLEQUA-2-AER-d200,KLEQUA,KLEQUA,2,Klebsiella quasipneumoniae quasipneumoniae,Klebsiella quasipneumoniae,CLASSE,/home/rrekikdi/Bureau/postdoc/pseudo_image/ms1_processed_11classes/Klebsiella quasipneumoniae/KLEQUA-2-AER-d200.npy
/home/rrekikdi/Bureau/postdoc/pseudo_image/images_npy_ms1/2022_11_22_Validation_ENTBUG_HAFALV_HAFPAR_KLEAER_KLEMIC_KLEPNE_KLEQUA_KLEVAR_MORMO_PANAGG_PANPLE_PANSEP_PRTCOL_PRTMIR_PRTTER/KLEQUA-2-ANA-d200.npy,KLEQUA-2-ANA-d200,KLEQUA,KLEQUA,2,Klebsiella quasipneumoniae quasipneumoniae,Klebsiella quasipneumoniae,CLASSE,/home/rrekikdi/Bureau/postdoc/pseudo_image/ms1_processed_11classes/Klebsiella quasipneumoniae/KLEQUA-2-ANA-d200.npy
/home/rrekikdi/Bureau/postdoc/pseudo_image/images_npy_ms1/2022_11_22_Validation_ENTBUG_HAFALV_HAFPAR_KLEAER_KLEMIC_KLEPNE_KLEQUA_KLEVAR_MORMO_PANAGG_PANPLE_PANSEP_PRTCOL_PRTMIR_PRTTER/KLEQUA-4-AER-d200.npy,KLEQUA-4-AER-d200,KLEQUA,KLEQUA,4,Klebsiella quasipneumoniae quasipneumoniae,Klebsiella quasipneumoniae,CLASSE,/home/rrekikdi/Bureau/postdoc/pseudo_image/ms1_processed_11classes/Klebsiella quasipneumoniae/KLEQUA-4-AER-d200.npy
/home/rrekikdi/Bureau/postdoc/pseudo_image/images_npy_ms1/2022_11_22_Validation_ENTBUG_HAFALV_HAFPAR_KLEAER_KLEMIC_KLEPNE_KLEQUA_KLEVAR_MORMO_PANAGG_PANPLE_PANSEP_PRTCOL_PRTMIR_PRTTER/KLEQUA-4-ANA-d200.npy,KLEQUA-4-ANA-d200,KLEQUA,KLEQUA,4,Klebsiella quasipneumoniae quasipneumoniae,Klebsiella quasipneumoniae,CLASSE,/home/rrekikdi/Bureau/postdoc/pseudo_image/ms1_processed_11classes/Klebsiella quasipneumoniae/KLEQUA-4-ANA-d200.npy
/home/rrekikdi/Bureau/postdoc/pseudo_image/images_npy_ms1/2022_11_22_Validation_ENTBUG_HAFALV_HAFPAR_KLEAER_KLEMIC_KLEPNE_KLEQUA_KLEVAR_MORMO_PANAGG_PANPLE_PANSEP_PRTCOL_PRTMIR_PRTTER/KLEQUA-6-AER-d200.npy,KLEQUA-6-AER-d200,KLEQUA,KLEQUA,6,Klebsiella quasipneumoniae similipneumoniae,Klebsiella quasipneumoniae,CLASSE,/home/rrekikdi/Bureau/postdoc/pseudo_image/ms1_processed_11classes/Klebsiella quasipneumoniae/KLEQUA-6-AER-d200.npy
/home/rrekikdi/Bureau/postdoc/pseudo_image/images_npy_ms1/2022_11_22_Validation_ENTBUG_HAFALV_HAFPAR_KLEAER_KLEMIC_KLEPNE_KLEQUA_KLEVAR_MORMO_PANAGG_PANPLE_PANSEP_PRTCOL_PRTMIR_PRTTER/KLEQUA-6-ANA-d200.npy,KLEQUA-6-ANA-d200,KLEQUA,KLEQUA,6,Klebsiella quasipneumoniae similipneumoniae,Klebsiella quasipneumoniae,CLASSE,/home/rrekikdi/Bureau/postdoc/pseudo_image/ms1_processed_11classes/Klebsiella quasipneumoniae/KLEQUA-6-ANA-d200.npy
/home/rrekikdi/Bureau/postdoc/pseudo_image/images_npy_ms1/2022_11_22_Validation_ENTBUG_HAFALV_HAFPAR_KLEAER_KLEMIC_KLEPNE_KLEQUA_KLEVAR_MORMO_PANAGG_PANPLE_PANSEP_PRTCOL_PRTMIR_PRTTER/KLEQUA-7-AER-d200.npy,KLEQUA-7-AER-d200,KLEQUA,KLEQUA,7,Klebsiella quasipneumoniae similipneumoniae,Klebsiella quasipneumoniae,CLASSE,/home/rrekikdi/Bureau/postdoc/pseudo_image/ms1_processed_11classes/Klebsiella quasipneumoniae/KLEQUA-7-AER-d200.npy
/home/rrekikdi/Bureau/postdoc/pseudo_image/images_npy_ms1/2022_11_22_Validation_ENTBUG_HAFALV_HAFPAR_KLEAER_KLEMIC_KLEPNE_KLEQUA_KLEVAR_MORMO_PANAGG_PANPLE_PANSEP_PRTCOL_PRTMIR_PRTTER/KLEQUA-7-ANA-d200.npy,KLEQUA-7-ANA-d200,KLEQUA,KLEQUA,7,Klebsiella quasipneumoniae similipneumoniae,Klebsiella quasipneumoniae,CLASSE,/home/rrekikdi/Bureau/postdoc/pseudo_image/ms1_processed_11classes/Klebsiella quasipneumoniae/KLEQUA-7-ANA-d200.npy
/home/rrekikdi/Bureau/postdoc/pseudo_image/images_npy_ms1/2022_11_22_Validation_ENTBUG_HAFALV_HAFPAR_KLEAER_KLEMIC_KLEPNE_KLEQUA_KLEVAR_MORMO_PANAGG_PANPLE_PANSEP_PRTCOL_PRTMIR_PRTTER/PRTMIR-13-AER-d200.npy,PRTMIR-13-AER-d200,PRTMIR,PRTMIR,13,Proteus mirabilis,Proteus mirabilis,CLASSE,/home/rrekikdi/Bureau/postdoc/pseudo_image/ms1_processed_11classes/Proteus mirabilis/PRTMIR-13-AER-d200.npy
/home/rrekikdi/Bureau/postdoc/pseudo_image/images_npy_ms1/2022_11_22_Validation_ENTBUG_HAFALV_HAFPAR_KLEAER_KLEMIC_KLEPNE_KLEQUA_KLEVAR_MORMO_PANAGG_PANPLE_PANSEP_PRTCOL_PRTMIR_PRTTER/PRTMIR-13-ANA-d200.npy,PRTMIR-13-ANA-d200,PRTMIR,PRTMIR,13,Proteus mirabilis,Proteus mirabilis,CLASSE,/home/rrekikdi/Bureau/postdoc/pseudo_image/ms1_processed_11classes/Proteus mirabilis/PRTMIR-13-ANA-d200.npy
/home/rrekikdi/Bureau/postdoc/pseudo_image/images_npy_ms1/2022_11_22_Validation_ENTBUG_HAFALV_HAFPAR_KLEAER_KLEMIC_KLEPNE_KLEQUA_KLEVAR_MORMO_PANAGG_PANPLE_PANSEP_PRTCOL_PRTMIR_PRTTER/PRTMIR-15-AER-d200.npy,PRTMIR-15-AER-d200,PRTMIR,PRTMIR,15,Proteus mirabilis,Proteus mirabilis,CLASSE,/home/rrekikdi/Bureau/postdoc/pseudo_image/ms1_processed_11classes/Proteus mirabilis/PRTMIR-15-AER-d200.npy
/home/rrekikdi/Bureau/postdoc/pseudo_image/images_npy_ms1/2022_11_22_Validation_ENTBUG_HAFALV_HAFPAR_KLEAER_KLEMIC_KLEPNE_KLEQUA_KLEVAR_MORMO_PANAGG_PANPLE_PANSEP_PRTCOL_PRTMIR_PRTTER/PRTMIR-15-ANA-d200.npy,PRTMIR-15-ANA-d200,PRTMIR,PRTMIR,15,Proteus mirabilis,Proteus mirabilis,CLASSE,/home/rrekikdi/Bureau/postdoc/pseudo_image/ms1_processed_11classes/Proteus mirabilis/PRTMIR-15-ANA-d200.npy
/home/rrekikdi/Bureau/postdoc/pseudo_image/images_npy_ms1/2022_11_22_Validation_ENTBUG_HAFALV_HAFPAR_KLEAER_KLEMIC_KLEPNE_KLEQUA_KLEVAR_MORMO_PANAGG_PANPLE_PANSEP_PRTCOL_PRTMIR_PRTTER/PRTMIR-18-AER-d200.npy,PRTMIR-18-AER-d200,PRTMIR,PRTMIR,18,Proteus mirabilis,Proteus mirabilis,CLASSE,/home/rrekikdi/Bureau/postdoc/pseudo_image/ms1_processed_11classes/Proteus mirabilis/PRTMIR-18-AER-d200.npy
/home/rrekikdi/Bureau/postdoc/pseudo_image/images_npy_ms1/2022_11_22_Validation_ENTBUG_HAFALV_HAFPAR_KLEAER_KLEMIC_KLEPNE_KLEQUA_KLEVAR_MORMO_PANAGG_PANPLE_PANSEP_PRTCOL_PRTMIR_PRTTER/PRTMIR-18-ANA-d200.npy,PRTMIR-18-ANA-d200,PRTMIR,PRTMIR,18,Proteus mirabilis,Proteus mirabilis,CLASSE,/home/rrekikdi/Bureau/postdoc/pseudo_image/ms1_processed_11classes/Proteus mirabilis/PRTMIR-18-ANA-d200.npy
/home/rrekikdi/Bureau/postdoc/pseudo_image/images_npy_ms1/2022_11_22_Validation_ENTBUG_HAFALV_HAFPAR_KLEAER_KLEMIC_KLEPNE_KLEQUA_KLEVAR_MORMO_PANAGG_PANPLE_PANSEP_PRTCOL_PRTMIR_PRTTER/PRTMIR-22-AER-d200.npy,PRTMIR-22-AER-d200,PRTMIR,PRTMIR,22,Proteus mirabilis,Proteus mirabilis,CLASSE,/home/rrekikdi/Bureau/postdoc/pseudo_image/ms1_processed_11classes/Proteus mirabilis/PRTMIR-22-AER-d200.npy
/home/rrekikdi/Bureau/postdoc/pseudo_image/images_npy_ms1/2022_11_22_Validation_ENTBUG_HAFALV_HAFPAR_KLEAER_KLEMIC_KLEPNE_KLEQUA_KLEVAR_MORMO_PANAGG_PANPLE_PANSEP_PRTCOL_PRTMIR_PRTTER/PRTMIR-22-ANA-d200.npy,PRTMIR-22-ANA-d200,PRTMIR,PRTMIR,22,Proteus mirabilis,Proteus mirabilis,CLASSE,/home/rrekikdi/Bureau/postdoc/pseudo_image/ms1_processed_11classes/Proteus mirabilis/PRTMIR-22-ANA-d200.npy
/home/rrekikdi/Bureau/postdoc/pseudo_image/images_npy_ms1/2022_11_22_Validation_ENTBUG_HAFALV_HAFPAR_KLEAER_KLEMIC_KLEPNE_KLEQUA_KLEVAR_MORMO_PANAGG_PANPLE_PANSEP_PRTCOL_PRTMIR_PRTTER/PRTMIR-24-AER-d200.npy,PRTMIR-24-AER-d200,PRTMIR,PRTMIR,24,Proteus mirabilis,Proteus mirabilis,CLASSE,/home/rrekikdi/Bureau/postdoc/pseudo_image/ms1_processed_11classes/Proteus mirabilis/PRTMIR-24-AER-d200.npy
/home/rrekikdi/Bureau/postdoc/pseudo_image/images_npy_ms1/2022_11_22_Validation_ENTBUG_HAFALV_HAFPAR_KLEAER_KLEMIC_KLEPNE_KLEQUA_KLEVAR_MORMO_PANAGG_PANPLE_PANSEP_PRTCOL_PRTMIR_PRTTER/PRTMIR-24-ANA-d200.npy,PRTMIR-24-ANA-d200,PRTMIR,PRTMIR,24,Proteus mirabilis,Proteus mirabilis,CLASSE,/home/rrekikdi/Bureau/postdoc/pseudo_image/ms1_processed_11classes/Proteus mirabilis/PRTMIR-24-ANA-d200.npy
/home/rrekikdi/Bureau/postdoc/pseudo_image/images_npy_ms1/2022_11_22_Validation_ENTBUG_HAFALV_HAFPAR_KLEAER_KLEMIC_KLEPNE_KLEQUA_KLEVAR_MORMO_PANAGG_PANPLE_PANSEP_PRTCOL_PRTMIR_PRTTER/PRTMIR-25-AER-d200.npy,PRTMIR-25-AER-d200,PRTMIR,PRTMIR,25,Proteus mirabilis,Proteus mirabilis,CLASSE,/home/rrekikdi/Bureau/postdoc/pseudo_image/ms1_processed_11classes/Proteus mirabilis/PRTMIR-25-AER-d200.npy
/home/rrekikdi/Bureau/postdoc/pseudo_image/images_npy_ms1/2022_11_22_Validation_ENTBUG_HAFALV_HAFPAR_KLEAER_KLEMIC_KLEPNE_KLEQUA_KLEVAR_MORMO_PANAGG_PANPLE_PANSEP_PRTCOL_PRTMIR_PRTTER/PRTMIR-25-ANA-d200.npy,PRTMIR-25-ANA-d200,PRTMIR,PRTMIR,25,Proteus mirabilis,Proteus mirabilis,CLASSE,/home/rrekikdi/Bureau/postdoc/pseudo_image/ms1_processed_11classes/Proteus mirabilis/PRTMIR-25-ANA-d200.npy
/home/rrekikdi/Bureau/postdoc/pseudo_image/images_npy_ms1/2022_11_22_Validation_ENTBUG_HAFALV_HAFPAR_KLEAER_KLEMIC_KLEPNE_KLEQUA_KLEVAR_MORMO_PANAGG_PANPLE_PANSEP_PRTCOL_PRTMIR_PRTTER/PRTMIR-26-AER-d200.npy,PRTMIR-26-AER-d200,PRTMIR,PRTMIR,26,Proteus mirabilis,Proteus mirabilis,CLASSE,/home/rrekikdi/Bureau/postdoc/pseudo_image/ms1_processed_11classes/Proteus mirabilis/PRTMIR-26-AER-d200.npy
/home/rrekikdi/Bureau/postdoc/pseudo_image/images_npy_ms1/2022_11_22_Validation_ENTBUG_HAFALV_HAFPAR_KLEAER_KLEMIC_KLEPNE_KLEQUA_KLEVAR_MORMO_PANAGG_PANPLE_PANSEP_PRTCOL_PRTMIR_PRTTER/PRTMIR-27-AER-d200.npy,PRTMIR-27-AER-d200,PRTMIR,PRTMIR,27,Proteus mirabilis,Proteus mirabilis,CLASSE,/home/rrekikdi/Bureau/postdoc/pseudo_image/ms1_processed_11classes/Proteus mirabilis/PRTMIR-27-AER-d200.npy
/home/rrekikdi/Bureau/postdoc/pseudo_image/images_npy_ms1/2022_11_22_Validation_ENTBUG_HAFALV_HAFPAR_KLEAER_KLEMIC_KLEPNE_KLEQUA_KLEVAR_MORMO_PANAGG_PANPLE_PANSEP_PRTCOL_PRTMIR_PRTTER/PRTMIR-27-ANA-d200.npy,PRTMIR-27-ANA-d200,PRTMIR,PRTMIR,27,Proteus mirabilis,Proteus mirabilis,CLASSE,/home/rrekikdi/Bureau/postdoc/pseudo_image/ms1_processed_11classes/Proteus mirabilis/PRTMIR-27-ANA-d200.npy
/home/rrekikdi/Bureau/postdoc/pseudo_image/images_npy_ms1/2022_11_22_Validation_ENTBUG_HAFALV_HAFPAR_KLEAER_KLEMIC_KLEPNE_KLEQUA_KLEVAR_MORMO_PANAGG_PANPLE_PANSEP_PRTCOL_PRTMIR_PRTTER/PRTMIR-31-AER-d200.npy,PRTMIR-31-AER-d200,PRTMIR,PRTMIR,31,Proteus mirabilis,Proteus mirabilis,CLASSE,/home/rrekikdi/Bureau/postdoc/pseudo_image/ms1_processed_11classes/Proteus mirabilis/PRTMIR-31-AER-d200.npy
/home/rrekikdi/Bureau/postdoc/pseudo_image/images_npy_ms1/2022_11_22_Validation_ENTBUG_HAFALV_HAFPAR_KLEAER_KLEMIC_KLEPNE_KLEQUA_KLEVAR_MORMO_PANAGG_PANPLE_PANSEP_PRTCOL_PRTMIR_PRTTER/PRTMIR-31-ANA-d200.npy,PRTMIR-31-ANA-d200,PRTMIR,PRTMIR,31,Proteus mirabilis,Proteus mirabilis,CLASSE,/home/rrekikdi/Bureau/postdoc/pseudo_image/ms1_processed_11classes/Proteus mirabilis/PRTMIR-31-ANA-d200.npy
/home/rrekikdi/Bureau/postdoc/pseudo_image/images_npy_ms1/2022_11_22_Validation_ENTBUG_HAFALV_HAFPAR_KLEAER_KLEMIC_KLEPNE_KLEQUA_KLEVAR_MORMO_PANAGG_PANPLE_PANSEP_PRTCOL_PRTMIR_PRTTER/PRTMIR-35-AER-d200.npy,PRTMIR-35-AER-d200,PRTMIR,PRTMIR,35,Proteus mirabilis,Proteus mirabilis,CLASSE,/home/rrekikdi/Bureau/postdoc/pseudo_image/ms1_processed_11classes/Proteus mirabilis/PRTMIR-35-AER-d200.npy
/home/rrekikdi/Bureau/postdoc/pseudo_image/images_npy_ms1/2022_11_22_Validation_ENTBUG_HAFALV_HAFPAR_KLEAER_KLEMIC_KLEPNE_KLEQUA_KLEVAR_MORMO_PANAGG_PANPLE_PANSEP_PRTCOL_PRTMIR_PRTTER/PRTMIR-35-ANA-d200.npy,PRTMIR-35-ANA-d200,PRTMIR,PRTMIR,35,Proteus mirabilis,Proteus mirabilis,CLASSE,/home/rrekikdi/Bureau/postdoc/pseudo_image/ms1_processed_11classes/Proteus mirabilis/PRTMIR-35-ANA-d200.npy
/home/rrekikdi/Bureau/postdoc/pseudo_image/images_npy_ms1/2022_11_22_Validation_ENTBUG_HAFALV_HAFPAR_KLEAER_KLEMIC_KLEPNE_KLEQUA_KLEVAR_MORMO_PANAGG_PANPLE_PANSEP_PRTCOL_PRTMIR_PRTTER/PRTMIR-37-AER-d200.npy,PRTMIR-37-AER-d200,PRTMIR,PRTMIR,37,Proteus mirabilis,Proteus mirabilis,CLASSE,/home/rrekikdi/Bureau/postdoc/pseudo_image/ms1_processed_11classes/Proteus mirabilis/PRTMIR-37-AER-d200.npy
/home/rrekikdi/Bureau/postdoc/pseudo_image/images_npy_ms1/2022_11_22_Validation_ENTBUG_HAFALV_HAFPAR_KLEAER_KLEMIC_KLEPNE_KLEQUA_KLEVAR_MORMO_PANAGG_PANPLE_PANSEP_PRTCOL_PRTMIR_PRTTER/PRTMIR-37-ANA-d200.npy,PRTMIR-37-ANA-d200,PRTMIR,PRTMIR,37,Proteus mirabilis,Proteus mirabilis,CLASSE,/home/rrekikdi/Bureau/postdoc/pseudo_image/ms1_processed_11classes/Proteus mirabilis/PRTMIR-37-ANA-d200.npy
/home/rrekikdi/Bureau/postdoc/pseudo_image/images_npy_ms1/2022_11_22_Validation_ENTBUG_HAFALV_HAFPAR_KLEAER_KLEMIC_KLEPNE_KLEQUA_KLEVAR_MORMO_PANAGG_PANPLE_PANSEP_PRTCOL_PRTMIR_PRTTER/PRTMIR-38-AER-d200.npy,PRTMIR-38-AER-d200,PRTMIR,PRTMIR,38,Proteus mirabilis,Proteus mirabilis,CLASSE,/home/rrekikdi/Bureau/postdoc/pseudo_image/ms1_processed_11classes/Proteus mirabilis/PRTMIR-38-AER-d200.npy
/home/rrekikdi/Bureau/postdoc/pseudo_image/images_npy_ms1/2022_11_22_Validation_ENTBUG_HAFALV_HAFPAR_KLEAER_KLEMIC_KLEPNE_KLEQUA_KLEVAR_MORMO_PANAGG_PANPLE_PANSEP_PRTCOL_PRTMIR_PRTTER/PRTMIR-38-ANA-d200.npy,PRTMIR-38-ANA-d200,PRTMIR,PRTMIR,38,Proteus mirabilis,Proteus mirabilis,CLASSE,/home/rrekikdi/Bureau/postdoc/pseudo_image/ms1_processed_11classes/Proteus mirabilis/PRTMIR-38-ANA-d200.npy
/home/rrekikdi/Bureau/postdoc/pseudo_image/images_npy_ms1/2022_11_22_Validation_ENTBUG_HAFALV_HAFPAR_KLEAER_KLEMIC_KLEPNE_KLEQUA_KLEVAR_MORMO_PANAGG_PANPLE_PANSEP_PRTCOL_PRTMIR_PRTTER/PRTMIR-39-AER-d200.npy,PRTMIR-39-AER-d200,PRTMIR,PRTMIR,39,Proteus mirabilis,Proteus mirabilis,CLASSE,/home/rrekikdi/Bureau/postdoc/pseudo_image/ms1_processed_11classes/Proteus mirabilis/PRTMIR-39-AER-d200.npy
/home/rrekikdi/Bureau/postdoc/pseudo_image/images_npy_ms1/2022_11_22_Validation_ENTBUG_HAFALV_HAFPAR_KLEAER_KLEMIC_KLEPNE_KLEQUA_KLEVAR_MORMO_PANAGG_PANPLE_PANSEP_PRTCOL_PRTMIR_PRTTER/PRTMIR-39-ANA-d200.npy,PRTMIR-39-ANA-d200,PRTMIR,PRTMIR,39,Proteus mirabilis,Proteus mirabilis,CLASSE,/home/rrekikdi/Bureau/postdoc/pseudo_image/ms1_processed_11classes/Proteus mirabilis/PRTMIR-39-ANA-d200.npy
/home/rrekikdi/Bureau/postdoc/pseudo_image/images_npy_ms1/2022_11_22_Validation_ENTBUG_HAFALV_HAFPAR_KLEAER_KLEMIC_KLEPNE_KLEQUA_KLEVAR_MORMO_PANAGG_PANPLE_PANSEP_PRTCOL_PRTMIR_PRTTER/PRTMIR-42-AER-d200.npy,PRTMIR-42-AER-d200,PRTMIR,PRTMIR,42,Proteus mirabilis,Proteus mirabilis,CLASSE,/home/rrekikdi/Bureau/postdoc/pseudo_image/ms1_processed_11classes/Proteus mirabilis/PRTMIR-42-AER-d200.npy
/home/rrekikdi/Bureau/postdoc/pseudo_image/images_npy_ms1/2022_11_22_Validation_ENTBUG_HAFALV_HAFPAR_KLEAER_KLEMIC_KLEPNE_KLEQUA_KLEVAR_MORMO_PANAGG_PANPLE_PANSEP_PRTCOL_PRTMIR_PRTTER/PRTMIR-42-ANA-d200.npy,PRTMIR-42-ANA-d200,PRTMIR,PRTMIR,42,Proteus mirabilis,Proteus mirabilis,CLASSE,/home/rrekikdi/Bureau/postdoc/pseudo_image/ms1_processed_11classes/Proteus mirabilis/PRTMIR-42-ANA-d200.npy
/home/rrekikdi/Bureau/postdoc/pseudo_image/images_npy_ms1/2022_11_22_Validation_ENTBUG_HAFALV_HAFPAR_KLEAER_KLEMIC_KLEPNE_KLEQUA_KLEVAR_MORMO_PANAGG_PANPLE_PANSEP_PRTCOL_PRTMIR_PRTTER/PRTMIR-44-AER-d200.npy,PRTMIR-44-AER-d200,PRTMIR,PRTMIR,44,Proteus mirabilis,Proteus mirabilis,CLASSE,/home/rrekikdi/Bureau/postdoc/pseudo_image/ms1_processed_11classes/Proteus mirabilis/PRTMIR-44-AER-d200.npy
/home/rrekikdi/Bureau/postdoc/pseudo_image/images_npy_ms1/2022_11_22_Validation_ENTBUG_HAFALV_HAFPAR_KLEAER_KLEMIC_KLEPNE_KLEQUA_KLEVAR_MORMO_PANAGG_PANPLE_PANSEP_PRTCOL_PRTMIR_PRTTER/PRTMIR-44-ANA-d200.npy,PRTMIR-44-ANA-d200,PRTMIR,PRTMIR,44,Proteus mirabilis,Proteus mirabilis,CLASSE,/home/rrekikdi/Bureau/postdoc/pseudo_image/ms1_processed_11classes/Proteus mirabilis/PRTMIR-44-ANA-d200.npy
/home/rrekikdi/Bureau/postdoc/pseudo_image/images_npy_ms1/2022_11_22_Validation_ENTBUG_HAFALV_HAFPAR_KLEAER_KLEMIC_KLEPNE_KLEQUA_KLEVAR_MORMO_PANAGG_PANPLE_PANSEP_PRTCOL_PRTMIR_PRTTER/PRTMIR-45-AER-d200.npy,PRTMIR-45-AER-d200,PRTMIR,PRTMIR,45,Proteus mirabilis,Proteus mirabilis,CLASSE,/home/rrekikdi/Bureau/postdoc/pseudo_image/ms1_processed_11classes/Proteus mirabilis/PRTMIR-45-AER-d200.npy
/home/rrekikdi/Bureau/postdoc/pseudo_image/images_npy_ms1/2022_11_22_Validation_ENTBUG_HAFALV_HAFPAR_KLEAER_KLEMIC_KLEPNE_KLEQUA_KLEVAR_MORMO_PANAGG_PANPLE_PANSEP_PRTCOL_PRTMIR_PRTTER/PRTMIR-45-ANA-d200.npy,PRTMIR-45-ANA-d200,PRTMIR,PRTMIR,45,Proteus mirabilis,Proteus mirabilis,CLASSE,/home/rrekikdi/Bureau/postdoc/pseudo_image/ms1_processed_11classes/Proteus mirabilis/PRTMIR-45-ANA-d200.npy
/home/rrekikdi/Bureau/postdoc/pseudo_image/images_npy_ms1/2022_11_22_Validation_ENTBUG_HAFALV_HAFPAR_KLEAER_KLEMIC_KLEPNE_KLEQUA_KLEVAR_MORMO_PANAGG_PANPLE_PANSEP_PRTCOL_PRTMIR_PRTTER/PRTMIR-46-AER-d200.npy,PRTMIR-46-AER-d200,PRTMIR,PRTMIR,46,Proteus mirabilis,Proteus mirabilis,CLASSE,/home/rrekikdi/Bureau/postdoc/pseudo_image/ms1_processed_11classes/Proteus mirabilis/PRTMIR-46-AER-d200.npy
/home/rrekikdi/Bureau/postdoc/pseudo_image/images_npy_ms1/2022_11_22_Validation_ENTBUG_HAFALV_HAFPAR_KLEAER_KLEMIC_KLEPNE_KLEQUA_KLEVAR_MORMO_PANAGG_PANPLE_PANSEP_PRTCOL_PRTMIR_PRTTER/PRTMIR-46-ANA-d200.npy,PRTMIR-46-ANA-d200,PRTMIR,PRTMIR,46,Proteus mirabilis,Proteus mirabilis,CLASSE,/home/rrekikdi/Bureau/postdoc/pseudo_image/ms1_processed_11classes/Proteus mirabilis/PRTMIR-46-ANA-d200.npy
/home/rrekikdi/Bureau/postdoc/pseudo_image/images_npy_ms1/2022_11_22_Validation_ENTBUG_HAFALV_HAFPAR_KLEAER_KLEMIC_KLEPNE_KLEQUA_KLEVAR_MORMO_PANAGG_PANPLE_PANSEP_PRTCOL_PRTMIR_PRTTER/PRTMIR-51-AER-d200.npy,PRTMIR-51-AER-d200,PRTMIR,PRTMIR,51,Proteus mirabilis,Proteus mirabilis,CLASSE,/home/rrekikdi/Bureau/postdoc/pseudo_image/ms1_processed_11classes/Proteus mirabilis/PRTMIR-51-AER-d200.npy
/home/rrekikdi/Bureau/postdoc/pseudo_image/images_npy_ms1/2022_11_22_Validation_ENTBUG_HAFALV_HAFPAR_KLEAER_KLEMIC_KLEPNE_KLEQUA_KLEVAR_MORMO_PANAGG_PANPLE_PANSEP_PRTCOL_PRTMIR_PRTTER/PRTMIR-51-ANA-d200.npy,PRTMIR-51-ANA-d200,PRTMIR,PRTMIR,51,Proteus mirabilis,Proteus mirabilis,CLASSE,/home/rrekikdi/Bureau/postdoc/pseudo_image/ms1_processed_11classes/Proteus mirabilis/PRTMIR-51-ANA-d200.npy
/home/rrekikdi/Bureau/postdoc/pseudo_image/images_npy_ms1/2022_11_22_Validation_ENTBUG_HAFALV_HAFPAR_KLEAER_KLEMIC_KLEPNE_KLEQUA_KLEVAR_MORMO_PANAGG_PANPLE_PANSEP_PRTCOL_PRTMIR_PRTTER/PRTMIR-52-AER-d200.npy,PRTMIR-52-AER-d200,PRTMIR,PRTMIR,52,Proteus mirabilis,Proteus mirabilis,CLASSE,/home/rrekikdi/Bureau/postdoc/pseudo_image/ms1_processed_11classes/Proteus mirabilis/PRTMIR-52-AER-d200.npy
/home/rrekikdi/Bureau/postdoc/pseudo_image/images_npy_ms1/2022_11_22_Validation_ENTBUG_HAFALV_HAFPAR_KLEAER_KLEMIC_KLEPNE_KLEQUA_KLEVAR_MORMO_PANAGG_PANPLE_PANSEP_PRTCOL_PRTMIR_PRTTER/PRTMIR-52-ANA-d200.npy,PRTMIR-52-ANA-d200,PRTMIR,PRTMIR,52,Proteus mirabilis,Proteus mirabilis,CLASSE,/home/rrekikdi/Bureau/postdoc/pseudo_image/ms1_processed_11classes/Proteus mirabilis/PRTMIR-52-ANA-d200.npy
/home/rrekikdi/Bureau/postdoc/pseudo_image/images_npy_ms1/2022_12_15_Validation_CITAMA_CITFRE_CITKOS_CITPOR_COLI_ENTCLO_ENTHOR_ENTLUD_ENTROG_HAFALV_HAFPAR_KLEAER_PANDEP_PRTMIR_PRTPEN_PRTTER_PRTVUL_PRVRET_PRVSTU_SALENT_SERMAR-100SPD-100vW_zSWATH/CITFRE-18-AER-d200.npy,CITFRE-18-AER-d200,CITFRE,CITFRE,18,Citrobacter freundii,Citrobacter freundii,CLASSE,/home/rrekikdi/Bureau/postdoc/pseudo_image/ms1_processed_11classes/Citrobacter freundii/CITFRE-18-AER-d200.npy
/home/rrekikdi/Bureau/postdoc/pseudo_image/images_npy_ms1/2022_12_15_Validation_CITAMA_CITFRE_CITKOS_CITPOR_COLI_ENTCLO_ENTHOR_ENTLUD_ENTROG_HAFALV_HAFPAR_KLEAER_PANDEP_PRTMIR_PRTPEN_PRTTER_PRTVUL_PRVRET_PRVSTU_SALENT_SERMAR-100SPD-100vW_zSWATH/CITFRE-18-ANA-d200.npy,CITFRE-18-ANA-d200,CITFRE,CITFRE,18,Citrobacter freundii,Citrobacter freundii,CLASSE,/home/rrekikdi/Bureau/postdoc/pseudo_image/ms1_processed_11classes/Citrobacter freundii/CITFRE-18-ANA-d200.npy
/home/rrekikdi/Bureau/postdoc/pseudo_image/images_npy_ms1/2022_12_15_Validation_CITAMA_CITFRE_CITKOS_CITPOR_COLI_ENTCLO_ENTHOR_ENTLUD_ENTROG_HAFALV_HAFPAR_KLEAER_PANDEP_PRTMIR_PRTPEN_PRTTER_PRTVUL_PRVRET_PRVSTU_SALENT_SERMAR-100SPD-100vW_zSWATH/CITFRE-30-AER-d200.npy,CITFRE-30-AER-d200,CITFRE,CITFRE,30,Citrobacter freundii,Citrobacter freundii,CLASSE,/home/rrekikdi/Bureau/postdoc/pseudo_image/ms1_processed_11classes/Citrobacter freundii/CITFRE-30-AER-d200.npy
/home/rrekikdi/Bureau/postdoc/pseudo_image/images_npy_ms1/2022_12_15_Validation_CITAMA_CITFRE_CITKOS_CITPOR_COLI_ENTCLO_ENTHOR_ENTLUD_ENTROG_HAFALV_HAFPAR_KLEAER_PANDEP_PRTMIR_PRTPEN_PRTTER_PRTVUL_PRVRET_PRVSTU_SALENT_SERMAR-100SPD-100vW_zSWATH/CITFRE-30-ANA-d200.npy,CITFRE-30-ANA-d200,CITFRE,CITFRE,30,Citrobacter freundii,Citrobacter freundii,CLASSE,/home/rrekikdi/Bureau/postdoc/pseudo_image/ms1_processed_11classes/Citrobacter freundii/CITFRE-30-ANA-d200.npy
/home/rrekikdi/Bureau/postdoc/pseudo_image/images_npy_ms1/2022_12_15_Validation_CITAMA_CITFRE_CITKOS_CITPOR_COLI_ENTCLO_ENTHOR_ENTLUD_ENTROG_HAFALV_HAFPAR_KLEAER_PANDEP_PRTMIR_PRTPEN_PRTTER_PRTVUL_PRVRET_PRVSTU_SALENT_SERMAR-100SPD-100vW_zSWATH/CITFRE-39-AER-d200.npy,CITFRE-39-AER-d200,CITFRE,CITFRE,39,Citrobacter freundii,Citrobacter freundii,CLASSE,/home/rrekikdi/Bureau/postdoc/pseudo_image/ms1_processed_11classes/Citrobacter freundii/CITFRE-39-AER-d200.npy
/home/rrekikdi/Bureau/postdoc/pseudo_image/images_npy_ms1/2022_12_15_Validation_CITAMA_CITFRE_CITKOS_CITPOR_COLI_ENTCLO_ENTHOR_ENTLUD_ENTROG_HAFALV_HAFPAR_KLEAER_PANDEP_PRTMIR_PRTPEN_PRTTER_PRTVUL_PRVRET_PRVSTU_SALENT_SERMAR-100SPD-100vW_zSWATH/CITFRE-39-ANA-d200.npy,CITFRE-39-ANA-d200,CITFRE,CITFRE,39,Citrobacter freundii,Citrobacter freundii,CLASSE,/home/rrekikdi/Bureau/postdoc/pseudo_image/ms1_processed_11classes/Citrobacter freundii/CITFRE-39-ANA-d200.npy
/home/rrekikdi/Bureau/postdoc/pseudo_image/images_npy_ms1/2022_12_15_Validation_CITAMA_CITFRE_CITKOS_CITPOR_COLI_ENTCLO_ENTHOR_ENTLUD_ENTROG_HAFALV_HAFPAR_KLEAER_PANDEP_PRTMIR_PRTPEN_PRTTER_PRTVUL_PRVRET_PRVSTU_SALENT_SERMAR-100SPD-100vW_zSWATH/CITFRE-42-AER-d200.npy,CITFRE-42-AER-d200,CITFRE,CITFRE,42,Citrobacter freundii,Citrobacter freundii,CLASSE,/home/rrekikdi/Bureau/postdoc/pseudo_image/ms1_processed_11classes/Citrobacter freundii/CITFRE-42-AER-d200.npy
/home/rrekikdi/Bureau/postdoc/pseudo_image/images_npy_ms1/2022_12_15_Validation_CITAMA_CITFRE_CITKOS_CITPOR_COLI_ENTCLO_ENTHOR_ENTLUD_ENTROG_HAFALV_HAFPAR_KLEAER_PANDEP_PRTMIR_PRTPEN_PRTTER_PRTVUL_PRVRET_PRVSTU_SALENT_SERMAR-100SPD-100vW_zSWATH/CITFRE-42-ANA-d200.npy,CITFRE-42-ANA-d200,CITFRE,CITFRE,42,Citrobacter freundii,Citrobacter freundii,CLASSE,/home/rrekikdi/Bureau/postdoc/pseudo_image/ms1_processed_11classes/Citrobacter freundii/CITFRE-42-ANA-d200.npy
/home/rrekikdi/Bureau/postdoc/pseudo_image/images_npy_ms1/2022_12_15_Validation_CITAMA_CITFRE_CITKOS_CITPOR_COLI_ENTCLO_ENTHOR_ENTLUD_ENTROG_HAFALV_HAFPAR_KLEAER_PANDEP_PRTMIR_PRTPEN_PRTTER_PRTVUL_PRVRET_PRVSTU_SALENT_SERMAR-100SPD-100vW_zSWATH/CITFRE-53-AER-d200.npy,CITFRE-53-AER-d200,CITFRE,CITFRE,53,Citrobacter freundii,Citrobacter freundii,CLASSE,/home/rrekikdi/Bureau/postdoc/pseudo_image/ms1_processed_11classes/Citrobacter freundii/CITFRE-53-AER-d200.npy
/home/rrekikdi/Bureau/postdoc/pseudo_image/images_npy_ms1/2022_12_15_Validation_CITAMA_CITFRE_CITKOS_CITPOR_COLI_ENTCLO_ENTHOR_ENTLUD_ENTROG_HAFALV_HAFPAR_KLEAER_PANDEP_PRTMIR_PRTPEN_PRTTER_PRTVUL_PRVRET_PRVSTU_SALENT_SERMAR-100SPD-100vW_zSWATH/CITFRE-53-ANA-d200.npy,CITFRE-53-ANA-d200,CITFRE,CITFRE,53,Citrobacter freundii,Citrobacter freundii,CLASSE,/home/rrekikdi/Bureau/postdoc/pseudo_image/ms1_processed_11classes/Citrobacter freundii/CITFRE-53-ANA-d200.npy
/home/rrekikdi/Bureau/postdoc/pseudo_image/images_npy_ms1/2022_12_15_Validation_CITAMA_CITFRE_CITKOS_CITPOR_COLI_ENTCLO_ENTHOR_ENTLUD_ENTROG_HAFALV_HAFPAR_KLEAER_PANDEP_PRTMIR_PRTPEN_PRTTER_PRTVUL_PRVRET_PRVSTU_SALENT_SERMAR-100SPD-100vW_zSWATH/CITFRE-59-AER-d200.npy,CITFRE-59-AER-d200,CITFRE,CITFRE,59,Citrobacter freundii,Citrobacter freundii,CLASSE,/home/rrekikdi/Bureau/postdoc/pseudo_image/ms1_processed_11classes/Citrobacter freundii/CITFRE-59-AER-d200.npy
/home/rrekikdi/Bureau/postdoc/pseudo_image/images_npy_ms1/2022_12_15_Validation_CITAMA_CITFRE_CITKOS_CITPOR_COLI_ENTCLO_ENTHOR_ENTLUD_ENTROG_HAFALV_HAFPAR_KLEAER_PANDEP_PRTMIR_PRTPEN_PRTTER_PRTVUL_PRVRET_PRVSTU_SALENT_SERMAR-100SPD-100vW_zSWATH/CITFRE-59-ANA-d200.npy,CITFRE-59-ANA-d200,CITFRE,CITFRE,59,Citrobacter freundii,Citrobacter freundii,CLASSE,/home/rrekikdi/Bureau/postdoc/pseudo_image/ms1_processed_11classes/Citrobacter freundii/CITFRE-59-ANA-d200.npy
/home/rrekikdi/Bureau/postdoc/pseudo_image/images_npy_ms1/2022_12_15_Validation_CITAMA_CITFRE_CITKOS_CITPOR_COLI_ENTCLO_ENTHOR_ENTLUD_ENTROG_HAFALV_HAFPAR_KLEAER_PANDEP_PRTMIR_PRTPEN_PRTTER_PRTVUL_PRVRET_PRVSTU_SALENT_SERMAR-100SPD-100vW_zSWATH/CITFRE-78-AER-d200.npy,CITFRE-78-AER-d200,CITFRE,CITFRE,78,Citrobacter freundii,Citrobacter freundii,CLASSE,/home/rrekikdi/Bureau/postdoc/pseudo_image/ms1_processed_11classes/Citrobacter freundii/CITFRE-78-AER-d200.npy
/home/rrekikdi/Bureau/postdoc/pseudo_image/images_npy_ms1/2022_12_15_Validation_CITAMA_CITFRE_CITKOS_CITPOR_COLI_ENTCLO_ENTHOR_ENTLUD_ENTROG_HAFALV_HAFPAR_KLEAER_PANDEP_PRTMIR_PRTPEN_PRTTER_PRTVUL_PRVRET_PRVSTU_SALENT_SERMAR-100SPD-100vW_zSWATH/CITFRE-78-ANA-d200.npy,CITFRE-78-ANA-d200,CITFRE,CITFRE,78,Citrobacter freundii,Citrobacter freundii,CLASSE,/home/rrekikdi/Bureau/postdoc/pseudo_image/ms1_processed_11classes/Citrobacter freundii/CITFRE-78-ANA-d200.npy
/home/rrekikdi/Bureau/postdoc/pseudo_image/images_npy_ms1/2022_12_15_Validation_CITAMA_CITFRE_CITKOS_CITPOR_COLI_ENTCLO_ENTHOR_ENTLUD_ENTROG_HAFALV_HAFPAR_KLEAER_PANDEP_PRTMIR_PRTPEN_PRTTER_PRTVUL_PRVRET_PRVSTU_SALENT_SERMAR-100SPD-100vW_zSWATH/CITKOS-17-AER-d200.npy,CITKOS-17-AER-d200,CITKOS,CITKOS,17,Citrobacter koseri,Citrobacter koseri,CLASSE,/home/rrekikdi/Bureau/postdoc/pseudo_image/ms1_processed_11classes/Citrobacter koseri/CITKOS-17-AER-d200.npy
/home/rrekikdi/Bureau/postdoc/pseudo_image/images_npy_ms1/2022_12_15_Validation_CITAMA_CITFRE_CITKOS_CITPOR_COLI_ENTCLO_ENTHOR_ENTLUD_ENTROG_HAFALV_HAFPAR_KLEAER_PANDEP_PRTMIR_PRTPEN_PRTTER_PRTVUL_PRVRET_PRVSTU_SALENT_SERMAR-100SPD-100vW_zSWATH/CITKOS-17-ANA-d200.npy,CITKOS-17-ANA-d200,CITKOS,CITKOS,17,Citrobacter koseri,Citrobacter koseri,CLASSE,/home/rrekikdi/Bureau/postdoc/pseudo_image/ms1_processed_11classes/Citrobacter koseri/CITKOS-17-ANA-d200.npy
/home/rrekikdi/Bureau/postdoc/pseudo_image/images_npy_ms1/2022_12_15_Validation_CITAMA_CITFRE_CITKOS_CITPOR_COLI_ENTCLO_ENTHOR_ENTLUD_ENTROG_HAFALV_HAFPAR_KLEAER_PANDEP_PRTMIR_PRTPEN_PRTTER_PRTVUL_PRVRET_PRVSTU_SALENT_SERMAR-100SPD-100vW_zSWATH/COLI-116-AER-d200.npy,COLI-116-AER-d200,COLI,ESCCOL,116,Escherichia coli,Escherichia coli,CLASSE (typo corrigee: COLI->ESCCOL),/home/rrekikdi/Bureau/postdoc/pseudo_image/ms1_processed_11classes/Escherichia coli/COLI-116-AER-d200.npy
/home/rrekikdi/Bureau/postdoc/pseudo_image/images_npy_ms1/2022_12_15_Validation_CITAMA_CITFRE_CITKOS_CITPOR_COLI_ENTCLO_ENTHOR_ENTLUD_ENTROG_HAFALV_HAFPAR_KLEAER_PANDEP_PRTMIR_PRTPEN_PRTTER_PRTVUL_PRVRET_PRVSTU_SALENT_SERMAR-100SPD-100vW_zSWATH/COLI-116-ANA-d200.npy,COLI-116-ANA-d200,COLI,ESCCOL,116,Escherichia coli,Escherichia coli,CLASSE (typo corrigee: COLI->ESCCOL),/home/rrekikdi/Bureau/postdoc/pseudo_image/ms1_processed_11classes/Escherichia coli/COLI-116-ANA-d200.npy
/home/rrekikdi/Bureau/postdoc/pseudo_image/images_npy_ms1/2022_12_15_Validation_CITAMA_CITFRE_CITKOS_CITPOR_COLI_ENTCLO_ENTHOR_ENTLUD_ENTROG_HAFALV_HAFPAR_KLEAER_PANDEP_PRTMIR_PRTPEN_PRTTER_PRTVUL_PRVRET_PRVSTU_SALENT_SERMAR-100SPD-100vW_zSWATH/COLI-185-AER-d200.npy,COLI-185-AER-d200,COLI,ESCCOL,185,Escherichia coli,Escherichia coli,CLASSE (typo corrigee: COLI->ESCCOL),/home/rrekikdi/Bureau/postdoc/pseudo_image/ms1_processed_11classes/Escherichia coli/COLI-185-AER-d200.npy
/home/rrekikdi/Bureau/postdoc/pseudo_image/images_npy_ms1/2022_12_15_Validation_CITAMA_CITFRE_CITKOS_CITPOR_COLI_ENTCLO_ENTHOR_ENTLUD_ENTROG_HAFALV_HAFPAR_KLEAER_PANDEP_PRTMIR_PRTPEN_PRTTER_PRTVUL_PRVRET_PRVSTU_SALENT_SERMAR-100SPD-100vW_zSWATH/COLI-185-ANA-d200.npy,COLI-185-ANA-d200,COLI,ESCCOL,185,Escherichia coli,Escherichia coli,CLASSE (typo corrigee: COLI->ESCCOL),/home/rrekikdi/Bureau/postdoc/pseudo_image/ms1_processed_11classes/Escherichia coli/COLI-185-ANA-d200.npy
/home/rrekikdi/Bureau/postdoc/pseudo_image/images_npy_ms1/2022_12_15_Validation_CITAMA_CITFRE_CITKOS_CITPOR_COLI_ENTCLO_ENTHOR_ENTLUD_ENTROG_HAFALV_HAFPAR_KLEAER_PANDEP_PRTMIR_PRTPEN_PRTTER_PRTVUL_PRVRET_PRVSTU_SALENT_SERMAR-100SPD-100vW_zSWATH/COLI-238-AER-d200.npy,COLI-238-AER-d200,COLI,ESCCOL,238,Escherichia coli,Escherichia coli,CLASSE (typo corrigee: COLI->ESCCOL),/home/rrekikdi/Bureau/postdoc/pseudo_image/ms1_processed_11classes/Escherichia coli/COLI-238-AER-d200.npy
/home/rrekikdi/Bureau/postdoc/pseudo_image/images_npy_ms1/2022_12_15_Validation_CITAMA_CITFRE_CITKOS_CITPOR_COLI_ENTCLO_ENTHOR_ENTLUD_ENTROG_HAFALV_HAFPAR_KLEAER_PANDEP_PRTMIR_PRTPEN_PRTTER_PRTVUL_PRVRET_PRVSTU_SALENT_SERMAR-100SPD-100vW_zSWATH/COLI-238-ANA-d200.npy,COLI-238-ANA-d200,COLI,ESCCOL,238,Escherichia coli,Escherichia coli,CLASSE (typo corrigee: COLI->ESCCOL),/home/rrekikdi/Bureau/postdoc/pseudo_image/ms1_processed_11classes/Escherichia coli/COLI-238-ANA-d200.npy
/home/rrekikdi/Bureau/postdoc/pseudo_image/images_npy_ms1/2022_12_15_Validation_CITAMA_CITFRE_CITKOS_CITPOR_COLI_ENTCLO_ENTHOR_ENTLUD_ENTROG_HAFALV_HAFPAR_KLEAER_PANDEP_PRTMIR_PRTPEN_PRTTER_PRTVUL_PRVRET_PRVSTU_SALENT_SERMAR-100SPD-100vW_zSWATH/COLI-239-AER-d200.npy,COLI-239-AER-d200,COLI,ESCCOL,239,Escherichia coli,Escherichia coli,CLASSE (typo corrigee: COLI->ESCCOL),/home/rrekikdi/Bureau/postdoc/pseudo_image/ms1_processed_11classes/Escherichia coli/COLI-239-AER-d200.npy
/home/rrekikdi/Bureau/postdoc/pseudo_image/images_npy_ms1/2022_12_15_Validation_CITAMA_CITFRE_CITKOS_CITPOR_COLI_ENTCLO_ENTHOR_ENTLUD_ENTROG_HAFALV_HAFPAR_KLEAER_PANDEP_PRTMIR_PRTPEN_PRTTER_PRTVUL_PRVRET_PRVSTU_SALENT_SERMAR-100SPD-100vW_zSWATH/COLI-239-ANA-d200.npy,COLI-239-ANA-d200,COLI,ESCCOL,239,Escherichia coli,Escherichia coli,CLASSE (typo corrigee: COLI->ESCCOL),/home/rrekikdi/Bureau/postdoc/pseudo_image/ms1_processed_11classes/Escherichia coli/COLI-239-ANA-d200.npy
/home/rrekikdi/Bureau/postdoc/pseudo_image/images_npy_ms1/2022_12_15_Validation_CITAMA_CITFRE_CITKOS_CITPOR_COLI_ENTCLO_ENTHOR_ENTLUD_ENTROG_HAFALV_HAFPAR_KLEAER_PANDEP_PRTMIR_PRTPEN_PRTTER_PRTVUL_PRVRET_PRVSTU_SALENT_SERMAR-100SPD-100vW_zSWATH/COLI-272-AER-d200.npy,COLI-272-AER-d200,COLI,ESCCOL,272,Escherichia coli,Escherichia coli,CLASSE (typo corrigee: COLI->ESCCOL),/home/rrekikdi/Bureau/postdoc/pseudo_image/ms1_processed_11classes/Escherichia coli/COLI-272-AER-d200.npy
/home/rrekikdi/Bureau/postdoc/pseudo_image/images_npy_ms1/2022_12_15_Validation_CITAMA_CITFRE_CITKOS_CITPOR_COLI_ENTCLO_ENTHOR_ENTLUD_ENTROG_HAFALV_HAFPAR_KLEAER_PANDEP_PRTMIR_PRTPEN_PRTTER_PRTVUL_PRVRET_PRVSTU_SALENT_SERMAR-100SPD-100vW_zSWATH/COLI-272-ANA-d200.npy,COLI-272-ANA-d200,COLI,ESCCOL,272,Escherichia coli,Escherichia coli,CLASSE (typo corrigee: COLI->ESCCOL),/home/rrekikdi/Bureau/postdoc/pseudo_image/ms1_processed_11classes/Escherichia coli/COLI-272-ANA-d200.npy
/home/rrekikdi/Bureau/postdoc/pseudo_image/images_npy_ms1/2022_12_15_Validation_CITAMA_CITFRE_CITKOS_CITPOR_COLI_ENTCLO_ENTHOR_ENTLUD_ENTROG_HAFALV_HAFPAR_KLEAER_PANDEP_PRTMIR_PRTPEN_PRTTER_PRTVUL_PRVRET_PRVSTU_SALENT_SERMAR-100SPD-100vW_zSWATH/COLI-273-AER-d200.npy,COLI-273-AER-d200,COLI,ESCCOL,273,,Escherichia coli,"CLASSE (sample_nb absent du excel, classe par code seul)",/home/rrekikdi/Bureau/postdoc/pseudo_image/ms1_processed_11classes/Escherichia coli/COLI-273-AER-d200.npy
/home/rrekikdi/Bureau/postdoc/pseudo_image/images_npy_ms1/2022_12_15_Validation_CITAMA_CITFRE_CITKOS_CITPOR_COLI_ENTCLO_ENTHOR_ENTLUD_ENTROG_HAFALV_HAFPAR_KLEAER_PANDEP_PRTMIR_PRTPEN_PRTTER_PRTVUL_PRVRET_PRVSTU_SALENT_SERMAR-100SPD-100vW_zSWATH/COLI-273-ANA-d200.npy,COLI-273-ANA-d200,COLI,ESCCOL,273,,Escherichia coli,"CLASSE (sample_nb absent du excel, classe par code seul)",/home/rrekikdi/Bureau/postdoc/pseudo_image/ms1_processed_11classes/Escherichia coli/COLI-273-ANA-d200.npy
/home/rrekikdi/Bureau/postdoc/pseudo_image/images_npy_ms1/2022_12_15_Validation_CITAMA_CITFRE_CITKOS_CITPOR_COLI_ENTCLO_ENTHOR_ENTLUD_ENTROG_HAFALV_HAFPAR_KLEAER_PANDEP_PRTMIR_PRTPEN_PRTTER_PRTVUL_PRVRET_PRVSTU_SALENT_SERMAR-100SPD-100vW_zSWATH/COLI-274-AER-d200.npy,COLI-274-AER-d200,COLI,ESCCOL,274,Escherichia coli,Escherichia coli,CLASSE (typo corrigee: COLI->ESCCOL),/home/rrekikdi/Bureau/postdoc/pseudo_image/ms1_processed_11classes/Escherichia coli/COLI-274-AER-d200.npy
/home/rrekikdi/Bureau/postdoc/pseudo_image/images_npy_ms1/2022_12_15_Validation_CITAMA_CITFRE_CITKOS_CITPOR_COLI_ENTCLO_ENTHOR_ENTLUD_ENTROG_HAFALV_HAFPAR_KLEAER_PANDEP_PRTMIR_PRTPEN_PRTTER_PRTVUL_PRVRET_PRVSTU_SALENT_SERMAR-100SPD-100vW_zSWATH/COLI-274-ANA-d200.npy,COLI-274-ANA-d200,COLI,ESCCOL,274,Escherichia coli,Escherichia coli,CLASSE (typo corrigee: COLI->ESCCOL),/home/rrekikdi/Bureau/postdoc/pseudo_image/ms1_processed_11classes/Escherichia coli/COLI-274-ANA-d200.npy
/home/rrekikdi/Bureau/postdoc/pseudo_image/images_npy_ms1/2022_12_15_Validation_CITAMA_CITFRE_CITKOS_CITPOR_COLI_ENTCLO_ENTHOR_ENTLUD_ENTROG_HAFALV_HAFPAR_KLEAER_PANDEP_PRTMIR_PRTPEN_PRTTER_PRTVUL_PRVRET_PRVSTU_SALENT_SERMAR-100SPD-100vW_zSWATH/COLI-285-AER-d200.npy,COLI-285-AER-d200,COLI,ESCCOL,285,Escherichia coli,Escherichia coli,CLASSE (typo corrigee: COLI->ESCCOL),/home/rrekikdi/Bureau/postdoc/pseudo_image/ms1_processed_11classes/Escherichia coli/COLI-285-AER-d200.npy
/home/rrekikdi/Bureau/postdoc/pseudo_image/images_npy_ms1/2022_12_15_Validation_CITAMA_CITFRE_CITKOS_CITPOR_COLI_ENTCLO_ENTHOR_ENTLUD_ENTROG_HAFALV_HAFPAR_KLEAER_PANDEP_PRTMIR_PRTPEN_PRTTER_PRTVUL_PRVRET_PRVSTU_SALENT_SERMAR-100SPD-100vW_zSWATH/COLI-285-ANA-d200.npy,COLI-285-ANA-d200,COLI,ESCCOL,285,Escherichia coli,Escherichia coli,CLASSE (typo corrigee: COLI->ESCCOL),/home/rrekikdi/Bureau/postdoc/pseudo_image/ms1_processed_11classes/Escherichia coli/COLI-285-ANA-d200.npy
/home/rrekikdi/Bureau/postdoc/pseudo_image/images_npy_ms1/2022_12_15_Validation_CITAMA_CITFRE_CITKOS_CITPOR_COLI_ENTCLO_ENTHOR_ENTLUD_ENTROG_HAFALV_HAFPAR_KLEAER_PANDEP_PRTMIR_PRTPEN_PRTTER_PRTVUL_PRVRET_PRVSTU_SALENT_SERMAR-100SPD-100vW_zSWATH/COLI-54-AER-d200.npy,COLI-54-AER-d200,COLI,ESCCOL,54,Escherichia coli,Escherichia coli,CLASSE (typo corrigee: COLI->ESCCOL),/home/rrekikdi/Bureau/postdoc/pseudo_image/ms1_processed_11classes/Escherichia coli/COLI-54-AER-d200.npy
/home/rrekikdi/Bureau/postdoc/pseudo_image/images_npy_ms1/2022_12_15_Validation_CITAMA_CITFRE_CITKOS_CITPOR_COLI_ENTCLO_ENTHOR_ENTLUD_ENTROG_HAFALV_HAFPAR_KLEAER_PANDEP_PRTMIR_PRTPEN_PRTTER_PRTVUL_PRVRET_PRVSTU_SALENT_SERMAR-100SPD-100vW_zSWATH/COLI-54-ANA-d200.npy,COLI-54-ANA-d200,COLI,ESCCOL,54,Escherichia coli,Escherichia coli,CLASSE (typo corrigee: COLI->ESCCOL),/home/rrekikdi/Bureau/postdoc/pseudo_image/ms1_processed_11classes/Escherichia coli/COLI-54-ANA-d200.npy
/home/rrekikdi/Bureau/postdoc/pseudo_image/images_npy_ms1/2022_12_15_Validation_CITAMA_CITFRE_CITKOS_CITPOR_COLI_ENTCLO_ENTHOR_ENTLUD_ENTROG_HAFALV_HAFPAR_KLEAER_PANDEP_PRTMIR_PRTPEN_PRTTER_PRTVUL_PRVRET_PRVSTU_SALENT_SERMAR-100SPD-100vW_zSWATH/COLI-62-AER-d200.npy,COLI-62-AER-d200,COLI,ESCCOL,62,Escherichia coli,Escherichia coli,CLASSE (typo corrigee: COLI->ESCCOL),/home/rrekikdi/Bureau/postdoc/pseudo_image/ms1_processed_11classes/Escherichia coli/COLI-62-AER-d200.npy
/home/rrekikdi/Bureau/postdoc/pseudo_image/images_npy_ms1/2022_12_15_Validation_CITAMA_CITFRE_CITKOS_CITPOR_COLI_ENTCLO_ENTHOR_ENTLUD_ENTROG_HAFALV_HAFPAR_KLEAER_PANDEP_PRTMIR_PRTPEN_PRTTER_PRTVUL_PRVRET_PRVSTU_SALENT_SERMAR-100SPD-100vW_zSWATH/COLI-62-ANA-d200.npy,COLI-62-ANA-d200,COLI,ESCCOL,62,Escherichia coli,Escherichia coli,CLASSE (typo corrigee: COLI->ESCCOL),/home/rrekikdi/Bureau/postdoc/pseudo_image/ms1_processed_11classes/Escherichia coli/COLI-62-ANA-d200.npy
/home/rrekikdi/Bureau/postdoc/pseudo_image/images_npy_ms1/2022_12_15_Validation_CITAMA_CITFRE_CITKOS_CITPOR_COLI_ENTCLO_ENTHOR_ENTLUD_ENTROG_HAFALV_HAFPAR_KLEAER_PANDEP_PRTMIR_PRTPEN_PRTTER_PRTVUL_PRVRET_PRVSTU_SALENT_SERMAR-100SPD-100vW_zSWATH/COLI-70-AER-d200.npy,COLI-70-AER-d200,COLI,ESCCOL,70,Escherichia coli,Escherichia coli,CLASSE (typo corrigee: COLI->ESCCOL),/home/rrekikdi/Bureau/postdoc/pseudo_image/ms1_processed_11classes/Escherichia coli/COLI-70-AER-d200.npy
/home/rrekikdi/Bureau/postdoc/pseudo_image/images_npy_ms1/2022_12_15_Validation_CITAMA_CITFRE_CITKOS_CITPOR_COLI_ENTCLO_ENTHOR_ENTLUD_ENTROG_HAFALV_HAFPAR_KLEAER_PANDEP_PRTMIR_PRTPEN_PRTTER_PRTVUL_PRVRET_PRVSTU_SALENT_SERMAR-100SPD-100vW_zSWATH/COLI-70-ANA-d200.npy,COLI-70-ANA-d200,COLI,ESCCOL,70,Escherichia coli,Escherichia coli,CLASSE (typo corrigee: COLI->ESCCOL),/home/rrekikdi/Bureau/postdoc/pseudo_image/ms1_processed_11classes/Escherichia coli/COLI-70-ANA-d200.npy
/home/rrekikdi/Bureau/postdoc/pseudo_image/images_npy_ms1/2022_12_15_Validation_CITAMA_CITFRE_CITKOS_CITPOR_COLI_ENTCLO_ENTHOR_ENTLUD_ENTROG_HAFALV_HAFPAR_KLEAER_PANDEP_PRTMIR_PRTPEN_PRTTER_PRTVUL_PRVRET_PRVSTU_SALENT_SERMAR-100SPD-100vW_zSWATH/COLI-86-AER-d200.npy,COLI-86-AER-d200,COLI,ESCCOL,86,Escherichia coli,Escherichia coli,CLASSE (typo corrigee: COLI->ESCCOL),/home/rrekikdi/Bureau/postdoc/pseudo_image/ms1_processed_11classes/Escherichia coli/COLI-86-AER-d200.npy
/home/rrekikdi/Bureau/postdoc/pseudo_image/images_npy_ms1/2022_12_15_Validation_CITAMA_CITFRE_CITKOS_CITPOR_COLI_ENTCLO_ENTHOR_ENTLUD_ENTROG_HAFALV_HAFPAR_KLEAER_PANDEP_PRTMIR_PRTPEN_PRTTER_PRTVUL_PRVRET_PRVSTU_SALENT_SERMAR-100SPD-100vW_zSWATH/COLI-86-ANA-d200.npy,COLI-86-ANA-d200,COLI,ESCCOL,86,Escherichia coli,Escherichia coli,CLASSE (typo corrigee: COLI->ESCCOL),/home/rrekikdi/Bureau/postdoc/pseudo_image/ms1_processed_11classes/Escherichia coli/COLI-86-ANA-d200.npy
/home/rrekikdi/Bureau/postdoc/pseudo_image/images_npy_ms1/2022_12_15_Validation_CITAMA_CITFRE_CITKOS_CITPOR_COLI_ENTCLO_ENTHOR_ENTLUD_ENTROG_HAFALV_HAFPAR_KLEAER_PANDEP_PRTMIR_PRTPEN_PRTTER_PRTVUL_PRVRET_PRVSTU_SALENT_SERMAR-100SPD-100vW_zSWATH/ENTHOR-38-AER-d200.npy,ENTHOR-38-AER-d200,ENTHOR,ENTHOR,38,Enterobacter hormaechei steigerwaltii,Enterobacter hormaechei,CLASSE,/home/rrekikdi/Bureau/postdoc/pseudo_image/ms1_processed_11classes/Enterobacter hormaechei/ENTHOR-38-AER-d200.npy
/home/rrekikdi/Bureau/postdoc/pseudo_image/images_npy_ms1/2022_12_15_Validation_CITAMA_CITFRE_CITKOS_CITPOR_COLI_ENTCLO_ENTHOR_ENTLUD_ENTROG_HAFALV_HAFPAR_KLEAER_PANDEP_PRTMIR_PRTPEN_PRTTER_PRTVUL_PRVRET_PRVSTU_SALENT_SERMAR-100SPD-100vW_zSWATH/ENTHOR-38-ANA-d200.npy,ENTHOR-38-ANA-d200,ENTHOR,ENTHOR,38,Enterobacter hormaechei steigerwaltii,Enterobacter hormaechei,CLASSE,/home/rrekikdi/Bureau/postdoc/pseudo_image/ms1_processed_11classes/Enterobacter hormaechei/ENTHOR-38-ANA-d200.npy
/home/rrekikdi/Bureau/postdoc/pseudo_image/images_npy_ms1/2022_12_15_Validation_CITAMA_CITFRE_CITKOS_CITPOR_COLI_ENTCLO_ENTHOR_ENTLUD_ENTROG_HAFALV_HAFPAR_KLEAER_PANDEP_PRTMIR_PRTPEN_PRTTER_PRTVUL_PRVRET_PRVSTU_SALENT_SERMAR-100SPD-100vW_zSWATH/ENTHOR-53-AER-d200.npy,ENTHOR-53-AER-d200,ENTHOR,ENTHOR,53,Enterobacter hormaechei steigerwaltii,Enterobacter hormaechei,CLASSE,/home/rrekikdi/Bureau/postdoc/pseudo_image/ms1_processed_11classes/Enterobacter hormaechei/ENTHOR-53-AER-d200.npy
/home/rrekikdi/Bureau/postdoc/pseudo_image/images_npy_ms1/2022_12_15_Validation_CITAMA_CITFRE_CITKOS_CITPOR_COLI_ENTCLO_ENTHOR_ENTLUD_ENTROG_HAFALV_HAFPAR_KLEAER_PANDEP_PRTMIR_PRTPEN_PRTTER_PRTVUL_PRVRET_PRVSTU_SALENT_SERMAR-100SPD-100vW_zSWATH/ENTHOR-53-ANA-d200.npy,ENTHOR-53-ANA-d200,ENTHOR,ENTHOR,53,Enterobacter hormaechei steigerwaltii,Enterobacter hormaechei,CLASSE,/home/rrekikdi/Bureau/postdoc/pseudo_image/ms1_processed_11classes/Enterobacter hormaechei/ENTHOR-53-ANA-d200.npy
/home/rrekikdi/Bureau/postdoc/pseudo_image/images_npy_ms1/2022_12_15_Validation_CITAMA_CITFRE_CITKOS_CITPOR_COLI_ENTCLO_ENTHOR_ENTLUD_ENTROG_HAFALV_HAFPAR_KLEAER_PANDEP_PRTMIR_PRTPEN_PRTTER_PRTVUL_PRVRET_PRVSTU_SALENT_SERMAR-100SPD-100vW_zSWATH/ENTHOR-57-AER-d200.npy,ENTHOR-57-AER-d200,ENTHOR,ENTHOR,57,Enterobacter hormaechei steigerwaltii,Enterobacter hormaechei,CLASSE,/home/rrekikdi/Bureau/postdoc/pseudo_image/ms1_processed_11classes/Enterobacter hormaechei/ENTHOR-57-AER-d200.npy
/home/rrekikdi/Bureau/postdoc/pseudo_image/images_npy_ms1/2022_12_15_Validation_CITAMA_CITFRE_CITKOS_CITPOR_COLI_ENTCLO_ENTHOR_ENTLUD_ENTROG_HAFALV_HAFPAR_KLEAER_PANDEP_PRTMIR_PRTPEN_PRTTER_PRTVUL_PRVRET_PRVSTU_SALENT_SERMAR-100SPD-100vW_zSWATH/ENTHOR-57-ANA-d200.npy,ENTHOR-57-ANA-d200,ENTHOR,ENTHOR,57,Enterobacter hormaechei steigerwaltii,Enterobacter hormaechei,CLASSE,/home/rrekikdi/Bureau/postdoc/pseudo_image/ms1_processed_11classes/Enterobacter hormaechei/ENTHOR-57-ANA-d200.npy
/home/rrekikdi/Bureau/postdoc/pseudo_image/images_npy_ms1/2022_12_15_Validation_CITAMA_CITFRE_CITKOS_CITPOR_COLI_ENTCLO_ENTHOR_ENTLUD_ENTROG_HAFALV_HAFPAR_KLEAER_PANDEP_PRTMIR_PRTPEN_PRTTER_PRTVUL_PRVRET_PRVSTU_SALENT_SERMAR-100SPD-100vW_zSWATH/KLEAER-27-AER-d200.npy,KLEAER-27-AER-d200,KLEAER,KLEAER,27,,Klebsiella aerogenes,"CLASSE (sample_nb absent du excel, classe par code seul)",/home/rrekikdi/Bureau/postdoc/pseudo_image/ms1_processed_11classes/Klebsiella aerogenes/KLEAER-27-AER-d200.npy
/home/rrekikdi/Bureau/postdoc/pseudo_image/images_npy_ms1/2022_12_15_Validation_CITAMA_CITFRE_CITKOS_CITPOR_COLI_ENTCLO_ENTHOR_ENTLUD_ENTROG_HAFALV_HAFPAR_KLEAER_PANDEP_PRTMIR_PRTPEN_PRTTER_PRTVUL_PRVRET_PRVSTU_SALENT_SERMAR-100SPD-100vW_zSWATH/KLEAER-27-ANA-d200.npy,KLEAER-27-ANA-d200,KLEAER,KLEAER,27,,Klebsiella aerogenes,"CLASSE (sample_nb absent du excel, classe par code seul)",/home/rrekikdi/Bureau/postdoc/pseudo_image/ms1_processed_11classes/Klebsiella aerogenes/KLEAER-27-ANA-d200.npy
/home/rrekikdi/Bureau/postdoc/pseudo_image/images_npy_ms1/2022_12_15_Validation_CITAMA_CITFRE_CITKOS_CITPOR_COLI_ENTCLO_ENTHOR_ENTLUD_ENTROG_HAFALV_HAFPAR_KLEAER_PANDEP_PRTMIR_PRTPEN_PRTTER_PRTVUL_PRVRET_PRVSTU_SALENT_SERMAR-100SPD-100vW_zSWATH/KLEAER-6-AER-d200.npy,KLEAER-6-AER-d200,KLEAER,KLEAER,6,Klebsiella aerogenes,Klebsiella aerogenes,CLASSE,/home/rrekikdi/Bureau/postdoc/pseudo_image/ms1_processed_11classes/Klebsiella aerogenes/KLEAER-6-AER-d200.npy
/home/rrekikdi/Bureau/postdoc/pseudo_image/images_npy_ms1/2022_12_15_Validation_CITAMA_CITFRE_CITKOS_CITPOR_COLI_ENTCLO_ENTHOR_ENTLUD_ENTROG_HAFALV_HAFPAR_KLEAER_PANDEP_PRTMIR_PRTPEN_PRTTER_PRTVUL_PRVRET_PRVSTU_SALENT_SERMAR-100SPD-100vW_zSWATH/KLEAER-6-ANA-d200.npy,KLEAER-6-ANA-d200,KLEAER,KLEAER,6,Klebsiella aerogenes,Klebsiella aerogenes,CLASSE,/home/rrekikdi/Bureau/postdoc/pseudo_image/ms1_processed_11classes/Klebsiella aerogenes/KLEAER-6-ANA-d200.npy
/home/rrekikdi/Bureau/postdoc/pseudo_image/images_npy_ms1/2022_12_15_Validation_CITAMA_CITFRE_CITKOS_CITPOR_COLI_ENTCLO_ENTHOR_ENTLUD_ENTROG_HAFALV_HAFPAR_KLEAER_PANDEP_PRTMIR_PRTPEN_PRTTER_PRTVUL_PRVRET_PRVSTU_SALENT_SERMAR-100SPD-100vW_zSWATH/PRTMIR-20-AER-d200.npy,PRTMIR-20-AER-d200,PRTMIR,PRTMIR,20,Proteus mirabilis,Proteus mirabilis,CLASSE,/home/rrekikdi/Bureau/postdoc/pseudo_image/ms1_processed_11classes/Proteus mirabilis/PRTMIR-20-AER-d200.npy
/home/rrekikdi/Bureau/postdoc/pseudo_image/images_npy_ms1/2022_12_15_Validation_CITAMA_CITFRE_CITKOS_CITPOR_COLI_ENTCLO_ENTHOR_ENTLUD_ENTROG_HAFALV_HAFPAR_KLEAER_PANDEP_PRTMIR_PRTPEN_PRTTER_PRTVUL_PRVRET_PRVSTU_SALENT_SERMAR-100SPD-100vW_zSWATH/PRTMIR-20-ANA-d200.npy,PRTMIR-20-ANA-d200,PRTMIR,PRTMIR,20,Proteus mirabilis,Proteus mirabilis,CLASSE,/home/rrekikdi/Bureau/postdoc/pseudo_image/ms1_processed_11classes/Proteus mirabilis/PRTMIR-20-ANA-d200.npy
/home/rrekikdi/Bureau/postdoc/pseudo_image/images_npy_ms1/2022_12_15_Validation_CITAMA_CITFRE_CITKOS_CITPOR_COLI_ENTCLO_ENTHOR_ENTLUD_ENTROG_HAFALV_HAFPAR_KLEAER_PANDEP_PRTMIR_PRTPEN_PRTTER_PRTVUL_PRVRET_PRVSTU_SALENT_SERMAR-100SPD-100vW_zSWATH/PRTMIR-21-AER-d200.npy,PRTMIR-21-AER-d200,PRTMIR,PRTMIR,21,Proteus mirabilis,Proteus mirabilis,CLASSE,/home/rrekikdi/Bureau/postdoc/pseudo_image/ms1_processed_11classes/Proteus mirabilis/PRTMIR-21-AER-d200.npy
/home/rrekikdi/Bureau/postdoc/pseudo_image/images_npy_ms1/2022_12_15_Validation_CITAMA_CITFRE_CITKOS_CITPOR_COLI_ENTCLO_ENTHOR_ENTLUD_ENTROG_HAFALV_HAFPAR_KLEAER_PANDEP_PRTMIR_PRTPEN_PRTTER_PRTVUL_PRVRET_PRVSTU_SALENT_SERMAR-100SPD-100vW_zSWATH/PRTMIR-21-ANA-d200.npy,PRTMIR-21-ANA-d200,PRTMIR,PRTMIR,21,Proteus mirabilis,Proteus mirabilis,CLASSE,/home/rrekikdi/Bureau/postdoc/pseudo_image/ms1_processed_11classes/Proteus mirabilis/PRTMIR-21-ANA-d200.npy
/home/rrekikdi/Bureau/postdoc/pseudo_image/images_npy_ms1/2022_12_15_Validation_CITAMA_CITFRE_CITKOS_CITPOR_COLI_ENTCLO_ENTHOR_ENTLUD_ENTROG_HAFALV_HAFPAR_KLEAER_PANDEP_PRTMIR_PRTPEN_PRTTER_PRTVUL_PRVRET_PRVSTU_SALENT_SERMAR-100SPD-100vW_zSWATH/SALENT-11-AER-d200.npy,SALENT-11-AER-d200,SALENT,SALENT,11,Salmonella enterica enterica,Salmonella enterica,CLASSE,/home/rrekikdi/Bureau/postdoc/pseudo_image/ms1_processed_11classes/Salmonella enterica/SALENT-11-AER-d200.npy
/home/rrekikdi/Bureau/postdoc/pseudo_image/images_npy_ms1/2022_12_15_Validation_CITAMA_CITFRE_CITKOS_CITPOR_COLI_ENTCLO_ENTHOR_ENTLUD_ENTROG_HAFALV_HAFPAR_KLEAER_PANDEP_PRTMIR_PRTPEN_PRTTER_PRTVUL_PRVRET_PRVSTU_SALENT_SERMAR-100SPD-100vW_zSWATH/SALENT-11-ANA-d200.npy,SALENT-11-ANA-d200,SALENT,SALENT,11,Salmonella enterica enterica,Salmonella enterica,CLASSE,/home/rrekikdi/Bureau/postdoc/pseudo_image/ms1_processed_11classes/Salmonella enterica/SALENT-11-ANA-d200.npy
/home/rrekikdi/Bureau/postdoc/pseudo_image/images_npy_ms1/2022_12_15_Validation_CITAMA_CITFRE_CITKOS_CITPOR_COLI_ENTCLO_ENTHOR_ENTLUD_ENTROG_HAFALV_HAFPAR_KLEAER_PANDEP_PRTMIR_PRTPEN_PRTTER_PRTVUL_PRVRET_PRVSTU_SALENT_SERMAR-100SPD-100vW_zSWATH/SALENT-12-AER-d200.npy,SALENT-12-AER-d200,SALENT,SALENT,12,Salmonella enterica enterica,Salmonella enterica,CLASSE,/home/rrekikdi/Bureau/postdoc/pseudo_image/ms1_processed_11classes/Salmonella enterica/SALENT-12-AER-d200.npy
/home/rrekikdi/Bureau/postdoc/pseudo_image/images_npy_ms1/2022_12_15_Validation_CITAMA_CITFRE_CITKOS_CITPOR_COLI_ENTCLO_ENTHOR_ENTLUD_ENTROG_HAFALV_HAFPAR_KLEAER_PANDEP_PRTMIR_PRTPEN_PRTTER_PRTVUL_PRVRET_PRVSTU_SALENT_SERMAR-100SPD-100vW_zSWATH/SALENT-12-ANA-d200.npy,SALENT-12-ANA-d200,SALENT,SALENT,12,Salmonella enterica enterica,Salmonella enterica,CLASSE,/home/rrekikdi/Bureau/postdoc/pseudo_image/ms1_processed_11classes/Salmonella enterica/SALENT-12-ANA-d200.npy
/home/rrekikdi/Bureau/postdoc/pseudo_image/images_npy_ms1/2022_12_15_Validation_CITAMA_CITFRE_CITKOS_CITPOR_COLI_ENTCLO_ENTHOR_ENTLUD_ENTROG_HAFALV_HAFPAR_KLEAER_PANDEP_PRTMIR_PRTPEN_PRTTER_PRTVUL_PRVRET_PRVSTU_SALENT_SERMAR-100SPD-100vW_zSWATH/SALENT-2-AER-d200.npy,SALENT-2-AER-d200,SALENT,SALENT,2,,Salmonella enterica,"CLASSE (sample_nb absent du excel, classe par code seul)",/home/rrekikdi/Bureau/postdoc/pseudo_image/ms1_processed_11classes/Salmonella enterica/SALENT-2-AER-d200.npy
/home/rrekikdi/Bureau/postdoc/pseudo_image/images_npy_ms1/2022_12_15_Validation_CITAMA_CITFRE_CITKOS_CITPOR_COLI_ENTCLO_ENTHOR_ENTLUD_ENTROG_HAFALV_HAFPAR_KLEAER_PANDEP_PRTMIR_PRTPEN_PRTTER_PRTVUL_PRVRET_PRVSTU_SALENT_SERMAR-100SPD-100vW_zSWATH/SALENT-2-ANA-d200.npy,SALENT-2-ANA-d200,SALENT,SALENT,2,,Salmonella enterica,"CLASSE (sample_nb absent du excel, classe par code seul)",/home/rrekikdi/Bureau/postdoc/pseudo_image/ms1_processed_11classes/Salmonella enterica/SALENT-2-ANA-d200.npy
/home/rrekikdi/Bureau/postdoc/pseudo_image/images_npy_ms1/2022_12_15_Validation_CITAMA_CITFRE_CITKOS_CITPOR_COLI_ENTCLO_ENTHOR_ENTLUD_ENTROG_HAFALV_HAFPAR_KLEAER_PANDEP_PRTMIR_PRTPEN_PRTTER_PRTVUL_PRVRET_PRVSTU_SALENT_SERMAR-100SPD-100vW_zSWATH/SALENT-4-AER-d200.npy,SALENT-4-AER-d200,SALENT,SALENT,4,Salmonella enterica enterica,Salmonella enterica,CLASSE,/home/rrekikdi/Bureau/postdoc/pseudo_image/ms1_processed_11classes/Salmonella enterica/SALENT-4-AER-d200.npy
/home/rrekikdi/Bureau/postdoc/pseudo_image/images_npy_ms1/2022_12_15_Validation_CITAMA_CITFRE_CITKOS_CITPOR_COLI_ENTCLO_ENTHOR_ENTLUD_ENTROG_HAFALV_HAFPAR_KLEAER_PANDEP_PRTMIR_PRTPEN_PRTTER_PRTVUL_PRVRET_PRVSTU_SALENT_SERMAR-100SPD-100vW_zSWATH/SALENT-4-ANA-d200.npy,SALENT-4-ANA-d200,SALENT,SALENT,4,Salmonella enterica enterica,Salmonella enterica,CLASSE,/home/rrekikdi/Bureau/postdoc/pseudo_image/ms1_processed_11classes/Salmonella enterica/SALENT-4-ANA-d200.npy
/home/rrekikdi/Bureau/postdoc/pseudo_image/images_npy_ms1/2022_12_15_Validation_CITAMA_CITFRE_CITKOS_CITPOR_COLI_ENTCLO_ENTHOR_ENTLUD_ENTROG_HAFALV_HAFPAR_KLEAER_PANDEP_PRTMIR_PRTPEN_PRTTER_PRTVUL_PRVRET_PRVSTU_SALENT_SERMAR-100SPD-100vW_zSWATH/SALENT-6-AER-d200.npy,SALENT-6-AER-d200,SALENT,SALENT,6,Salmonella enterica enterica,Salmonella enterica,CLASSE,/home/rrekikdi/Bureau/postdoc/pseudo_image/ms1_processed_11classes/Salmonella enterica/SALENT-6-AER-d200.npy
/home/rrekikdi/Bureau/postdoc/pseudo_image/images_npy_ms1/2022_12_15_Validation_CITAMA_CITFRE_CITKOS_CITPOR_COLI_ENTCLO_ENTHOR_ENTLUD_ENTROG_HAFALV_HAFPAR_KLEAER_PANDEP_PRTMIR_PRTPEN_PRTTER_PRTVUL_PRVRET_PRVSTU_SALENT_SERMAR-100SPD-100vW_zSWATH/SALENT-6-ANA-d200.npy,SALENT-6-ANA-d200,SALENT,SALENT,6,Salmonella enterica enterica,Salmonella enterica,CLASSE,/home/rrekikdi/Bureau/postdoc/pseudo_image/ms1_processed_11classes/Salmonella enterica/SALENT-6-ANA-d200.npy
/home/rrekikdi/Bureau/postdoc/pseudo_image/images_npy_ms1/2022_12_15_Validation_CITAMA_CITFRE_CITKOS_CITPOR_COLI_ENTCLO_ENTHOR_ENTLUD_ENTROG_HAFALV_HAFPAR_KLEAER_PANDEP_PRTMIR_PRTPEN_PRTTER_PRTVUL_PRVRET_PRVSTU_SALENT_SERMAR-100SPD-100vW_zSWATH/SALENT-9-AER-d200.npy,SALENT-9-AER-d200,SALENT,SALENT,9,Salmonella enterica enterica,Salmonella enterica,CLASSE,/home/rrekikdi/Bureau/postdoc/pseudo_image/ms1_processed_11classes/Salmonella enterica/SALENT-9-AER-d200.npy
/home/rrekikdi/Bureau/postdoc/pseudo_image/images_npy_ms1/2022_12_15_Validation_CITAMA_CITFRE_CITKOS_CITPOR_COLI_ENTCLO_ENTHOR_ENTLUD_ENTROG_HAFALV_HAFPAR_KLEAER_PANDEP_PRTMIR_PRTPEN_PRTTER_PRTVUL_PRVRET_PRVSTU_SALENT_SERMAR-100SPD-100vW_zSWATH/SALENT-9-ANA-d200.npy,SALENT-9-ANA-d200,SALENT,SALENT,9,Salmonella enterica enterica,Salmonella enterica,CLASSE,/home/rrekikdi/Bureau/postdoc/pseudo_image/ms1_processed_11classes/Salmonella enterica/SALENT-9-ANA-d200.npy
/home/rrekikdi/Bureau/postdoc/pseudo_image/images_npy_ms1/2023_01_16_Validation_CITAMA_CITCRO_CITFAR_CITFRE-100SPD-100vW_zSWATH/CITFRE-50-AER-d200.npy,CITFRE-50-AER-d200,CITFRE,CITFRE,50,Citrobacter freundii,Citrobacter freundii,CLASSE,/home/rrekikdi/Bureau/postdoc/pseudo_image/ms1_processed_11classes/Citrobacter freundii/CITFRE-50-AER-d200.npy
/home/rrekikdi/Bureau/postdoc/pseudo_image/images_npy_ms1/2023_01_16_Validation_CITAMA_CITCRO_CITFAR_CITFRE-100SPD-100vW_zSWATH/CITFRE-50-ANA-d200.npy,CITFRE-50-ANA-d200,CITFRE,CITFRE,50,Citrobacter freundii,Citrobacter freundii,CLASSE,/home/rrekikdi/Bureau/postdoc/pseudo_image/ms1_processed_11classes/Citrobacter freundii/CITFRE-50-ANA-d200.npy
/home/rrekikdi/Bureau/postdoc/pseudo_image/images_npy_ms1/2023_01_16_Validation_CITAMA_CITCRO_CITFAR_CITFRE-100SPD-100vW_zSWATH/CITFRE-54-AER-d200.npy,CITFRE-54-AER-d200,CITFRE,CITFRE,54,Citrobacter freundii,Citrobacter freundii,CLASSE,/home/rrekikdi/Bureau/postdoc/pseudo_image/ms1_processed_11classes/Citrobacter freundii/CITFRE-54-AER-d200.npy
/home/rrekikdi/Bureau/postdoc/pseudo_image/images_npy_ms1/2023_01_16_Validation_CITAMA_CITCRO_CITFAR_CITFRE-100SPD-100vW_zSWATH/CITFRE-54-ANA-d200.npy,CITFRE-54-ANA-d200,CITFRE,CITFRE,54,Citrobacter freundii,Citrobacter freundii,CLASSE,/home/rrekikdi/Bureau/postdoc/pseudo_image/ms1_processed_11classes/Citrobacter freundii/CITFRE-54-ANA-d200.npy
/home/rrekikdi/Bureau/postdoc/pseudo_image/images_npy_ms1/2023_01_16_Validation_CITAMA_CITCRO_CITFAR_CITFRE-100SPD-100vW_zSWATH/CITFRE-55-AER-d200.npy,CITFRE-55-AER-d200,CITFRE,CITFRE,55,Citrobacter freundii,Citrobacter freundii,CLASSE,/home/rrekikdi/Bureau/postdoc/pseudo_image/ms1_processed_11classes/Citrobacter freundii/CITFRE-55-AER-d200.npy
/home/rrekikdi/Bureau/postdoc/pseudo_image/images_npy_ms1/2023_01_16_Validation_CITAMA_CITCRO_CITFAR_CITFRE-100SPD-100vW_zSWATH/CITFRE-55-ANA-d200.npy,CITFRE-55-ANA-d200,CITFRE,CITFRE,55,Citrobacter freundii,Citrobacter freundii,CLASSE,/home/rrekikdi/Bureau/postdoc/pseudo_image/ms1_processed_11classes/Citrobacter freundii/CITFRE-55-ANA-d200.npy
/home/rrekikdi/Bureau/postdoc/pseudo_image/images_npy_ms1/2023_01_16_Validation_CITAMA_CITCRO_CITFAR_CITFRE-100SPD-100vW_zSWATH/CITFRE-56-AER-d200.npy,CITFRE-56-AER-d200,CITFRE,CITFRE,56,Citrobacter freundii,Citrobacter freundii,CLASSE,/home/rrekikdi/Bureau/postdoc/pseudo_image/ms1_processed_11classes/Citrobacter freundii/CITFRE-56-AER-d200.npy
/home/rrekikdi/Bureau/postdoc/pseudo_image/images_npy_ms1/2023_01_16_Validation_CITAMA_CITCRO_CITFAR_CITFRE-100SPD-100vW_zSWATH/CITFRE-56-ANA-d200.npy,CITFRE-56-ANA-d200,CITFRE,CITFRE,56,Citrobacter freundii,Citrobacter freundii,CLASSE,/home/rrekikdi/Bureau/postdoc/pseudo_image/ms1_processed_11classes/Citrobacter freundii/CITFRE-56-ANA-d200.npy
/home/rrekikdi/Bureau/postdoc/pseudo_image/images_npy_ms1/2023_01_16_Validation_CITAMA_CITCRO_CITFAR_CITFRE-100SPD-100vW_zSWATH/CITFRE-57-AER-d200.npy,CITFRE-57-AER-d200,CITFRE,CITFRE,57,Citrobacter freundii,Citrobacter freundii,CLASSE,/home/rrekikdi/Bureau/postdoc/pseudo_image/ms1_processed_11classes/Citrobacter freundii/CITFRE-57-AER-d200.npy
/home/rrekikdi/Bureau/postdoc/pseudo_image/images_npy_ms1/2023_01_16_Validation_CITAMA_CITCRO_CITFAR_CITFRE-100SPD-100vW_zSWATH/CITFRE-57-ANA-d200.npy,CITFRE-57-ANA-d200,CITFRE,CITFRE,57,Citrobacter freundii,Citrobacter freundii,CLASSE,/home/rrekikdi/Bureau/postdoc/pseudo_image/ms1_processed_11classes/Citrobacter freundii/CITFRE-57-ANA-d200.npy
/home/rrekikdi/Bureau/postdoc/pseudo_image/images_npy_ms1/2023_01_16_Validation_CITAMA_CITCRO_CITFAR_CITFRE-100SPD-100vW_zSWATH/CITFRE-58-AER-d200.npy,CITFRE-58-AER-d200,CITFRE,CITFRE,58,Citrobacter freundii,Citrobacter freundii,CLASSE,/home/rrekikdi/Bureau/postdoc/pseudo_image/ms1_processed_11classes/Citrobacter freundii/CITFRE-58-AER-d200.npy
/home/rrekikdi/Bureau/postdoc/pseudo_image/images_npy_ms1/2023_01_16_Validation_CITAMA_CITCRO_CITFAR_CITFRE-100SPD-100vW_zSWATH/CITFRE-58-ANA-d200.npy,CITFRE-58-ANA-d200,CITFRE,CITFRE,58,Citrobacter freundii,Citrobacter freundii,CLASSE,/home/rrekikdi/Bureau/postdoc/pseudo_image/ms1_processed_11classes/Citrobacter freundii/CITFRE-58-ANA-d200.npy
/home/rrekikdi/Bureau/postdoc/pseudo_image/images_npy_ms1/2023_01_16_Validation_CITAMA_CITCRO_CITFAR_CITFRE-100SPD-100vW_zSWATH/CITFRE-64-AER-d200.npy,CITFRE-64-AER-d200,CITFRE,CITFRE,64,Citrobacter freundii,Citrobacter freundii,CLASSE,/home/rrekikdi/Bureau/postdoc/pseudo_image/ms1_processed_11classes/Citrobacter freundii/CITFRE-64-AER-d200.npy
/home/rrekikdi/Bureau/postdoc/pseudo_image/images_npy_ms1/2023_01_20_Validation_LOT-27_CITBRA_CITCRO_CITFRE-100vW_zSWATH_100SPD/CITFRE-17-AER_100vW_100SPD.npy,CITFRE-17-AER_100vW_100SPD,CITFRE,CITFRE,17,Citrobacter freundii,Citrobacter freundii,CLASSE,/home/rrekikdi/Bureau/postdoc/pseudo_image/ms1_processed_11classes/Citrobacter freundii/CITFRE-17-AER_100vW_100SPD.npy
/home/rrekikdi/Bureau/postdoc/pseudo_image/images_npy_ms1/2023_01_20_Validation_LOT-27_CITBRA_CITCRO_CITFRE-100vW_zSWATH_100SPD/CITFRE-17-ANA_100vW_100SPD.npy,CITFRE-17-ANA_100vW_100SPD,CITFRE,CITFRE,17,Citrobacter freundii,Citrobacter freundii,CLASSE,/home/rrekikdi/Bureau/postdoc/pseudo_image/ms1_processed_11classes/Citrobacter freundii/CITFRE-17-ANA_100vW_100SPD.npy
/home/rrekikdi/Bureau/postdoc/pseudo_image/images_npy_ms1/2023_01_20_Validation_LOT-27_CITBRA_CITCRO_CITFRE-100vW_zSWATH_100SPD/CITFRE-21-AER_100vW_100SPD.npy,CITFRE-21-AER_100vW_100SPD,CITFRE,CITFRE,21,Citrobacter freundii,Citrobacter freundii,CLASSE,/home/rrekikdi/Bureau/postdoc/pseudo_image/ms1_processed_11classes/Citrobacter freundii/CITFRE-21-AER_100vW_100SPD.npy
/home/rrekikdi/Bureau/postdoc/pseudo_image/images_npy_ms1/2023_01_20_Validation_LOT-27_CITBRA_CITCRO_CITFRE-100vW_zSWATH_100SPD/CITFRE-21-ANA_100vW_100SPD.npy,CITFRE-21-ANA_100vW_100SPD,CITFRE,CITFRE,21,Citrobacter freundii,Citrobacter freundii,CLASSE,/home/rrekikdi/Bureau/postdoc/pseudo_image/ms1_processed_11classes/Citrobacter freundii/CITFRE-21-ANA_100vW_100SPD.npy
/home/rrekikdi/Bureau/postdoc/pseudo_image/images_npy_ms1/2023_01_20_Validation_LOT-27_CITBRA_CITCRO_CITFRE-100vW_zSWATH_100SPD/CITFRE-60-AER_100vW_100SPD.npy,CITFRE-60-AER_100vW_100SPD,CITFRE,CITFRE,60,Citrobacter freundii,Citrobacter freundii,CLASSE,/home/rrekikdi/Bureau/postdoc/pseudo_image/ms1_processed_11classes/Citrobacter freundii/CITFRE-60-AER_100vW_100SPD.npy
/home/rrekikdi/Bureau/postdoc/pseudo_image/images_npy_ms1/2023_01_20_Validation_LOT-27_CITBRA_CITCRO_CITFRE-100vW_zSWATH_100SPD/CITFRE-60-ANA_100vW_100SPD.npy,CITFRE-60-ANA_100vW_100SPD,CITFRE,CITFRE,60,Citrobacter freundii,Citrobacter freundii,CLASSE,/home/rrekikdi/Bureau/postdoc/pseudo_image/ms1_processed_11classes/Citrobacter freundii/CITFRE-60-ANA_100vW_100SPD.npy
/home/rrekikdi/Bureau/postdoc/pseudo_image/images_npy_ms1/2023_01_20_Validation_LOT-27_CITBRA_CITCRO_CITFRE-100vW_zSWATH_100SPD/CITFRE-65-AER_100vW_100SPD.npy,CITFRE-65-AER_100vW_100SPD,CITFRE,CITFRE,65,Citrobacter freundii,Citrobacter freundii,CLASSE,/home/rrekikdi/Bureau/postdoc/pseudo_image/ms1_processed_11classes/Citrobacter freundii/CITFRE-65-AER_100vW_100SPD.npy
/home/rrekikdi/Bureau/postdoc/pseudo_image/images_npy_ms1/2023_01_20_Validation_LOT-27_CITBRA_CITCRO_CITFRE-100vW_zSWATH_100SPD/CITFRE-65-ANA_100vW_100SPD.npy,CITFRE-65-ANA_100vW_100SPD,CITFRE,CITFRE,65,Citrobacter freundii,Citrobacter freundii,CLASSE,/home/rrekikdi/Bureau/postdoc/pseudo_image/ms1_processed_11classes/Citrobacter freundii/CITFRE-65-ANA_100vW_100SPD.npy
/home/rrekikdi/Bureau/postdoc/pseudo_image/images_npy_ms1/2023_01_20_Validation_LOT-27_CITBRA_CITCRO_CITFRE-100vW_zSWATH_100SPD/CITFRE-66-AER_100vW_100SPD.npy,CITFRE-66-AER_100vW_100SPD,CITFRE,CITFRE,66,Citrobacter freundii,Citrobacter freundii,CLASSE,/home/rrekikdi/Bureau/postdoc/pseudo_image/ms1_processed_11classes/Citrobacter freundii/CITFRE-66-AER_100vW_100SPD.npy
/home/rrekikdi/Bureau/postdoc/pseudo_image/images_npy_ms1/2023_01_20_Validation_LOT-27_CITBRA_CITCRO_CITFRE-100vW_zSWATH_100SPD/CITFRE-66-ANA_100vW_100SPD.npy,CITFRE-66-ANA_100vW_100SPD,CITFRE,CITFRE,66,Citrobacter freundii,Citrobacter freundii,CLASSE,/home/rrekikdi/Bureau/postdoc/pseudo_image/ms1_processed_11classes/Citrobacter freundii/CITFRE-66-ANA_100vW_100SPD.npy
/home/rrekikdi/Bureau/postdoc/pseudo_image/images_npy_ms1/2023_01_20_Validation_LOT-27_CITBRA_CITCRO_CITFRE-100vW_zSWATH_100SPD/CITFRE-67-AER_100vW_100SPD.npy,CITFRE-67-AER_100vW_100SPD,CITFRE,CITFRE,67,Citrobacter freundii,Citrobacter freundii,CLASSE,/home/rrekikdi/Bureau/postdoc/pseudo_image/ms1_processed_11classes/Citrobacter freundii/CITFRE-67-AER_100vW_100SPD.npy
/home/rrekikdi/Bureau/postdoc/pseudo_image/images_npy_ms1/2023_01_20_Validation_LOT-27_CITBRA_CITCRO_CITFRE-100vW_zSWATH_100SPD/CITFRE-67-ANA_100vW_100SPD.npy,CITFRE-67-ANA_100vW_100SPD,CITFRE,CITFRE,67,Citrobacter freundii,Citrobacter freundii,CLASSE,/home/rrekikdi/Bureau/postdoc/pseudo_image/ms1_processed_11classes/Citrobacter freundii/CITFRE-67-ANA_100vW_100SPD.npy
/home/rrekikdi/Bureau/postdoc/pseudo_image/images_npy_ms1/2023_01_20_Validation_LOT-27_CITBRA_CITCRO_CITFRE-100vW_zSWATH_100SPD/CITFRE-68-AER_100vW_100SPD.npy,CITFRE-68-AER_100vW_100SPD,CITFRE,CITFRE,68,Citrobacter freundii,Citrobacter freundii,CLASSE,/home/rrekikdi/Bureau/postdoc/pseudo_image/ms1_processed_11classes/Citrobacter freundii/CITFRE-68-AER_100vW_100SPD.npy
/home/rrekikdi/Bureau/postdoc/pseudo_image/images_npy_ms1/2023_01_20_Validation_LOT-27_CITBRA_CITCRO_CITFRE-100vW_zSWATH_100SPD/CITFRE-68-ANA_100vW_100SPD.npy,CITFRE-68-ANA_100vW_100SPD,CITFRE,CITFRE,68,Citrobacter freundii,Citrobacter freundii,CLASSE,/home/rrekikdi/Bureau/postdoc/pseudo_image/ms1_processed_11classes/Citrobacter freundii/CITFRE-68-ANA_100vW_100SPD.npy
/home/rrekikdi/Bureau/postdoc/pseudo_image/images_npy_ms1/2023_01_20_Validation_LOT-27_CITBRA_CITCRO_CITFRE-100vW_zSWATH_100SPD/CITFRE-69-AER_100vW_100SPD.npy,CITFRE-69-AER_100vW_100SPD,CITFRE,CITFRE,69,Citrobacter freundii,Citrobacter freundii,CLASSE,/home/rrekikdi/Bureau/postdoc/pseudo_image/ms1_processed_11classes/Citrobacter freundii/CITFRE-69-AER_100vW_100SPD.npy
/home/rrekikdi/Bureau/postdoc/pseudo_image/images_npy_ms1/2023_01_20_Validation_LOT-27_CITBRA_CITCRO_CITFRE-100vW_zSWATH_100SPD/CITFRE-69-ANA_100vW_100SPD.npy,CITFRE-69-ANA_100vW_100SPD,CITFRE,CITFRE,69,Citrobacter freundii,Citrobacter freundii,CLASSE,/home/rrekikdi/Bureau/postdoc/pseudo_image/ms1_processed_11classes/Citrobacter freundii/CITFRE-69-ANA_100vW_100SPD.npy
/home/rrekikdi/Bureau/postdoc/pseudo_image/images_npy_ms1/2023_01_20_Validation_LOT-27_CITBRA_CITCRO_CITFRE-100vW_zSWATH_100SPD/CITFRE-72-AER_100vW_100SPD.npy,CITFRE-72-AER_100vW_100SPD,CITFRE,CITFRE,72,Citrobacter freundii,Citrobacter freundii,CLASSE,/home/rrekikdi/Bureau/postdoc/pseudo_image/ms1_processed_11classes/Citrobacter freundii/CITFRE-72-AER_100vW_100SPD.npy
/home/rrekikdi/Bureau/postdoc/pseudo_image/images_npy_ms1/2023_01_20_Validation_LOT-27_CITBRA_CITCRO_CITFRE-100vW_zSWATH_100SPD/CITFRE-72-ANA_100vW_100SPD.npy,CITFRE-72-ANA_100vW_100SPD,CITFRE,CITFRE,72,Citrobacter freundii,Citrobacter freundii,CLASSE,/home/rrekikdi/Bureau/postdoc/pseudo_image/ms1_processed_11classes/Citrobacter freundii/CITFRE-72-ANA_100vW_100SPD.npy
/home/rrekikdi/Bureau/postdoc/pseudo_image/images_npy_ms1/2023_01_20_Validation_LOT-27_CITBRA_CITCRO_CITFRE-100vW_zSWATH_100SPD/CITFRE-73-AER_100vW_100SPD.npy,CITFRE-73-AER_100vW_100SPD,CITFRE,CITFRE,73,Citrobacter freundii,Citrobacter freundii,CLASSE,/home/rrekikdi/Bureau/postdoc/pseudo_image/ms1_processed_11classes/Citrobacter freundii/CITFRE-73-AER_100vW_100SPD.npy
/home/rrekikdi/Bureau/postdoc/pseudo_image/images_npy_ms1/2023_01_20_Validation_LOT-27_CITBRA_CITCRO_CITFRE-100vW_zSWATH_100SPD/CITFRE-73-ANA_100vW_100SPD.npy,CITFRE-73-ANA_100vW_100SPD,CITFRE,CITFRE,73,Citrobacter freundii,Citrobacter freundii,CLASSE,/home/rrekikdi/Bureau/postdoc/pseudo_image/ms1_processed_11classes/Citrobacter freundii/CITFRE-73-ANA_100vW_100SPD.npy
/home/rrekikdi/Bureau/postdoc/pseudo_image/images_npy_ms1/2023_01_20_Validation_LOT-27_CITBRA_CITCRO_CITFRE-100vW_zSWATH_100SPD/CITFRE-74-AER_100vW_100SPD.npy,CITFRE-74-AER_100vW_100SPD,CITFRE,CITFRE,74,Citrobacter freundii,Citrobacter freundii,CLASSE,/home/rrekikdi/Bureau/postdoc/pseudo_image/ms1_processed_11classes/Citrobacter freundii/CITFRE-74-AER_100vW_100SPD.npy
/home/rrekikdi/Bureau/postdoc/pseudo_image/images_npy_ms1/2023_01_20_Validation_LOT-27_CITBRA_CITCRO_CITFRE-100vW_zSWATH_100SPD/CITFRE-74-ANA_100vW_100SPD.npy,CITFRE-74-ANA_100vW_100SPD,CITFRE,CITFRE,74,Citrobacter freundii,Citrobacter freundii,CLASSE,/home/rrekikdi/Bureau/postdoc/pseudo_image/ms1_processed_11classes/Citrobacter freundii/CITFRE-74-ANA_100vW_100SPD.npy
/home/rrekikdi/Bureau/postdoc/pseudo_image/images_npy_ms1/2023_01_20_Validation_LOT-27_CITBRA_CITCRO_CITFRE-100vW_zSWATH_100SPD/CITFRE-75-AER_100vW_100SPD.npy,CITFRE-75-AER_100vW_100SPD,CITFRE,CITFRE,75,Citrobacter freundii,Citrobacter freundii,CLASSE,/home/rrekikdi/Bureau/postdoc/pseudo_image/ms1_processed_11classes/Citrobacter freundii/CITFRE-75-AER_100vW_100SPD.npy
/home/rrekikdi/Bureau/postdoc/pseudo_image/images_npy_ms1/2023_01_20_Validation_LOT-27_CITBRA_CITCRO_CITFRE-100vW_zSWATH_100SPD/CITFRE-75-ANA_100vW_100SPD.npy,CITFRE-75-ANA_100vW_100SPD,CITFRE,CITFRE,75,Citrobacter freundii,Citrobacter freundii,CLASSE,/home/rrekikdi/Bureau/postdoc/pseudo_image/ms1_processed_11classes/Citrobacter freundii/CITFRE-75-ANA_100vW_100SPD.npy
/home/rrekikdi/Bureau/postdoc/pseudo_image/images_npy_ms1/2023_01_20_Validation_LOT-27_CITBRA_CITCRO_CITFRE-100vW_zSWATH_100SPD/CITFRE-77-AER_100vW_100SPD.npy,CITFRE-77-AER_100vW_100SPD,CITFRE,CITFRE,77,Citrobacter freundii,Citrobacter freundii,CLASSE,/home/rrekikdi/Bureau/postdoc/pseudo_image/ms1_processed_11classes/Citrobacter freundii/CITFRE-77-AER_100vW_100SPD.npy
/home/rrekikdi/Bureau/postdoc/pseudo_image/images_npy_ms1/2023_01_20_Validation_LOT-27_CITBRA_CITCRO_CITFRE-100vW_zSWATH_100SPD/CITFRE-77-ANA_100vW_100SPD.npy,CITFRE-77-ANA_100vW_100SPD,CITFRE,CITFRE,77,Citrobacter freundii,Citrobacter freundii,CLASSE,/home/rrekikdi/Bureau/postdoc/pseudo_image/ms1_processed_11classes/Citrobacter freundii/CITFRE-77-ANA_100vW_100SPD.npy
/home/rrekikdi/Bureau/postdoc/pseudo_image/images_npy_ms1/2023_01_30_Validation_LOTS-28-29_CITCRO_CITFRE_CITKOS_CITPOR_ENTASB_ENTHOR-100vW_zSWATH_zPRM_100SPD/CITFRE-19-AER_100vW_100SPD.npy,CITFRE-19-AER_100vW_100SPD,CITFRE,CITFRE,19,Citrobacter freundii,Citrobacter freundii,CLASSE,/home/rrekikdi/Bureau/postdoc/pseudo_image/ms1_processed_11classes/Citrobacter freundii/CITFRE-19-AER_100vW_100SPD.npy
/home/rrekikdi/Bureau/postdoc/pseudo_image/images_npy_ms1/2023_01_30_Validation_LOTS-28-29_CITCRO_CITFRE_CITKOS_CITPOR_ENTASB_ENTHOR-100vW_zSWATH_zPRM_100SPD/CITFRE-19-ANA_100vW_100SPD.npy,CITFRE-19-ANA_100vW_100SPD,CITFRE,CITFRE,19,Citrobacter freundii,Citrobacter freundii,CLASSE,/home/rrekikdi/Bureau/postdoc/pseudo_image/ms1_processed_11classes/Citrobacter freundii/CITFRE-19-ANA_100vW_100SPD.npy
/home/rrekikdi/Bureau/postdoc/pseudo_image/images_npy_ms1/2023_01_30_Validation_LOTS-28-29_CITCRO_CITFRE_CITKOS_CITPOR_ENTASB_ENTHOR-100vW_zSWATH_zPRM_100SPD/CITFRE-22-AER_100vW_100SPD.npy,CITFRE-22-AER_100vW_100SPD,CITFRE,CITFRE,22,Citrobacter freundii,Citrobacter freundii,CLASSE,/home/rrekikdi/Bureau/postdoc/pseudo_image/ms1_processed_11classes/Citrobacter freundii/CITFRE-22-AER_100vW_100SPD.npy
/home/rrekikdi/Bureau/postdoc/pseudo_image/images_npy_ms1/2023_01_30_Validation_LOTS-28-29_CITCRO_CITFRE_CITKOS_CITPOR_ENTASB_ENTHOR-100vW_zSWATH_zPRM_100SPD/CITFRE-22-ANA_100vW_100SPD.npy,CITFRE-22-ANA_100vW_100SPD,CITFRE,CITFRE,22,Citrobacter freundii,Citrobacter freundii,CLASSE,/home/rrekikdi/Bureau/postdoc/pseudo_image/ms1_processed_11classes/Citrobacter freundii/CITFRE-22-ANA_100vW_100SPD.npy
/home/rrekikdi/Bureau/postdoc/pseudo_image/images_npy_ms1/2023_01_30_Validation_LOTS-28-29_CITCRO_CITFRE_CITKOS_CITPOR_ENTASB_ENTHOR-100vW_zSWATH_zPRM_100SPD/CITFRE-24-AER_100vW_100SPD.npy,CITFRE-24-AER_100vW_100SPD,CITFRE,CITFRE,24,Citrobacter freundii,Citrobacter freundii,CLASSE,/home/rrekikdi/Bureau/postdoc/pseudo_image/ms1_processed_11classes/Citrobacter freundii/CITFRE-24-AER_100vW_100SPD.npy
/home/rrekikdi/Bureau/postdoc/pseudo_image/images_npy_ms1/2023_01_30_Validation_LOTS-28-29_CITCRO_CITFRE_CITKOS_CITPOR_ENTASB_ENTHOR-100vW_zSWATH_zPRM_100SPD/CITFRE-24-ANA_100vW_100SPD.npy,CITFRE-24-ANA_100vW_100SPD,CITFRE,CITFRE,24,Citrobacter freundii,Citrobacter freundii,CLASSE,/home/rrekikdi/Bureau/postdoc/pseudo_image/ms1_processed_11classes/Citrobacter freundii/CITFRE-24-ANA_100vW_100SPD.npy
/home/rrekikdi/Bureau/postdoc/pseudo_image/images_npy_ms1/2023_01_30_Validation_LOTS-28-29_CITCRO_CITFRE_CITKOS_CITPOR_ENTASB_ENTHOR-100vW_zSWATH_zPRM_100SPD/CITFRE-26-AER_100vW_100SPD.npy,CITFRE-26-AER_100vW_100SPD,CITFRE,CITFRE,26,Citrobacter freundii,Citrobacter freundii,CLASSE,/home/rrekikdi/Bureau/postdoc/pseudo_image/ms1_processed_11classes/Citrobacter freundii/CITFRE-26-AER_100vW_100SPD.npy
/home/rrekikdi/Bureau/postdoc/pseudo_image/images_npy_ms1/2023_01_30_Validation_LOTS-28-29_CITCRO_CITFRE_CITKOS_CITPOR_ENTASB_ENTHOR-100vW_zSWATH_zPRM_100SPD/CITFRE-26-ANA_100vW_100SPD.npy,CITFRE-26-ANA_100vW_100SPD,CITFRE,CITFRE,26,Citrobacter freundii,Citrobacter freundii,CLASSE,/home/rrekikdi/Bureau/postdoc/pseudo_image/ms1_processed_11classes/Citrobacter freundii/CITFRE-26-ANA_100vW_100SPD.npy
/home/rrekikdi/Bureau/postdoc/pseudo_image/images_npy_ms1/2023_01_30_Validation_LOTS-28-29_CITCRO_CITFRE_CITKOS_CITPOR_ENTASB_ENTHOR-100vW_zSWATH_zPRM_100SPD/CITFRE-27-AER_100vW_100SPD.npy,CITFRE-27-AER_100vW_100SPD,CITFRE,CITFRE,27,Citrobacter freundii,Citrobacter freundii,CLASSE,/home/rrekikdi/Bureau/postdoc/pseudo_image/ms1_processed_11classes/Citrobacter freundii/CITFRE-27-AER_100vW_100SPD.npy
/home/rrekikdi/Bureau/postdoc/pseudo_image/images_npy_ms1/2023_01_30_Validation_LOTS-28-29_CITCRO_CITFRE_CITKOS_CITPOR_ENTASB_ENTHOR-100vW_zSWATH_zPRM_100SPD/CITFRE-27-ANA_100vW_100SPD.npy,CITFRE-27-ANA_100vW_100SPD,CITFRE,CITFRE,27,Citrobacter freundii,Citrobacter freundii,CLASSE,/home/rrekikdi/Bureau/postdoc/pseudo_image/ms1_processed_11classes/Citrobacter freundii/CITFRE-27-ANA_100vW_100SPD.npy
/home/rrekikdi/Bureau/postdoc/pseudo_image/images_npy_ms1/2023_01_30_Validation_LOTS-28-29_CITCRO_CITFRE_CITKOS_CITPOR_ENTASB_ENTHOR-100vW_zSWATH_zPRM_100SPD/CITFRE-28-AER_100vW_100SPD.npy,CITFRE-28-AER_100vW_100SPD,CITFRE,CITFRE,28,Citrobacter freundii,Citrobacter freundii,CLASSE,/home/rrekikdi/Bureau/postdoc/pseudo_image/ms1_processed_11classes/Citrobacter freundii/CITFRE-28-AER_100vW_100SPD.npy
/home/rrekikdi/Bureau/postdoc/pseudo_image/images_npy_ms1/2023_01_30_Validation_LOTS-28-29_CITCRO_CITFRE_CITKOS_CITPOR_ENTASB_ENTHOR-100vW_zSWATH_zPRM_100SPD/CITFRE-28-ANA_100vW_100SPD.npy,CITFRE-28-ANA_100vW_100SPD,CITFRE,CITFRE,28,Citrobacter freundii,Citrobacter freundii,CLASSE,/home/rrekikdi/Bureau/postdoc/pseudo_image/ms1_processed_11classes/Citrobacter freundii/CITFRE-28-ANA_100vW_100SPD.npy
/home/rrekikdi/Bureau/postdoc/pseudo_image/images_npy_ms1/2023_01_30_Validation_LOTS-28-29_CITCRO_CITFRE_CITKOS_CITPOR_ENTASB_ENTHOR-100vW_zSWATH_zPRM_100SPD/CITFRE-29-AER_100vW_100SPD.npy,CITFRE-29-AER_100vW_100SPD,CITFRE,CITFRE,29,Citrobacter freundii,Citrobacter freundii,CLASSE,/home/rrekikdi/Bureau/postdoc/pseudo_image/ms1_processed_11classes/Citrobacter freundii/CITFRE-29-AER_100vW_100SPD.npy
/home/rrekikdi/Bureau/postdoc/pseudo_image/images_npy_ms1/2023_01_30_Validation_LOTS-28-29_CITCRO_CITFRE_CITKOS_CITPOR_ENTASB_ENTHOR-100vW_zSWATH_zPRM_100SPD/CITFRE-29-ANA_100vW_100SPD.npy,CITFRE-29-ANA_100vW_100SPD,CITFRE,CITFRE,29,Citrobacter freundii,Citrobacter freundii,CLASSE,/home/rrekikdi/Bureau/postdoc/pseudo_image/ms1_processed_11classes/Citrobacter freundii/CITFRE-29-ANA_100vW_100SPD.npy
/home/rrekikdi/Bureau/postdoc/pseudo_image/images_npy_ms1/2023_01_30_Validation_LOTS-28-29_CITCRO_CITFRE_CITKOS_CITPOR_ENTASB_ENTHOR-100vW_zSWATH_zPRM_100SPD/CITFRE-31-AER_100vW_100SPD.npy,CITFRE-31-AER_100vW_100SPD,CITFRE,CITFRE,31,Citrobacter freundii,Citrobacter freundii,CLASSE,/home/rrekikdi/Bureau/postdoc/pseudo_image/ms1_processed_11classes/Citrobacter freundii/CITFRE-31-AER_100vW_100SPD.npy
/home/rrekikdi/Bureau/postdoc/pseudo_image/images_npy_ms1/2023_01_30_Validation_LOTS-28-29_CITCRO_CITFRE_CITKOS_CITPOR_ENTASB_ENTHOR-100vW_zSWATH_zPRM_100SPD/CITFRE-31-ANA_100vW_100SPD.npy,CITFRE-31-ANA_100vW_100SPD,CITFRE,CITFRE,31,Citrobacter freundii,Citrobacter freundii,CLASSE,/home/rrekikdi/Bureau/postdoc/pseudo_image/ms1_processed_11classes/Citrobacter freundii/CITFRE-31-ANA_100vW_100SPD.npy
/home/rrekikdi/Bureau/postdoc/pseudo_image/images_npy_ms1/2023_01_30_Validation_LOTS-28-29_CITCRO_CITFRE_CITKOS_CITPOR_ENTASB_ENTHOR-100vW_zSWATH_zPRM_100SPD/CITFRE-33-AER_100vW_100SPD.npy,CITFRE-33-AER_100vW_100SPD,CITFRE,CITFRE,33,Citrobacter freundii,Citrobacter freundii,CLASSE,/home/rrekikdi/Bureau/postdoc/pseudo_image/ms1_processed_11classes/Citrobacter freundii/CITFRE-33-AER_100vW_100SPD.npy
/home/rrekikdi/Bureau/postdoc/pseudo_image/images_npy_ms1/2023_01_30_Validation_LOTS-28-29_CITCRO_CITFRE_CITKOS_CITPOR_ENTASB_ENTHOR-100vW_zSWATH_zPRM_100SPD/CITFRE-33-ANA_100vW_100SPD.npy,CITFRE-33-ANA_100vW_100SPD,CITFRE,CITFRE,33,Citrobacter freundii,Citrobacter freundii,CLASSE,/home/rrekikdi/Bureau/postdoc/pseudo_image/ms1_processed_11classes/Citrobacter freundii/CITFRE-33-ANA_100vW_100SPD.npy
/home/rrekikdi/Bureau/postdoc/pseudo_image/images_npy_ms1/2023_01_30_Validation_LOTS-28-29_CITCRO_CITFRE_CITKOS_CITPOR_ENTASB_ENTHOR-100vW_zSWATH_zPRM_100SPD/CITFRE-34-AER_100vW_100SPD.npy,CITFRE-34-AER_100vW_100SPD,CITFRE,CITFRE,34,Citrobacter freundii,Citrobacter freundii,CLASSE,/home/rrekikdi/Bureau/postdoc/pseudo_image/ms1_processed_11classes/Citrobacter freundii/CITFRE-34-AER_100vW_100SPD.npy
/home/rrekikdi/Bureau/postdoc/pseudo_image/images_npy_ms1/2023_01_30_Validation_LOTS-28-29_CITCRO_CITFRE_CITKOS_CITPOR_ENTASB_ENTHOR-100vW_zSWATH_zPRM_100SPD/CITFRE-34-ANA_100vW_100SPD.npy,CITFRE-34-ANA_100vW_100SPD,CITFRE,CITFRE,34,Citrobacter freundii,Citrobacter freundii,CLASSE,/home/rrekikdi/Bureau/postdoc/pseudo_image/ms1_processed_11classes/Citrobacter freundii/CITFRE-34-ANA_100vW_100SPD.npy
/home/rrekikdi/Bureau/postdoc/pseudo_image/images_npy_ms1/2023_01_30_Validation_LOTS-28-29_CITCRO_CITFRE_CITKOS_CITPOR_ENTASB_ENTHOR-100vW_zSWATH_zPRM_100SPD/CITFRE-36-AER_100vW_100SPD.npy,CITFRE-36-AER_100vW_100SPD,CITFRE,CITFRE,36,Citrobacter freundii,Citrobacter freundii,CLASSE,/home/rrekikdi/Bureau/postdoc/pseudo_image/ms1_processed_11classes/Citrobacter freundii/CITFRE-36-AER_100vW_100SPD.npy
/home/rrekikdi/Bureau/postdoc/pseudo_image/images_npy_ms1/2023_01_30_Validation_LOTS-28-29_CITCRO_CITFRE_CITKOS_CITPOR_ENTASB_ENTHOR-100vW_zSWATH_zPRM_100SPD/CITFRE-36-ANA_100vW_100SPD.npy,CITFRE-36-ANA_100vW_100SPD,CITFRE,CITFRE,36,Citrobacter freundii,Citrobacter freundii,CLASSE,/home/rrekikdi/Bureau/postdoc/pseudo_image/ms1_processed_11classes/Citrobacter freundii/CITFRE-36-ANA_100vW_100SPD.npy
/home/rrekikdi/Bureau/postdoc/pseudo_image/images_npy_ms1/2023_01_30_Validation_LOTS-28-29_CITCRO_CITFRE_CITKOS_CITPOR_ENTASB_ENTHOR-100vW_zSWATH_zPRM_100SPD/CITFRE-37-AER_100vW_100SPD.npy,CITFRE-37-AER_100vW_100SPD,CITFRE,CITFRE,37,Citrobacter freundii,Citrobacter freundii,CLASSE,/home/rrekikdi/Bureau/postdoc/pseudo_image/ms1_processed_11classes/Citrobacter freundii/CITFRE-37-AER_100vW_100SPD.npy
/home/rrekikdi/Bureau/postdoc/pseudo_image/images_npy_ms1/2023_01_30_Validation_LOTS-28-29_CITCRO_CITFRE_CITKOS_CITPOR_ENTASB_ENTHOR-100vW_zSWATH_zPRM_100SPD/CITFRE-37-ANA_100vW_100SPD.npy,CITFRE-37-ANA_100vW_100SPD,CITFRE,CITFRE,37,Citrobacter freundii,Citrobacter freundii,CLASSE,/home/rrekikdi/Bureau/postdoc/pseudo_image/ms1_processed_11classes/Citrobacter freundii/CITFRE-37-ANA_100vW_100SPD.npy
/home/rrekikdi/Bureau/postdoc/pseudo_image/images_npy_ms1/2023_01_30_Validation_LOTS-28-29_CITCRO_CITFRE_CITKOS_CITPOR_ENTASB_ENTHOR-100vW_zSWATH_zPRM_100SPD/CITFRE-40-AER_100vW_100SPD.npy,CITFRE-40-AER_100vW_100SPD,CITFRE,CITFRE,40,Citrobacter freundii,Citrobacter freundii,CLASSE,/home/rrekikdi/Bureau/postdoc/pseudo_image/ms1_processed_11classes/Citrobacter freundii/CITFRE-40-AER_100vW_100SPD.npy
/home/rrekikdi/Bureau/postdoc/pseudo_image/images_npy_ms1/2023_01_30_Validation_LOTS-28-29_CITCRO_CITFRE_CITKOS_CITPOR_ENTASB_ENTHOR-100vW_zSWATH_zPRM_100SPD/CITFRE-40-ANA_100vW_100SPD.npy,CITFRE-40-ANA_100vW_100SPD,CITFRE,CITFRE,40,Citrobacter freundii,Citrobacter freundii,CLASSE,/home/rrekikdi/Bureau/postdoc/pseudo_image/ms1_processed_11classes/Citrobacter freundii/CITFRE-40-ANA_100vW_100SPD.npy
/home/rrekikdi/Bureau/postdoc/pseudo_image/images_npy_ms1/2023_01_30_Validation_LOTS-28-29_CITCRO_CITFRE_CITKOS_CITPOR_ENTASB_ENTHOR-100vW_zSWATH_zPRM_100SPD/CITKOS-13-AER_100vW_100SPD.npy,CITKOS-13-AER_100vW_100SPD,CITKOS,CITKOS,13,Citrobacter koseri,Citrobacter koseri,CLASSE,/home/rrekikdi/Bureau/postdoc/pseudo_image/ms1_processed_11classes/Citrobacter koseri/CITKOS-13-AER_100vW_100SPD.npy
/home/rrekikdi/Bureau/postdoc/pseudo_image/images_npy_ms1/2023_01_30_Validation_LOTS-28-29_CITCRO_CITFRE_CITKOS_CITPOR_ENTASB_ENTHOR-100vW_zSWATH_zPRM_100SPD/CITKOS-13-ANA_100vW_100SPD.npy,CITKOS-13-ANA_100vW_100SPD,CITKOS,CITKOS,13,Citrobacter koseri,Citrobacter koseri,CLASSE,/home/rrekikdi/Bureau/postdoc/pseudo_image/ms1_processed_11classes/Citrobacter koseri/CITKOS-13-ANA_100vW_100SPD.npy
/home/rrekikdi/Bureau/postdoc/pseudo_image/images_npy_ms1/2023_01_30_Validation_LOTS-28-29_CITCRO_CITFRE_CITKOS_CITPOR_ENTASB_ENTHOR-100vW_zSWATH_zPRM_100SPD/CITKOS-18-AER_100vW_100SPD.npy,CITKOS-18-AER_100vW_100SPD,CITKOS,CITKOS,18,Citrobacter koseri,Citrobacter koseri,CLASSE,/home/rrekikdi/Bureau/postdoc/pseudo_image/ms1_processed_11classes/Citrobacter koseri/CITKOS-18-AER_100vW_100SPD.npy
/home/rrekikdi/Bureau/postdoc/pseudo_image/images_npy_ms1/2023_01_30_Validation_LOTS-28-29_CITCRO_CITFRE_CITKOS_CITPOR_ENTASB_ENTHOR-100vW_zSWATH_zPRM_100SPD/CITKOS-18-ANA_100vW_100SPD.npy,CITKOS-18-ANA_100vW_100SPD,CITKOS,CITKOS,18,Citrobacter koseri,Citrobacter koseri,CLASSE,/home/rrekikdi/Bureau/postdoc/pseudo_image/ms1_processed_11classes/Citrobacter koseri/CITKOS-18-ANA_100vW_100SPD.npy
/home/rrekikdi/Bureau/postdoc/pseudo_image/images_npy_ms1/2023_01_30_Validation_LOTS-28-29_CITCRO_CITFRE_CITKOS_CITPOR_ENTASB_ENTHOR-100vW_zSWATH_zPRM_100SPD/CITKOS-21-AER_100vW_100SPD.npy,CITKOS-21-AER_100vW_100SPD,CITKOS,CITKOS,21,Citrobacter koseri,Citrobacter koseri,CLASSE,/home/rrekikdi/Bureau/postdoc/pseudo_image/ms1_processed_11classes/Citrobacter koseri/CITKOS-21-AER_100vW_100SPD.npy
/home/rrekikdi/Bureau/postdoc/pseudo_image/images_npy_ms1/2023_01_30_Validation_LOTS-28-29_CITCRO_CITFRE_CITKOS_CITPOR_ENTASB_ENTHOR-100vW_zSWATH_zPRM_100SPD/CITKOS-21-ANA_100vW_100SPD.npy,CITKOS-21-ANA_100vW_100SPD,CITKOS,CITKOS,21,Citrobacter koseri,Citrobacter koseri,CLASSE,/home/rrekikdi/Bureau/postdoc/pseudo_image/ms1_processed_11classes/Citrobacter koseri/CITKOS-21-ANA_100vW_100SPD.npy
/home/rrekikdi/Bureau/postdoc/pseudo_image/images_npy_ms1/2023_01_30_Validation_LOTS-28-29_CITCRO_CITFRE_CITKOS_CITPOR_ENTASB_ENTHOR-100vW_zSWATH_zPRM_100SPD/ENTHOR-22-AER_100vW_100SPD.npy,ENTHOR-22-AER_100vW_100SPD,ENTHOR,ENTHOR,22,Enterobacter hormaechei hoffmannii,Enterobacter hormaechei,CLASSE,/home/rrekikdi/Bureau/postdoc/pseudo_image/ms1_processed_11classes/Enterobacter hormaechei/ENTHOR-22-AER_100vW_100SPD.npy
/home/rrekikdi/Bureau/postdoc/pseudo_image/images_npy_ms1/2023_01_30_Validation_LOTS-28-29_CITCRO_CITFRE_CITKOS_CITPOR_ENTASB_ENTHOR-100vW_zSWATH_zPRM_100SPD/ENTHOR-22-ANA_100vW_100SPD.npy,ENTHOR-22-ANA_100vW_100SPD,ENTHOR,ENTHOR,22,Enterobacter hormaechei hoffmannii,Enterobacter hormaechei,CLASSE,/home/rrekikdi/Bureau/postdoc/pseudo_image/ms1_processed_11classes/Enterobacter hormaechei/ENTHOR-22-ANA_100vW_100SPD.npy
/home/rrekikdi/Bureau/postdoc/pseudo_image/images_npy_ms1/2023_01_30_Validation_LOTS-28-29_CITCRO_CITFRE_CITKOS_CITPOR_ENTASB_ENTHOR-100vW_zSWATH_zPRM_100SPD/ENTHOR-25-AER_100vW_100SPD.npy,ENTHOR-25-AER_100vW_100SPD,ENTHOR,ENTHOR,25,Enterobacter hormaechei hoffmannii,Enterobacter hormaechei,CLASSE,/home/rrekikdi/Bureau/postdoc/pseudo_image/ms1_processed_11classes/Enterobacter hormaechei/ENTHOR-25-AER_100vW_100SPD.npy
/home/rrekikdi/Bureau/postdoc/pseudo_image/images_npy_ms1/2023_01_30_Validation_LOTS-28-29_CITCRO_CITFRE_CITKOS_CITPOR_ENTASB_ENTHOR-100vW_zSWATH_zPRM_100SPD/ENTHOR-25-ANA_100vW_100SPD.npy,ENTHOR-25-ANA_100vW_100SPD,ENTHOR,ENTHOR,25,Enterobacter hormaechei hoffmannii,Enterobacter hormaechei,CLASSE,/home/rrekikdi/Bureau/postdoc/pseudo_image/ms1_processed_11classes/Enterobacter hormaechei/ENTHOR-25-ANA_100vW_100SPD.npy
/home/rrekikdi/Bureau/postdoc/pseudo_image/images_npy_ms1/2023_01_30_Validation_LOTS-28-29_CITCRO_CITFRE_CITKOS_CITPOR_ENTASB_ENTHOR-100vW_zSWATH_zPRM_100SPD/ENTHOR-40-AER_100vW_100SPD.npy,ENTHOR-40-AER_100vW_100SPD,ENTHOR,ENTHOR,40,Enterobacter hormaechei steigerwaltii,Enterobacter hormaechei,CLASSE,/home/rrekikdi/Bureau/postdoc/pseudo_image/ms1_processed_11classes/Enterobacter hormaechei/ENTHOR-40-AER_100vW_100SPD.npy
/home/rrekikdi/Bureau/postdoc/pseudo_image/images_npy_ms1/2023_01_30_Validation_LOTS-28-29_CITCRO_CITFRE_CITKOS_CITPOR_ENTASB_ENTHOR-100vW_zSWATH_zPRM_100SPD/ENTHOR-40-ANA_100vW_100SPD.npy,ENTHOR-40-ANA_100vW_100SPD,ENTHOR,ENTHOR,40,Enterobacter hormaechei steigerwaltii,Enterobacter hormaechei,CLASSE,/home/rrekikdi/Bureau/postdoc/pseudo_image/ms1_processed_11classes/Enterobacter hormaechei/ENTHOR-40-ANA_100vW_100SPD.npy
/home/rrekikdi/Bureau/postdoc/pseudo_image/images_npy_ms1/2023_01_30_Validation_LOTS-28-29_CITCRO_CITFRE_CITKOS_CITPOR_ENTASB_ENTHOR-100vW_zSWATH_zPRM_100SPD/ENTHOR-41-AER_100vW_100SPD.npy,ENTHOR-41-AER_100vW_100SPD,ENTHOR,ENTHOR,41,Enterobacter hormaechei steigerwaltii,Enterobacter hormaechei,CLASSE,/home/rrekikdi/Bureau/postdoc/pseudo_image/ms1_processed_11classes/Enterobacter hormaechei/ENTHOR-41-AER_100vW_100SPD.npy
/home/rrekikdi/Bureau/postdoc/pseudo_image/images_npy_ms1/2023_01_30_Validation_LOTS-28-29_CITCRO_CITFRE_CITKOS_CITPOR_ENTASB_ENTHOR-100vW_zSWATH_zPRM_100SPD/ENTHOR-41-ANA_100vW_100SPD.npy,ENTHOR-41-ANA_100vW_100SPD,ENTHOR,ENTHOR,41,Enterobacter hormaechei steigerwaltii,Enterobacter hormaechei,CLASSE,/home/rrekikdi/Bureau/postdoc/pseudo_image/ms1_processed_11classes/Enterobacter hormaechei/ENTHOR-41-ANA_100vW_100SPD.npy
/home/rrekikdi/Bureau/postdoc/pseudo_image/images_npy_ms1/2023_01_30_Validation_LOTS-28-29_CITCRO_CITFRE_CITKOS_CITPOR_ENTASB_ENTHOR-100vW_zSWATH_zPRM_100SPD/ENTHOR-48-AER_100vW_100SPD.npy,ENTHOR-48-AER_100vW_100SPD,ENTHOR,ENTHOR,48,Enterobacter hormaechei steigerwaltii,Enterobacter hormaechei,CLASSE,/home/rrekikdi/Bureau/postdoc/pseudo_image/ms1_processed_11classes/Enterobacter hormaechei/ENTHOR-48-AER_100vW_100SPD.npy
/home/rrekikdi/Bureau/postdoc/pseudo_image/images_npy_ms1/2023_01_30_Validation_LOTS-28-29_CITCRO_CITFRE_CITKOS_CITPOR_ENTASB_ENTHOR-100vW_zSWATH_zPRM_100SPD/ENTHOR-48-ANA_100vW_100SPD.npy,ENTHOR-48-ANA_100vW_100SPD,ENTHOR,ENTHOR,48,Enterobacter hormaechei steigerwaltii,Enterobacter hormaechei,CLASSE,/home/rrekikdi/Bureau/postdoc/pseudo_image/ms1_processed_11classes/Enterobacter hormaechei/ENTHOR-48-ANA_100vW_100SPD.npy
/home/rrekikdi/Bureau/postdoc/pseudo_image/images_npy_ms1/2023_01_30_Validation_LOTS-28-29_CITCRO_CITFRE_CITKOS_CITPOR_ENTASB_ENTHOR-100vW_zSWATH_zPRM_100SPD/ENTHOR-61-AER_100vW_100SPD.npy,ENTHOR-61-AER_100vW_100SPD,ENTHOR,ENTHOR,61,Enterobacter hormaechei steigerwaltii,Enterobacter hormaechei,CLASSE,/home/rrekikdi/Bureau/postdoc/pseudo_image/ms1_processed_11classes/Enterobacter hormaechei/ENTHOR-61-AER_100vW_100SPD.npy
/home/rrekikdi/Bureau/postdoc/pseudo_image/images_npy_ms1/2023_01_30_Validation_LOTS-28-29_CITCRO_CITFRE_CITKOS_CITPOR_ENTASB_ENTHOR-100vW_zSWATH_zPRM_100SPD/ENTHOR-61-ANA_100vW_100SPD.npy,ENTHOR-61-ANA_100vW_100SPD,ENTHOR,ENTHOR,61,Enterobacter hormaechei steigerwaltii,Enterobacter hormaechei,CLASSE,/home/rrekikdi/Bureau/postdoc/pseudo_image/ms1_processed_11classes/Enterobacter hormaechei/ENTHOR-61-ANA_100vW_100SPD.npy
/home/rrekikdi/Bureau/postdoc/pseudo_image/images_npy_ms1/2023_01_30_Validation_LOTS-28-29_CITCRO_CITFRE_CITKOS_CITPOR_ENTASB_ENTHOR-100vW_zSWATH_zPRM_100SPD/ENTHOR-76-AER_100vW_100SPD.npy,ENTHOR-76-AER_100vW_100SPD,ENTHOR,ENTHOR,76,Enterobacter hormaechei xiangfangensis,Enterobacter hormaechei,CLASSE,/home/rrekikdi/Bureau/postdoc/pseudo_image/ms1_processed_11classes/Enterobacter hormaechei/ENTHOR-76-AER_100vW_100SPD.npy
/home/rrekikdi/Bureau/postdoc/pseudo_image/images_npy_ms1/2023_01_30_Validation_LOTS-28-29_CITCRO_CITFRE_CITKOS_CITPOR_ENTASB_ENTHOR-100vW_zSWATH_zPRM_100SPD/ENTHOR-76-ANA_100vW_100SPD.npy,ENTHOR-76-ANA_100vW_100SPD,ENTHOR,ENTHOR,76,Enterobacter hormaechei xiangfangensis,Enterobacter hormaechei,CLASSE,/home/rrekikdi/Bureau/postdoc/pseudo_image/ms1_processed_11classes/Enterobacter hormaechei/ENTHOR-76-ANA_100vW_100SPD.npy
/home/rrekikdi/Bureau/postdoc/pseudo_image/images_npy_ms1/2023_01_30_Validation_LOTS-28-29_CITCRO_CITFRE_CITKOS_CITPOR_ENTASB_ENTHOR-100vW_zSWATH_zPRM_100SPD/ENTHOR-86-AER_100vW_100SPD.npy,ENTHOR-86-AER_100vW_100SPD,ENTHOR,ENTHOR,86,Enterobacter hormaechei xiangfangensis,Enterobacter hormaechei,CLASSE,/home/rrekikdi/Bureau/postdoc/pseudo_image/ms1_processed_11classes/Enterobacter hormaechei/ENTHOR-86-AER_100vW_100SPD.npy
/home/rrekikdi/Bureau/postdoc/pseudo_image/images_npy_ms1/2023_01_30_Validation_LOTS-28-29_CITCRO_CITFRE_CITKOS_CITPOR_ENTASB_ENTHOR-100vW_zSWATH_zPRM_100SPD/ENTHOR-86-ANA_100vW_100SPD.npy,ENTHOR-86-ANA_100vW_100SPD,ENTHOR,ENTHOR,86,Enterobacter hormaechei xiangfangensis,Enterobacter hormaechei,CLASSE,/home/rrekikdi/Bureau/postdoc/pseudo_image/ms1_processed_11classes/Enterobacter hormaechei/ENTHOR-86-ANA_100vW_100SPD.npy
/home/rrekikdi/Bureau/postdoc/pseudo_image/images_npy_ms1/2023_01_31_Validation_LOTS-31-30-33_ALTHER_COLI_ENTASB_ENTCHE_ENTCLO_ENTCLOCO_ENTHOR_ENTKOB-100vW_zSWATH_100vW_100SPD/COLI-279-AER_100vW_100SPD.npy,COLI-279-AER_100vW_100SPD,COLI,ESCCOL,279,Escherichia coli,Escherichia coli,CLASSE (typo corrigee: COLI->ESCCOL),/home/rrekikdi/Bureau/postdoc/pseudo_image/ms1_processed_11classes/Escherichia coli/COLI-279-AER_100vW_100SPD.npy
/home/rrekikdi/Bureau/postdoc/pseudo_image/images_npy_ms1/2023_01_31_Validation_LOTS-31-30-33_ALTHER_COLI_ENTASB_ENTCHE_ENTCLO_ENTCLOCO_ENTHOR_ENTKOB-100vW_zSWATH_100vW_100SPD/COLI-279-ANA_100vW_100SPD.npy,COLI-279-ANA_100vW_100SPD,COLI,ESCCOL,279,Escherichia coli,Escherichia coli,CLASSE (typo corrigee: COLI->ESCCOL),/home/rrekikdi/Bureau/postdoc/pseudo_image/ms1_processed_11classes/Escherichia coli/COLI-279-ANA_100vW_100SPD.npy
/home/rrekikdi/Bureau/postdoc/pseudo_image/images_npy_ms1/2023_01_31_Validation_LOTS-31-30-33_ALTHER_COLI_ENTASB_ENTCHE_ENTCLO_ENTCLOCO_ENTHOR_ENTKOB-100vW_zSWATH_100vW_100SPD/COLI-282-AER_100vW_100SPD.npy,COLI-282-AER_100vW_100SPD,COLI,ESCCOL,282,Escherichia coli,Escherichia coli,CLASSE (typo corrigee: COLI->ESCCOL),/home/rrekikdi/Bureau/postdoc/pseudo_image/ms1_processed_11classes/Escherichia coli/COLI-282-AER_100vW_100SPD.npy
/home/rrekikdi/Bureau/postdoc/pseudo_image/images_npy_ms1/2023_01_31_Validation_LOTS-31-30-33_ALTHER_COLI_ENTASB_ENTCHE_ENTCLO_ENTCLOCO_ENTHOR_ENTKOB-100vW_zSWATH_100vW_100SPD/COLI-282-ANA_100vW_100SPD.npy,COLI-282-ANA_100vW_100SPD,COLI,ESCCOL,282,Escherichia coli,Escherichia coli,CLASSE (typo corrigee: COLI->ESCCOL),/home/rrekikdi/Bureau/postdoc/pseudo_image/ms1_processed_11classes/Escherichia coli/COLI-282-ANA_100vW_100SPD.npy
/home/rrekikdi/Bureau/postdoc/pseudo_image/images_npy_ms1/2023_01_31_Validation_LOTS-31-30-33_ALTHER_COLI_ENTASB_ENTCHE_ENTCLO_ENTCLOCO_ENTHOR_ENTKOB-100vW_zSWATH_100vW_100SPD/COLI-67-AER_100vW_100SPD.npy,COLI-67-AER_100vW_100SPD,COLI,ESCCOL,67,,Escherichia coli,"CLASSE (sample_nb absent du excel, classe par code seul)",/home/rrekikdi/Bureau/postdoc/pseudo_image/ms1_processed_11classes/Escherichia coli/COLI-67-AER_100vW_100SPD.npy
/home/rrekikdi/Bureau/postdoc/pseudo_image/images_npy_ms1/2023_01_31_Validation_LOTS-31-30-33_ALTHER_COLI_ENTASB_ENTCHE_ENTCLO_ENTCLOCO_ENTHOR_ENTKOB-100vW_zSWATH_100vW_100SPD/COLI-67-ANA_100vW_100SPD.npy,COLI-67-ANA_100vW_100SPD,COLI,ESCCOL,67,,Escherichia coli,"CLASSE (sample_nb absent du excel, classe par code seul)",/home/rrekikdi/Bureau/postdoc/pseudo_image/ms1_processed_11classes/Escherichia coli/COLI-67-ANA_100vW_100SPD.npy
/home/rrekikdi/Bureau/postdoc/pseudo_image/images_npy_ms1/2023_01_31_Validation_LOTS-31-30-33_ALTHER_COLI_ENTASB_ENTCHE_ENTCLO_ENTCLOCO_ENTHOR_ENTKOB-100vW_zSWATH_100vW_100SPD/COLI-75-AER_100vW_100SPD.npy,COLI-75-AER_100vW_100SPD,COLI,ESCCOL,75,Escherichia coli,Escherichia coli,CLASSE (typo corrigee: COLI->ESCCOL),/home/rrekikdi/Bureau/postdoc/pseudo_image/ms1_processed_11classes/Escherichia coli/COLI-75-AER_100vW_100SPD.npy
/home/rrekikdi/Bureau/postdoc/pseudo_image/images_npy_ms1/2023_01_31_Validation_LOTS-31-30-33_ALTHER_COLI_ENTASB_ENTCHE_ENTCLO_ENTCLOCO_ENTHOR_ENTKOB-100vW_zSWATH_100vW_100SPD/COLI-75-ANA_100vW_100SPD.npy,COLI-75-ANA_100vW_100SPD,COLI,ESCCOL,75,Escherichia coli,Escherichia coli,CLASSE (typo corrigee: COLI->ESCCOL),/home/rrekikdi/Bureau/postdoc/pseudo_image/ms1_processed_11classes/Escherichia coli/COLI-75-ANA_100vW_100SPD.npy
/home/rrekikdi/Bureau/postdoc/pseudo_image/images_npy_ms1/2023_01_31_Validation_LOTS-31-30-33_ALTHER_COLI_ENTASB_ENTCHE_ENTCLO_ENTCLOCO_ENTHOR_ENTKOB-100vW_zSWATH_100vW_100SPD/COLI-76-AER_100vW_100SPD.npy,COLI-76-AER_100vW_100SPD,COLI,ESCCOL,76,Escherichia coli,Escherichia coli,CLASSE (typo corrigee: COLI->ESCCOL),/home/rrekikdi/Bureau/postdoc/pseudo_image/ms1_processed_11classes/Escherichia coli/COLI-76-AER_100vW_100SPD.npy
/home/rrekikdi/Bureau/postdoc/pseudo_image/images_npy_ms1/2023_01_31_Validation_LOTS-31-30-33_ALTHER_COLI_ENTASB_ENTCHE_ENTCLO_ENTCLOCO_ENTHOR_ENTKOB-100vW_zSWATH_100vW_100SPD/COLI-76-ANA_100vW_100SPD.npy,COLI-76-ANA_100vW_100SPD,COLI,ESCCOL,76,Escherichia coli,Escherichia coli,CLASSE (typo corrigee: COLI->ESCCOL),/home/rrekikdi/Bureau/postdoc/pseudo_image/ms1_processed_11classes/Escherichia coli/COLI-76-ANA_100vW_100SPD.npy
/home/rrekikdi/Bureau/postdoc/pseudo_image/images_npy_ms1/2023_01_31_Validation_LOTS-31-30-33_ALTHER_COLI_ENTASB_ENTCHE_ENTCLO_ENTCLOCO_ENTHOR_ENTKOB-100vW_zSWATH_100vW_100SPD/COLI-77-AER_100vW_100SPD.npy,COLI-77-AER_100vW_100SPD,COLI,ESCCOL,77,Escherichia coli,Escherichia coli,CLASSE (typo corrigee: COLI->ESCCOL),/home/rrekikdi/Bureau/postdoc/pseudo_image/ms1_processed_11classes/Escherichia coli/COLI-77-AER_100vW_100SPD.npy
/home/rrekikdi/Bureau/postdoc/pseudo_image/images_npy_ms1/2023_01_31_Validation_LOTS-31-30-33_ALTHER_COLI_ENTASB_ENTCHE_ENTCLO_ENTCLOCO_ENTHOR_ENTKOB-100vW_zSWATH_100vW_100SPD/COLI-77-ANA_100vW_100SPD.npy,COLI-77-ANA_100vW_100SPD,COLI,ESCCOL,77,Escherichia coli,Escherichia coli,CLASSE (typo corrigee: COLI->ESCCOL),/home/rrekikdi/Bureau/postdoc/pseudo_image/ms1_processed_11classes/Escherichia coli/COLI-77-ANA_100vW_100SPD.npy
/home/rrekikdi/Bureau/postdoc/pseudo_image/images_npy_ms1/2023_01_31_Validation_LOTS-31-30-33_ALTHER_COLI_ENTASB_ENTCHE_ENTCLO_ENTCLOCO_ENTHOR_ENTKOB-100vW_zSWATH_100vW_100SPD/COLI-82-AER_100vW_100SPD.npy,COLI-82-AER_100vW_100SPD,COLI,ESCCOL,82,,Escherichia coli,"CLASSE (sample_nb absent du excel, classe par code seul)",/home/rrekikdi/Bureau/postdoc/pseudo_image/ms1_processed_11classes/Escherichia coli/COLI-82-AER_100vW_100SPD.npy
/home/rrekikdi/Bureau/postdoc/pseudo_image/images_npy_ms1/2023_01_31_Validation_LOTS-31-30-33_ALTHER_COLI_ENTASB_ENTCHE_ENTCLO_ENTCLOCO_ENTHOR_ENTKOB-100vW_zSWATH_100vW_100SPD/COLI-82-ANA_100vW_100SPD.npy,COLI-82-ANA_100vW_100SPD,COLI,ESCCOL,82,,Escherichia coli,"CLASSE (sample_nb absent du excel, classe par code seul)",/home/rrekikdi/Bureau/postdoc/pseudo_image/ms1_processed_11classes/Escherichia coli/COLI-82-ANA_100vW_100SPD.npy
/home/rrekikdi/Bureau/postdoc/pseudo_image/images_npy_ms1/2023_01_31_Validation_LOTS-31-30-33_ALTHER_COLI_ENTASB_ENTCHE_ENTCLO_ENTCLOCO_ENTHOR_ENTKOB-100vW_zSWATH_100vW_100SPD/ENTHOR-10-AER_100vW_100SPD.npy,ENTHOR-10-AER_100vW_100SPD,ENTHOR,ENTHOR,10,Enterobacter hormaechei hoffmannii,Enterobacter hormaechei,CLASSE,/home/rrekikdi/Bureau/postdoc/pseudo_image/ms1_processed_11classes/Enterobacter hormaechei/ENTHOR-10-AER_100vW_100SPD.npy
/home/rrekikdi/Bureau/postdoc/pseudo_image/images_npy_ms1/2023_01_31_Validation_LOTS-31-30-33_ALTHER_COLI_ENTASB_ENTCHE_ENTCLO_ENTCLOCO_ENTHOR_ENTKOB-100vW_zSWATH_100vW_100SPD/ENTHOR-10-ANA_100vW_100SPD.npy,ENTHOR-10-ANA_100vW_100SPD,ENTHOR,ENTHOR,10,Enterobacter hormaechei hoffmannii,Enterobacter hormaechei,CLASSE,/home/rrekikdi/Bureau/postdoc/pseudo_image/ms1_processed_11classes/Enterobacter hormaechei/ENTHOR-10-ANA_100vW_100SPD.npy
/home/rrekikdi/Bureau/postdoc/pseudo_image/images_npy_ms1/2023_01_31_Validation_LOTS-31-30-33_ALTHER_COLI_ENTASB_ENTCHE_ENTCLO_ENTCLOCO_ENTHOR_ENTKOB-100vW_zSWATH_100vW_100SPD/ENTHOR-11-AER_100vW_100SPD.npy,ENTHOR-11-AER_100vW_100SPD,ENTHOR,ENTHOR,11,Enterobacter hormaechei hoffmannii,Enterobacter hormaechei,CLASSE,/home/rrekikdi/Bureau/postdoc/pseudo_image/ms1_processed_11classes/Enterobacter hormaechei/ENTHOR-11-AER_100vW_100SPD.npy
/home/rrekikdi/Bureau/postdoc/pseudo_image/images_npy_ms1/2023_01_31_Validation_LOTS-31-30-33_ALTHER_COLI_ENTASB_ENTCHE_ENTCLO_ENTCLOCO_ENTHOR_ENTKOB-100vW_zSWATH_100vW_100SPD/ENTHOR-11-ANA_100vW_100SPD.npy,ENTHOR-11-ANA_100vW_100SPD,ENTHOR,ENTHOR,11,Enterobacter hormaechei hoffmannii,Enterobacter hormaechei,CLASSE,/home/rrekikdi/Bureau/postdoc/pseudo_image/ms1_processed_11classes/Enterobacter hormaechei/ENTHOR-11-ANA_100vW_100SPD.npy
/home/rrekikdi/Bureau/postdoc/pseudo_image/images_npy_ms1/2023_01_31_Validation_LOTS-31-30-33_ALTHER_COLI_ENTASB_ENTCHE_ENTCLO_ENTCLOCO_ENTHOR_ENTKOB-100vW_zSWATH_100vW_100SPD/ENTHOR-13-AER_100vW_100SPD.npy,ENTHOR-13-AER_100vW_100SPD,ENTHOR,ENTHOR,13,Enterobacter hormaechei hoffmannii,Enterobacter hormaechei,CLASSE,/home/rrekikdi/Bureau/postdoc/pseudo_image/ms1_processed_11classes/Enterobacter hormaechei/ENTHOR-13-AER_100vW_100SPD.npy
/home/rrekikdi/Bureau/postdoc/pseudo_image/images_npy_ms1/2023_01_31_Validation_LOTS-31-30-33_ALTHER_COLI_ENTASB_ENTCHE_ENTCLO_ENTCLOCO_ENTHOR_ENTKOB-100vW_zSWATH_100vW_100SPD/ENTHOR-13-ANA_100vW_100SPD.npy,ENTHOR-13-ANA_100vW_100SPD,ENTHOR,ENTHOR,13,Enterobacter hormaechei hoffmannii,Enterobacter hormaechei,CLASSE,/home/rrekikdi/Bureau/postdoc/pseudo_image/ms1_processed_11classes/Enterobacter hormaechei/ENTHOR-13-ANA_100vW_100SPD.npy
/home/rrekikdi/Bureau/postdoc/pseudo_image/images_npy_ms1/2023_01_31_Validation_LOTS-31-30-33_ALTHER_COLI_ENTASB_ENTCHE_ENTCLO_ENTCLOCO_ENTHOR_ENTKOB-100vW_zSWATH_100vW_100SPD/ENTHOR-15-AER_100vW_100SPD.npy,ENTHOR-15-AER_100vW_100SPD,ENTHOR,ENTHOR,15,Enterobacter hormaechei hoffmannii,Enterobacter hormaechei,CLASSE,/home/rrekikdi/Bureau/postdoc/pseudo_image/ms1_processed_11classes/Enterobacter hormaechei/ENTHOR-15-AER_100vW_100SPD.npy
/home/rrekikdi/Bureau/postdoc/pseudo_image/images_npy_ms1/2023_01_31_Validation_LOTS-31-30-33_ALTHER_COLI_ENTASB_ENTCHE_ENTCLO_ENTCLOCO_ENTHOR_ENTKOB-100vW_zSWATH_100vW_100SPD/ENTHOR-15-ANA_100vW_100SPD.npy,ENTHOR-15-ANA_100vW_100SPD,ENTHOR,ENTHOR,15,Enterobacter hormaechei hoffmannii,Enterobacter hormaechei,CLASSE,/home/rrekikdi/Bureau/postdoc/pseudo_image/ms1_processed_11classes/Enterobacter hormaechei/ENTHOR-15-ANA_100vW_100SPD.npy
/home/rrekikdi/Bureau/postdoc/pseudo_image/images_npy_ms1/2023_01_31_Validation_LOTS-31-30-33_ALTHER_COLI_ENTASB_ENTCHE_ENTCLO_ENTCLOCO_ENTHOR_ENTKOB-100vW_zSWATH_100vW_100SPD/ENTHOR-18-AER_100vW_100SPD.npy,ENTHOR-18-AER_100vW_100SPD,ENTHOR,ENTHOR,18,Enterobacter hormaechei hoffmannii,Enterobacter hormaechei,CLASSE,/home/rrekikdi/Bureau/postdoc/pseudo_image/ms1_processed_11classes/Enterobacter hormaechei/ENTHOR-18-AER_100vW_100SPD.npy
/home/rrekikdi/Bureau/postdoc/pseudo_image/images_npy_ms1/2023_01_31_Validation_LOTS-31-30-33_ALTHER_COLI_ENTASB_ENTCHE_ENTCLO_ENTCLOCO_ENTHOR_ENTKOB-100vW_zSWATH_100vW_100SPD/ENTHOR-18-ANA_100vW_100SPD.npy,ENTHOR-18-ANA_100vW_100SPD,ENTHOR,ENTHOR,18,Enterobacter hormaechei hoffmannii,Enterobacter hormaechei,CLASSE,/home/rrekikdi/Bureau/postdoc/pseudo_image/ms1_processed_11classes/Enterobacter hormaechei/ENTHOR-18-ANA_100vW_100SPD.npy
/home/rrekikdi/Bureau/postdoc/pseudo_image/images_npy_ms1/2023_01_31_Validation_LOTS-31-30-33_ALTHER_COLI_ENTASB_ENTCHE_ENTCLO_ENTCLOCO_ENTHOR_ENTKOB-100vW_zSWATH_100vW_100SPD/ENTHOR-21-AER_100vW_100SPD.npy,ENTHOR-21-AER_100vW_100SPD,ENTHOR,ENTHOR,21,Enterobacter hormaechei hoffmannii,Enterobacter hormaechei,CLASSE,/home/rrekikdi/Bureau/postdoc/pseudo_image/ms1_processed_11classes/Enterobacter hormaechei/ENTHOR-21-AER_100vW_100SPD.npy
/home/rrekikdi/Bureau/postdoc/pseudo_image/images_npy_ms1/2023_01_31_Validation_LOTS-31-30-33_ALTHER_COLI_ENTASB_ENTCHE_ENTCLO_ENTCLOCO_ENTHOR_ENTKOB-100vW_zSWATH_100vW_100SPD/ENTHOR-21-ANA_100vW_100SPD.npy,ENTHOR-21-ANA_100vW_100SPD,ENTHOR,ENTHOR,21,Enterobacter hormaechei hoffmannii,Enterobacter hormaechei,CLASSE,/home/rrekikdi/Bureau/postdoc/pseudo_image/ms1_processed_11classes/Enterobacter hormaechei/ENTHOR-21-ANA_100vW_100SPD.npy
/home/rrekikdi/Bureau/postdoc/pseudo_image/images_npy_ms1/2023_01_31_Validation_LOTS-31-30-33_ALTHER_COLI_ENTASB_ENTCHE_ENTCLO_ENTCLOCO_ENTHOR_ENTKOB-100vW_zSWATH_100vW_100SPD/ENTHOR-32-AER_100vW_100SPD.npy,ENTHOR-32-AER_100vW_100SPD,ENTHOR,ENTHOR,32,Enterobacter hormaechei oharae,Enterobacter hormaechei,CLASSE,/home/rrekikdi/Bureau/postdoc/pseudo_image/ms1_processed_11classes/Enterobacter hormaechei/ENTHOR-32-AER_100vW_100SPD.npy
/home/rrekikdi/Bureau/postdoc/pseudo_image/images_npy_ms1/2023_01_31_Validation_LOTS-31-30-33_ALTHER_COLI_ENTASB_ENTCHE_ENTCLO_ENTCLOCO_ENTHOR_ENTKOB-100vW_zSWATH_100vW_100SPD/ENTHOR-32-ANA_100vW_100SPD.npy,ENTHOR-32-ANA_100vW_100SPD,ENTHOR,ENTHOR,32,Enterobacter hormaechei oharae,Enterobacter hormaechei,CLASSE,/home/rrekikdi/Bureau/postdoc/pseudo_image/ms1_processed_11classes/Enterobacter hormaechei/ENTHOR-32-ANA_100vW_100SPD.npy
/home/rrekikdi/Bureau/postdoc/pseudo_image/images_npy_ms1/2023_01_31_Validation_LOTS-31-30-33_ALTHER_COLI_ENTASB_ENTCHE_ENTCLO_ENTCLOCO_ENTHOR_ENTKOB-100vW_zSWATH_100vW_100SPD/ENTHOR-36-AER_100vW_100SPD.npy,ENTHOR-36-AER_100vW_100SPD,ENTHOR,ENTHOR,36,Enterobacter hormaechei oharae,Enterobacter hormaechei,CLASSE,/home/rrekikdi/Bureau/postdoc/pseudo_image/ms1_processed_11classes/Enterobacter hormaechei/ENTHOR-36-AER_100vW_100SPD.npy
/home/rrekikdi/Bureau/postdoc/pseudo_image/images_npy_ms1/2023_01_31_Validation_LOTS-31-30-33_ALTHER_COLI_ENTASB_ENTCHE_ENTCLO_ENTCLOCO_ENTHOR_ENTKOB-100vW_zSWATH_100vW_100SPD/ENTHOR-36-ANA_100vW_100SPD.npy,ENTHOR-36-ANA_100vW_100SPD,ENTHOR,ENTHOR,36,Enterobacter hormaechei oharae,Enterobacter hormaechei,CLASSE,/home/rrekikdi/Bureau/postdoc/pseudo_image/ms1_processed_11classes/Enterobacter hormaechei/ENTHOR-36-ANA_100vW_100SPD.npy
/home/rrekikdi/Bureau/postdoc/pseudo_image/images_npy_ms1/2023_01_31_Validation_LOTS-31-30-33_ALTHER_COLI_ENTASB_ENTCHE_ENTCLO_ENTCLOCO_ENTHOR_ENTKOB-100vW_zSWATH_100vW_100SPD/ENTHOR-42-AER_100vW_100SPD.npy,ENTHOR-42-AER_100vW_100SPD,ENTHOR,ENTHOR,42,Enterobacter hormaechei steigerwaltii,Enterobacter hormaechei,CLASSE,/home/rrekikdi/Bureau/postdoc/pseudo_image/ms1_processed_11classes/Enterobacter hormaechei/ENTHOR-42-AER_100vW_100SPD.npy
/home/rrekikdi/Bureau/postdoc/pseudo_image/images_npy_ms1/2023_01_31_Validation_LOTS-31-30-33_ALTHER_COLI_ENTASB_ENTCHE_ENTCLO_ENTCLOCO_ENTHOR_ENTKOB-100vW_zSWATH_100vW_100SPD/ENTHOR-42-ANA_100vW_100SPD.npy,ENTHOR-42-ANA_100vW_100SPD,ENTHOR,ENTHOR,42,Enterobacter hormaechei steigerwaltii,Enterobacter hormaechei,CLASSE,/home/rrekikdi/Bureau/postdoc/pseudo_image/ms1_processed_11classes/Enterobacter hormaechei/ENTHOR-42-ANA_100vW_100SPD.npy
/home/rrekikdi/Bureau/postdoc/pseudo_image/images_npy_ms1/2023_01_31_Validation_LOTS-31-30-33_ALTHER_COLI_ENTASB_ENTCHE_ENTCLO_ENTCLOCO_ENTHOR_ENTKOB-100vW_zSWATH_100vW_100SPD/ENTHOR-43-AER_100vW_100SPD.npy,ENTHOR-43-AER_100vW_100SPD,ENTHOR,ENTHOR,43,Enterobacter hormaechei steigerwaltii,Enterobacter hormaechei,CLASSE,/home/rrekikdi/Bureau/postdoc/pseudo_image/ms1_processed_11classes/Enterobacter hormaechei/ENTHOR-43-AER_100vW_100SPD.npy
/home/rrekikdi/Bureau/postdoc/pseudo_image/images_npy_ms1/2023_01_31_Validation_LOTS-31-30-33_ALTHER_COLI_ENTASB_ENTCHE_ENTCLO_ENTCLOCO_ENTHOR_ENTKOB-100vW_zSWATH_100vW_100SPD/ENTHOR-43-ANA_100vW_100SPD.npy,ENTHOR-43-ANA_100vW_100SPD,ENTHOR,ENTHOR,43,Enterobacter hormaechei steigerwaltii,Enterobacter hormaechei,CLASSE,/home/rrekikdi/Bureau/postdoc/pseudo_image/ms1_processed_11classes/Enterobacter hormaechei/ENTHOR-43-ANA_100vW_100SPD.npy
/home/rrekikdi/Bureau/postdoc/pseudo_image/images_npy_ms1/2023_01_31_Validation_LOTS-31-30-33_ALTHER_COLI_ENTASB_ENTCHE_ENTCLO_ENTCLOCO_ENTHOR_ENTKOB-100vW_zSWATH_100vW_100SPD/ENTHOR-44-AER_100vW_100SPD.npy,ENTHOR-44-AER_100vW_100SPD,ENTHOR,ENTHOR,44,Enterobacter hormaechei steigerwaltii,Enterobacter hormaechei,CLASSE,/home/rrekikdi/Bureau/postdoc/pseudo_image/ms1_processed_11classes/Enterobacter hormaechei/ENTHOR-44-AER_100vW_100SPD.npy
/home/rrekikdi/Bureau/postdoc/pseudo_image/images_npy_ms1/2023_01_31_Validation_LOTS-31-30-33_ALTHER_COLI_ENTASB_ENTCHE_ENTCLO_ENTCLOCO_ENTHOR_ENTKOB-100vW_zSWATH_100vW_100SPD/ENTHOR-44-ANA_100vW_100SPD.npy,ENTHOR-44-ANA_100vW_100SPD,ENTHOR,ENTHOR,44,Enterobacter hormaechei steigerwaltii,Enterobacter hormaechei,CLASSE,/home/rrekikdi/Bureau/postdoc/pseudo_image/ms1_processed_11classes/Enterobacter hormaechei/ENTHOR-44-ANA_100vW_100SPD.npy
/home/rrekikdi/Bureau/postdoc/pseudo_image/images_npy_ms1/2023_01_31_Validation_LOTS-31-30-33_ALTHER_COLI_ENTASB_ENTCHE_ENTCLO_ENTCLOCO_ENTHOR_ENTKOB-100vW_zSWATH_100vW_100SPD/ENTHOR-45-AER_100vW_100SPD.npy,ENTHOR-45-AER_100vW_100SPD,ENTHOR,ENTHOR,45,Enterobacter hormaechei steigerwaltii,Enterobacter hormaechei,CLASSE,/home/rrekikdi/Bureau/postdoc/pseudo_image/ms1_processed_11classes/Enterobacter hormaechei/ENTHOR-45-AER_100vW_100SPD.npy
/home/rrekikdi/Bureau/postdoc/pseudo_image/images_npy_ms1/2023_01_31_Validation_LOTS-31-30-33_ALTHER_COLI_ENTASB_ENTCHE_ENTCLO_ENTCLOCO_ENTHOR_ENTKOB-100vW_zSWATH_100vW_100SPD/ENTHOR-45-ANA_100vW_100SPD.npy,ENTHOR-45-ANA_100vW_100SPD,ENTHOR,ENTHOR,45,Enterobacter hormaechei steigerwaltii,Enterobacter hormaechei,CLASSE,/home/rrekikdi/Bureau/postdoc/pseudo_image/ms1_processed_11classes/Enterobacter hormaechei/ENTHOR-45-ANA_100vW_100SPD.npy
/home/rrekikdi/Bureau/postdoc/pseudo_image/images_npy_ms1/2023_01_31_Validation_LOTS-31-30-33_ALTHER_COLI_ENTASB_ENTCHE_ENTCLO_ENTCLOCO_ENTHOR_ENTKOB-100vW_zSWATH_100vW_100SPD/ENTHOR-46-AER_100vW_100SPD.npy,ENTHOR-46-AER_100vW_100SPD,ENTHOR,ENTHOR,46,Enterobacter hormaechei steigerwaltii,Enterobacter hormaechei,CLASSE,/home/rrekikdi/Bureau/postdoc/pseudo_image/ms1_processed_11classes/Enterobacter hormaechei/ENTHOR-46-AER_100vW_100SPD.npy
/home/rrekikdi/Bureau/postdoc/pseudo_image/images_npy_ms1/2023_01_31_Validation_LOTS-31-30-33_ALTHER_COLI_ENTASB_ENTCHE_ENTCLO_ENTCLOCO_ENTHOR_ENTKOB-100vW_zSWATH_100vW_100SPD/ENTHOR-46-ANA_100vW_100SPD.npy,ENTHOR-46-ANA_100vW_100SPD,ENTHOR,ENTHOR,46,Enterobacter hormaechei steigerwaltii,Enterobacter hormaechei,CLASSE,/home/rrekikdi/Bureau/postdoc/pseudo_image/ms1_processed_11classes/Enterobacter hormaechei/ENTHOR-46-ANA_100vW_100SPD.npy
/home/rrekikdi/Bureau/postdoc/pseudo_image/images_npy_ms1/2023_01_31_Validation_LOTS-31-30-33_ALTHER_COLI_ENTASB_ENTCHE_ENTCLO_ENTCLOCO_ENTHOR_ENTKOB-100vW_zSWATH_100vW_100SPD/ENTHOR-64-AER_100vW_100SPD.npy,ENTHOR-64-AER_100vW_100SPD,ENTHOR,ENTHOR,64,Enterobacter hormaechei steigerwaltii,Enterobacter hormaechei,CLASSE,/home/rrekikdi/Bureau/postdoc/pseudo_image/ms1_processed_11classes/Enterobacter hormaechei/ENTHOR-64-AER_100vW_100SPD.npy
/home/rrekikdi/Bureau/postdoc/pseudo_image/images_npy_ms1/2023_01_31_Validation_LOTS-31-30-33_ALTHER_COLI_ENTASB_ENTCHE_ENTCLO_ENTCLOCO_ENTHOR_ENTKOB-100vW_zSWATH_100vW_100SPD/ENTHOR-64-ANA_100vW_100SPD.npy,ENTHOR-64-ANA_100vW_100SPD,ENTHOR,ENTHOR,64,Enterobacter hormaechei steigerwaltii,Enterobacter hormaechei,CLASSE,/home/rrekikdi/Bureau/postdoc/pseudo_image/ms1_processed_11classes/Enterobacter hormaechei/ENTHOR-64-ANA_100vW_100SPD.npy
/home/rrekikdi/Bureau/postdoc/pseudo_image/images_npy_ms1/2023_01_31_Validation_LOTS-31-30-33_ALTHER_COLI_ENTASB_ENTCHE_ENTCLO_ENTCLOCO_ENTHOR_ENTKOB-100vW_zSWATH_100vW_100SPD/ENTHOR-66-AER_100vW_100SPD.npy,ENTHOR-66-AER_100vW_100SPD,ENTHOR,ENTHOR,66,Enterobacter hormaechei steigerwaltii,Enterobacter hormaechei,CLASSE,/home/rrekikdi/Bureau/postdoc/pseudo_image/ms1_processed_11classes/Enterobacter hormaechei/ENTHOR-66-AER_100vW_100SPD.npy
/home/rrekikdi/Bureau/postdoc/pseudo_image/images_npy_ms1/2023_01_31_Validation_LOTS-31-30-33_ALTHER_COLI_ENTASB_ENTCHE_ENTCLO_ENTCLOCO_ENTHOR_ENTKOB-100vW_zSWATH_100vW_100SPD/ENTHOR-66-ANA_100vW_100SPD.npy,ENTHOR-66-ANA_100vW_100SPD,ENTHOR,ENTHOR,66,Enterobacter hormaechei steigerwaltii,Enterobacter hormaechei,CLASSE,/home/rrekikdi/Bureau/postdoc/pseudo_image/ms1_processed_11classes/Enterobacter hormaechei/ENTHOR-66-ANA_100vW_100SPD.npy
/home/rrekikdi/Bureau/postdoc/pseudo_image/images_npy_ms1/2023_01_31_Validation_LOTS-31-30-33_ALTHER_COLI_ENTASB_ENTCHE_ENTCLO_ENTCLOCO_ENTHOR_ENTKOB-100vW_zSWATH_100vW_100SPD/ENTHOR-67-AER_100vW_100SPD.npy,ENTHOR-67-AER_100vW_100SPD,ENTHOR,ENTHOR,67,Enterobacter hormaechei steigerwaltii,Enterobacter hormaechei,CLASSE,/home/rrekikdi/Bureau/postdoc/pseudo_image/ms1_processed_11classes/Enterobacter hormaechei/ENTHOR-67-AER_100vW_100SPD.npy
/home/rrekikdi/Bureau/postdoc/pseudo_image/images_npy_ms1/2023_01_31_Validation_LOTS-31-30-33_ALTHER_COLI_ENTASB_ENTCHE_ENTCLO_ENTCLOCO_ENTHOR_ENTKOB-100vW_zSWATH_100vW_100SPD/ENTHOR-67-ANA_100vW_100SPD.npy,ENTHOR-67-ANA_100vW_100SPD,ENTHOR,ENTHOR,67,Enterobacter hormaechei steigerwaltii,Enterobacter hormaechei,CLASSE,/home/rrekikdi/Bureau/postdoc/pseudo_image/ms1_processed_11classes/Enterobacter hormaechei/ENTHOR-67-ANA_100vW_100SPD.npy
/home/rrekikdi/Bureau/postdoc/pseudo_image/images_npy_ms1/2023_01_31_Validation_LOTS-31-30-33_ALTHER_COLI_ENTASB_ENTCHE_ENTCLO_ENTCLOCO_ENTHOR_ENTKOB-100vW_zSWATH_100vW_100SPD/ENTHOR-68-AER_100vW_100SPD.npy,ENTHOR-68-AER_100vW_100SPD,ENTHOR,ENTHOR,68,Enterobacter hormaechei xiangfangensis,Enterobacter hormaechei,CLASSE,/home/rrekikdi/Bureau/postdoc/pseudo_image/ms1_processed_11classes/Enterobacter hormaechei/ENTHOR-68-AER_100vW_100SPD.npy
/home/rrekikdi/Bureau/postdoc/pseudo_image/images_npy_ms1/2023_01_31_Validation_LOTS-31-30-33_ALTHER_COLI_ENTASB_ENTCHE_ENTCLO_ENTCLOCO_ENTHOR_ENTKOB-100vW_zSWATH_100vW_100SPD/ENTHOR-68-ANA_100vW_100SPD.npy,ENTHOR-68-ANA_100vW_100SPD,ENTHOR,ENTHOR,68,Enterobacter hormaechei xiangfangensis,Enterobacter hormaechei,CLASSE,/home/rrekikdi/Bureau/postdoc/pseudo_image/ms1_processed_11classes/Enterobacter hormaechei/ENTHOR-68-ANA_100vW_100SPD.npy
/home/rrekikdi/Bureau/postdoc/pseudo_image/images_npy_ms1/2023_01_31_Validation_LOTS-31-30-33_ALTHER_COLI_ENTASB_ENTCHE_ENTCLO_ENTCLOCO_ENTHOR_ENTKOB-100vW_zSWATH_100vW_100SPD/ENTHOR-71-AER_100vW_100SPD.npy,ENTHOR-71-AER_100vW_100SPD,ENTHOR,ENTHOR,71,Enterobacter hormaechei xiangfangensis,Enterobacter hormaechei,CLASSE,/home/rrekikdi/Bureau/postdoc/pseudo_image/ms1_processed_11classes/Enterobacter hormaechei/ENTHOR-71-AER_100vW_100SPD.npy
/home/rrekikdi/Bureau/postdoc/pseudo_image/images_npy_ms1/2023_01_31_Validation_LOTS-31-30-33_ALTHER_COLI_ENTASB_ENTCHE_ENTCLO_ENTCLOCO_ENTHOR_ENTKOB-100vW_zSWATH_100vW_100SPD/ENTHOR-71-ANA_100vW_100SPD.npy,ENTHOR-71-ANA_100vW_100SPD,ENTHOR,ENTHOR,71,Enterobacter hormaechei xiangfangensis,Enterobacter hormaechei,CLASSE,/home/rrekikdi/Bureau/postdoc/pseudo_image/ms1_processed_11classes/Enterobacter hormaechei/ENTHOR-71-ANA_100vW_100SPD.npy
/home/rrekikdi/Bureau/postdoc/pseudo_image/images_npy_ms1/2023_01_31_Validation_LOTS-31-30-33_ALTHER_COLI_ENTASB_ENTCHE_ENTCLO_ENTCLOCO_ENTHOR_ENTKOB-100vW_zSWATH_100vW_100SPD/ENTHOR-72-AER_100vW_100SPD.npy,ENTHOR-72-AER_100vW_100SPD,ENTHOR,ENTHOR,72,Enterobacter hormaechei xiangfangensis,Enterobacter hormaechei,CLASSE,/home/rrekikdi/Bureau/postdoc/pseudo_image/ms1_processed_11classes/Enterobacter hormaechei/ENTHOR-72-AER_100vW_100SPD.npy
/home/rrekikdi/Bureau/postdoc/pseudo_image/images_npy_ms1/2023_01_31_Validation_LOTS-31-30-33_ALTHER_COLI_ENTASB_ENTCHE_ENTCLO_ENTCLOCO_ENTHOR_ENTKOB-100vW_zSWATH_100vW_100SPD/ENTHOR-72-ANA_100vW_100SPD.npy,ENTHOR-72-ANA_100vW_100SPD,ENTHOR,ENTHOR,72,Enterobacter hormaechei xiangfangensis,Enterobacter hormaechei,CLASSE,/home/rrekikdi/Bureau/postdoc/pseudo_image/ms1_processed_11classes/Enterobacter hormaechei/ENTHOR-72-ANA_100vW_100SPD.npy
/home/rrekikdi/Bureau/postdoc/pseudo_image/images_npy_ms1/2023_01_31_Validation_LOTS-31-30-33_ALTHER_COLI_ENTASB_ENTCHE_ENTCLO_ENTCLOCO_ENTHOR_ENTKOB-100vW_zSWATH_100vW_100SPD/ENTHOR-73-AER_100vW_100SPD.npy,ENTHOR-73-AER_100vW_100SPD,ENTHOR,ENTHOR,73,Enterobacter hormaechei xiangfangensis,Enterobacter hormaechei,CLASSE,/home/rrekikdi/Bureau/postdoc/pseudo_image/ms1_processed_11classes/Enterobacter hormaechei/ENTHOR-73-AER_100vW_100SPD.npy
/home/rrekikdi/Bureau/postdoc/pseudo_image/images_npy_ms1/2023_01_31_Validation_LOTS-31-30-33_ALTHER_COLI_ENTASB_ENTCHE_ENTCLO_ENTCLOCO_ENTHOR_ENTKOB-100vW_zSWATH_100vW_100SPD/ENTHOR-73-ANA_100vW_100SPD.npy,ENTHOR-73-ANA_100vW_100SPD,ENTHOR,ENTHOR,73,Enterobacter hormaechei xiangfangensis,Enterobacter hormaechei,CLASSE,/home/rrekikdi/Bureau/postdoc/pseudo_image/ms1_processed_11classes/Enterobacter hormaechei/ENTHOR-73-ANA_100vW_100SPD.npy
/home/rrekikdi/Bureau/postdoc/pseudo_image/images_npy_ms1/2023_01_31_Validation_LOTS-31-30-33_ALTHER_COLI_ENTASB_ENTCHE_ENTCLO_ENTCLOCO_ENTHOR_ENTKOB-100vW_zSWATH_100vW_100SPD/ENTHOR-74-AER_100vW_100SPD.npy,ENTHOR-74-AER_100vW_100SPD,ENTHOR,ENTHOR,74,Enterobacter hormaechei xiangfangensis,Enterobacter hormaechei,CLASSE,/home/rrekikdi/Bureau/postdoc/pseudo_image/ms1_processed_11classes/Enterobacter hormaechei/ENTHOR-74-AER_100vW_100SPD.npy
/home/rrekikdi/Bureau/postdoc/pseudo_image/images_npy_ms1/2023_01_31_Validation_LOTS-31-30-33_ALTHER_COLI_ENTASB_ENTCHE_ENTCLO_ENTCLOCO_ENTHOR_ENTKOB-100vW_zSWATH_100vW_100SPD/ENTHOR-74-ANA_100vW_100SPD.npy,ENTHOR-74-ANA_100vW_100SPD,ENTHOR,ENTHOR,74,Enterobacter hormaechei xiangfangensis,Enterobacter hormaechei,CLASSE,/home/rrekikdi/Bureau/postdoc/pseudo_image/ms1_processed_11classes/Enterobacter hormaechei/ENTHOR-74-ANA_100vW_100SPD.npy
/home/rrekikdi/Bureau/postdoc/pseudo_image/images_npy_ms1/2023_01_31_Validation_LOTS-31-30-33_ALTHER_COLI_ENTASB_ENTCHE_ENTCLO_ENTCLOCO_ENTHOR_ENTKOB-100vW_zSWATH_100vW_100SPD/ENTHOR-75-AER_100vW_100SPD.npy,ENTHOR-75-AER_100vW_100SPD,ENTHOR,ENTHOR,75,Enterobacter hormaechei xiangfangensis,Enterobacter hormaechei,CLASSE,/home/rrekikdi/Bureau/postdoc/pseudo_image/ms1_processed_11classes/Enterobacter hormaechei/ENTHOR-75-AER_100vW_100SPD.npy
/home/rrekikdi/Bureau/postdoc/pseudo_image/images_npy_ms1/2023_01_31_Validation_LOTS-31-30-33_ALTHER_COLI_ENTASB_ENTCHE_ENTCLO_ENTCLOCO_ENTHOR_ENTKOB-100vW_zSWATH_100vW_100SPD/ENTHOR-75-ANA_100vW_100SPD.npy,ENTHOR-75-ANA_100vW_100SPD,ENTHOR,ENTHOR,75,Enterobacter hormaechei xiangfangensis,Enterobacter hormaechei,CLASSE,/home/rrekikdi/Bureau/postdoc/pseudo_image/ms1_processed_11classes/Enterobacter hormaechei/ENTHOR-75-ANA_100vW_100SPD.npy
/home/rrekikdi/Bureau/postdoc/pseudo_image/images_npy_ms1/2023_01_31_Validation_LOTS-31-30-33_ALTHER_COLI_ENTASB_ENTCHE_ENTCLO_ENTCLOCO_ENTHOR_ENTKOB-100vW_zSWATH_100vW_100SPD/ENTHOR-78-AER_100vW_100SPD.npy,ENTHOR-78-AER_100vW_100SPD,ENTHOR,ENTHOR,78,Enterobacter hormaechei xiangfangensis,Enterobacter hormaechei,CLASSE,/home/rrekikdi/Bureau/postdoc/pseudo_image/ms1_processed_11classes/Enterobacter hormaechei/ENTHOR-78-AER_100vW_100SPD.npy
/home/rrekikdi/Bureau/postdoc/pseudo_image/images_npy_ms1/2023_01_31_Validation_LOTS-31-30-33_ALTHER_COLI_ENTASB_ENTCHE_ENTCLO_ENTCLOCO_ENTHOR_ENTKOB-100vW_zSWATH_100vW_100SPD/ENTHOR-78-ANA_100vW_100SPD.npy,ENTHOR-78-ANA_100vW_100SPD,ENTHOR,ENTHOR,78,Enterobacter hormaechei xiangfangensis,Enterobacter hormaechei,CLASSE,/home/rrekikdi/Bureau/postdoc/pseudo_image/ms1_processed_11classes/Enterobacter hormaechei/ENTHOR-78-ANA_100vW_100SPD.npy
/home/rrekikdi/Bureau/postdoc/pseudo_image/images_npy_ms1/2023_01_31_Validation_LOTS-31-30-33_ALTHER_COLI_ENTASB_ENTCHE_ENTCLO_ENTCLOCO_ENTHOR_ENTKOB-100vW_zSWATH_100vW_100SPD/ENTHOR-79-AER_100vW_100SPD.npy,ENTHOR-79-AER_100vW_100SPD,ENTHOR,ENTHOR,79,Enterobacter hormaechei xiangfangensis,Enterobacter hormaechei,CLASSE,/home/rrekikdi/Bureau/postdoc/pseudo_image/ms1_processed_11classes/Enterobacter hormaechei/ENTHOR-79-AER_100vW_100SPD.npy
/home/rrekikdi/Bureau/postdoc/pseudo_image/images_npy_ms1/2023_01_31_Validation_LOTS-31-30-33_ALTHER_COLI_ENTASB_ENTCHE_ENTCLO_ENTCLOCO_ENTHOR_ENTKOB-100vW_zSWATH_100vW_100SPD/ENTHOR-79-ANA_100vW_100SPD.npy,ENTHOR-79-ANA_100vW_100SPD,ENTHOR,ENTHOR,79,Enterobacter hormaechei xiangfangensis,Enterobacter hormaechei,CLASSE,/home/rrekikdi/Bureau/postdoc/pseudo_image/ms1_processed_11classes/Enterobacter hormaechei/ENTHOR-79-ANA_100vW_100SPD.npy
/home/rrekikdi/Bureau/postdoc/pseudo_image/images_npy_ms1/2023_01_31_Validation_LOTS-31-30-33_ALTHER_COLI_ENTASB_ENTCHE_ENTCLO_ENTCLOCO_ENTHOR_ENTKOB-100vW_zSWATH_100vW_100SPD/ENTHOR-80-AER_100vW_100SPD.npy,ENTHOR-80-AER_100vW_100SPD,ENTHOR,ENTHOR,80,Enterobacter hormaechei xiangfangensis,Enterobacter hormaechei,CLASSE,/home/rrekikdi/Bureau/postdoc/pseudo_image/ms1_processed_11classes/Enterobacter hormaechei/ENTHOR-80-AER_100vW_100SPD.npy
/home/rrekikdi/Bureau/postdoc/pseudo_image/images_npy_ms1/2023_01_31_Validation_LOTS-31-30-33_ALTHER_COLI_ENTASB_ENTCHE_ENTCLO_ENTCLOCO_ENTHOR_ENTKOB-100vW_zSWATH_100vW_100SPD/ENTHOR-80-ANA_100vW_100SPD.npy,ENTHOR-80-ANA_100vW_100SPD,ENTHOR,ENTHOR,80,Enterobacter hormaechei xiangfangensis,Enterobacter hormaechei,CLASSE,/home/rrekikdi/Bureau/postdoc/pseudo_image/ms1_processed_11classes/Enterobacter hormaechei/ENTHOR-80-ANA_100vW_100SPD.npy
/home/rrekikdi/Bureau/postdoc/pseudo_image/images_npy_ms1/2023_01_31_Validation_LOTS-31-30-33_ALTHER_COLI_ENTASB_ENTCHE_ENTCLO_ENTCLOCO_ENTHOR_ENTKOB-100vW_zSWATH_100vW_100SPD/ENTHOR-88-AER_100vW_100SPD.npy,ENTHOR-88-AER_100vW_100SPD,ENTHOR,ENTHOR,88,Enterobacter hormaechei xiangfangensis,Enterobacter hormaechei,CLASSE,/home/rrekikdi/Bureau/postdoc/pseudo_image/ms1_processed_11classes/Enterobacter hormaechei/ENTHOR-88-AER_100vW_100SPD.npy
/home/rrekikdi/Bureau/postdoc/pseudo_image/images_npy_ms1/2023_01_31_Validation_LOTS-31-30-33_ALTHER_COLI_ENTASB_ENTCHE_ENTCLO_ENTCLOCO_ENTHOR_ENTKOB-100vW_zSWATH_100vW_100SPD/ENTHOR-88-ANA_100vW_100SPD.npy,ENTHOR-88-ANA_100vW_100SPD,ENTHOR,ENTHOR,88,Enterobacter hormaechei xiangfangensis,Enterobacter hormaechei,CLASSE,/home/rrekikdi/Bureau/postdoc/pseudo_image/ms1_processed_11classes/Enterobacter hormaechei/ENTHOR-88-ANA_100vW_100SPD.npy
/home/rrekikdi/Bureau/postdoc/pseudo_image/images_npy_ms1/2023_01_31_Validation_LOTS-31-30-33_ALTHER_COLI_ENTASB_ENTCHE_ENTCLO_ENTCLOCO_ENTHOR_ENTKOB-100vW_zSWATH_100vW_100SPD/ENTHOR-89-AER_100vW_100SPD.npy,ENTHOR-89-AER_100vW_100SPD,ENTHOR,ENTHOR,89,Enterobacter hormaechei xiangfangensis,Enterobacter hormaechei,CLASSE,/home/rrekikdi/Bureau/postdoc/pseudo_image/ms1_processed_11classes/Enterobacter hormaechei/ENTHOR-89-AER_100vW_100SPD.npy
/home/rrekikdi/Bureau/postdoc/pseudo_image/images_npy_ms1/2023_01_31_Validation_LOTS-31-30-33_ALTHER_COLI_ENTASB_ENTCHE_ENTCLO_ENTCLOCO_ENTHOR_ENTKOB-100vW_zSWATH_100vW_100SPD/ENTHOR-89-ANA_100vW_100SPD.npy,ENTHOR-89-ANA_100vW_100SPD,ENTHOR,ENTHOR,89,Enterobacter hormaechei xiangfangensis,Enterobacter hormaechei,CLASSE,/home/rrekikdi/Bureau/postdoc/pseudo_image/ms1_processed_11classes/Enterobacter hormaechei/ENTHOR-89-ANA_100vW_100SPD.npy
/home/rrekikdi/Bureau/postdoc/pseudo_image/images_npy_ms1/2023_01_31_Validation_LOTS-31-30-33_ALTHER_COLI_ENTASB_ENTCHE_ENTCLO_ENTCLOCO_ENTHOR_ENTKOB-100vW_zSWATH_100vW_100SPD/ENTHOR-9-AER_100vW_100SPD.npy,ENTHOR-9-AER_100vW_100SPD,ENTHOR,ENTHOR,9,Enterobacter hormaechei hoffmannii,Enterobacter hormaechei,CLASSE,/home/rrekikdi/Bureau/postdoc/pseudo_image/ms1_processed_11classes/Enterobacter hormaechei/ENTHOR-9-AER_100vW_100SPD.npy
/home/rrekikdi/Bureau/postdoc/pseudo_image/images_npy_ms1/2023_01_31_Validation_LOTS-31-30-33_ALTHER_COLI_ENTASB_ENTCHE_ENTCLO_ENTCLOCO_ENTHOR_ENTKOB-100vW_zSWATH_100vW_100SPD/ENTHOR-9-ANA_100vW_100SPD.npy,ENTHOR-9-ANA_100vW_100SPD,ENTHOR,ENTHOR,9,Enterobacter hormaechei hoffmannii,Enterobacter hormaechei,CLASSE,/home/rrekikdi/Bureau/postdoc/pseudo_image/ms1_processed_11classes/Enterobacter hormaechei/ENTHOR-9-ANA_100vW_100SPD.npy
/home/rrekikdi/Bureau/postdoc/pseudo_image/images_npy_ms1/2023_01_31_Validation_LOTS-31-30-33_ALTHER_COLI_ENTASB_ENTCHE_ENTCLO_ENTCLOCO_ENTHOR_ENTKOB-100vW_zSWATH_100vW_100SPD/ENTHOR-91-AER_100vW_100SPD.npy,ENTHOR-91-AER_100vW_100SPD,ENTHOR,ENTHOR,91,Enterobacter hormaechei xiangfangensis,Enterobacter hormaechei,CLASSE,/home/rrekikdi/Bureau/postdoc/pseudo_image/ms1_processed_11classes/Enterobacter hormaechei/ENTHOR-91-AER_100vW_100SPD.npy
/home/rrekikdi/Bureau/postdoc/pseudo_image/images_npy_ms1/2023_01_31_Validation_LOTS-31-30-33_ALTHER_COLI_ENTASB_ENTCHE_ENTCLO_ENTCLOCO_ENTHOR_ENTKOB-100vW_zSWATH_100vW_100SPD/ENTHOR-91-ANA_100vW_100SPD.npy,ENTHOR-91-ANA_100vW_100SPD,ENTHOR,ENTHOR,91,Enterobacter hormaechei xiangfangensis,Enterobacter hormaechei,CLASSE,/home/rrekikdi/Bureau/postdoc/pseudo_image/ms1_processed_11classes/Enterobacter hormaechei/ENTHOR-91-ANA_100vW_100SPD.npy
/home/rrekikdi/Bureau/postdoc/pseudo_image/images_npy_ms1/2023_02_03_Validation_LOTS-32-35_CITCRO_COLI_ENTASB_ENTHOR_ENTKOB_ENTROG-100vW_zSWATH_zPRM_100SPD/COLI-117-AER_100vW_100SPD.npy,COLI-117-AER_100vW_100SPD,COLI,ESCCOL,117,Escherichia coli,Escherichia coli,CLASSE (typo corrigee: COLI->ESCCOL),/home/rrekikdi/Bureau/postdoc/pseudo_image/ms1_processed_11classes/Escherichia coli/COLI-117-AER_100vW_100SPD.npy
/home/rrekikdi/Bureau/postdoc/pseudo_image/images_npy_ms1/2023_02_03_Validation_LOTS-32-35_CITCRO_COLI_ENTASB_ENTHOR_ENTKOB_ENTROG-100vW_zSWATH_zPRM_100SPD/COLI-117-AER_zPRM_100SPD.npy,COLI-117-AER_zPRM_100SPD,COLI,ESCCOL,117,Escherichia coli,Escherichia coli,CLASSE (typo corrigee: COLI->ESCCOL),/home/rrekikdi/Bureau/postdoc/pseudo_image/ms1_processed_11classes/Escherichia coli/COLI-117-AER_zPRM_100SPD.npy
/home/rrekikdi/Bureau/postdoc/pseudo_image/images_npy_ms1/2023_02_03_Validation_LOTS-32-35_CITCRO_COLI_ENTASB_ENTHOR_ENTKOB_ENTROG-100vW_zSWATH_zPRM_100SPD/COLI-117-ANA_100vW_100SPD.npy,COLI-117-ANA_100vW_100SPD,COLI,ESCCOL,117,Escherichia coli,Escherichia coli,CLASSE (typo corrigee: COLI->ESCCOL),/home/rrekikdi/Bureau/postdoc/pseudo_image/ms1_processed_11classes/Escherichia coli/COLI-117-ANA_100vW_100SPD.npy
/home/rrekikdi/Bureau/postdoc/pseudo_image/images_npy_ms1/2023_02_03_Validation_LOTS-32-35_CITCRO_COLI_ENTASB_ENTHOR_ENTKOB_ENTROG-100vW_zSWATH_zPRM_100SPD/COLI-117-ANA_zPRM_100SPD.npy,COLI-117-ANA_zPRM_100SPD,COLI,ESCCOL,117,Escherichia coli,Escherichia coli,CLASSE (typo corrigee: COLI->ESCCOL),/home/rrekikdi/Bureau/postdoc/pseudo_image/ms1_processed_11classes/Escherichia coli/COLI-117-ANA_zPRM_100SPD.npy
/home/rrekikdi/Bureau/postdoc/pseudo_image/images_npy_ms1/2023_02_03_Validation_LOTS-32-35_CITCRO_COLI_ENTASB_ENTHOR_ENTKOB_ENTROG-100vW_zSWATH_zPRM_100SPD/COLI-122-AER_100vW_100SPD.npy,COLI-122-AER_100vW_100SPD,COLI,ESCCOL,122,Escherichia coli,Escherichia coli,CLASSE (typo corrigee: COLI->ESCCOL),/home/rrekikdi/Bureau/postdoc/pseudo_image/ms1_processed_11classes/Escherichia coli/COLI-122-AER_100vW_100SPD.npy
/home/rrekikdi/Bureau/postdoc/pseudo_image/images_npy_ms1/2023_02_03_Validation_LOTS-32-35_CITCRO_COLI_ENTASB_ENTHOR_ENTKOB_ENTROG-100vW_zSWATH_zPRM_100SPD/COLI-122-AER_zPRM_100SPD.npy,COLI-122-AER_zPRM_100SPD,COLI,ESCCOL,122,Escherichia coli,Escherichia coli,CLASSE (typo corrigee: COLI->ESCCOL),/home/rrekikdi/Bureau/postdoc/pseudo_image/ms1_processed_11classes/Escherichia coli/COLI-122-AER_zPRM_100SPD.npy
/home/rrekikdi/Bureau/postdoc/pseudo_image/images_npy_ms1/2023_02_03_Validation_LOTS-32-35_CITCRO_COLI_ENTASB_ENTHOR_ENTKOB_ENTROG-100vW_zSWATH_zPRM_100SPD/COLI-122-ANA_100vW_100SPD.npy,COLI-122-ANA_100vW_100SPD,COLI,ESCCOL,122,Escherichia coli,Escherichia coli,CLASSE (typo corrigee: COLI->ESCCOL),/home/rrekikdi/Bureau/postdoc/pseudo_image/ms1_processed_11classes/Escherichia coli/COLI-122-ANA_100vW_100SPD.npy
/home/rrekikdi/Bureau/postdoc/pseudo_image/images_npy_ms1/2023_02_03_Validation_LOTS-32-35_CITCRO_COLI_ENTASB_ENTHOR_ENTKOB_ENTROG-100vW_zSWATH_zPRM_100SPD/COLI-122-ANA_zPRM_100SPD.npy,COLI-122-ANA_zPRM_100SPD,COLI,ESCCOL,122,Escherichia coli,Escherichia coli,CLASSE (typo corrigee: COLI->ESCCOL),/home/rrekikdi/Bureau/postdoc/pseudo_image/ms1_processed_11classes/Escherichia coli/COLI-122-ANA_zPRM_100SPD.npy
/home/rrekikdi/Bureau/postdoc/pseudo_image/images_npy_ms1/2023_02_03_Validation_LOTS-32-35_CITCRO_COLI_ENTASB_ENTHOR_ENTKOB_ENTROG-100vW_zSWATH_zPRM_100SPD/COLI-124-AER_100vW_100SPD.npy,COLI-124-AER_100vW_100SPD,COLI,ESCCOL,124,Escherichia coli,Escherichia coli,CLASSE (typo corrigee: COLI->ESCCOL),/home/rrekikdi/Bureau/postdoc/pseudo_image/ms1_processed_11classes/Escherichia coli/COLI-124-AER_100vW_100SPD.npy
/home/rrekikdi/Bureau/postdoc/pseudo_image/images_npy_ms1/2023_02_03_Validation_LOTS-32-35_CITCRO_COLI_ENTASB_ENTHOR_ENTKOB_ENTROG-100vW_zSWATH_zPRM_100SPD/COLI-124-AER_zPRM_100SPD.npy,COLI-124-AER_zPRM_100SPD,COLI,ESCCOL,124,Escherichia coli,Escherichia coli,CLASSE (typo corrigee: COLI->ESCCOL),/home/rrekikdi/Bureau/postdoc/pseudo_image/ms1_processed_11classes/Escherichia coli/COLI-124-AER_zPRM_100SPD.npy
/home/rrekikdi/Bureau/postdoc/pseudo_image/images_npy_ms1/2023_02_03_Validation_LOTS-32-35_CITCRO_COLI_ENTASB_ENTHOR_ENTKOB_ENTROG-100vW_zSWATH_zPRM_100SPD/COLI-124-ANA_100vW_100SPD.npy,COLI-124-ANA_100vW_100SPD,COLI,ESCCOL,124,Escherichia coli,Escherichia coli,CLASSE (typo corrigee: COLI->ESCCOL),/home/rrekikdi/Bureau/postdoc/pseudo_image/ms1_processed_11classes/Escherichia coli/COLI-124-ANA_100vW_100SPD.npy
/home/rrekikdi/Bureau/postdoc/pseudo_image/images_npy_ms1/2023_02_03_Validation_LOTS-32-35_CITCRO_COLI_ENTASB_ENTHOR_ENTKOB_ENTROG-100vW_zSWATH_zPRM_100SPD/COLI-124-ANA_zPRM_100SPD.npy,COLI-124-ANA_zPRM_100SPD,COLI,ESCCOL,124,Escherichia coli,Escherichia coli,CLASSE (typo corrigee: COLI->ESCCOL),/home/rrekikdi/Bureau/postdoc/pseudo_image/ms1_processed_11classes/Escherichia coli/COLI-124-ANA_zPRM_100SPD.npy
/home/rrekikdi/Bureau/postdoc/pseudo_image/images_npy_ms1/2023_02_03_Validation_LOTS-32-35_CITCRO_COLI_ENTASB_ENTHOR_ENTKOB_ENTROG-100vW_zSWATH_zPRM_100SPD/COLI-137-AER_100vW_100SPD.npy,COLI-137-AER_100vW_100SPD,COLI,ESCCOL,137,Escherichia coli,Escherichia coli,CLASSE (typo corrigee: COLI->ESCCOL),/home/rrekikdi/Bureau/postdoc/pseudo_image/ms1_processed_11classes/Escherichia coli/COLI-137-AER_100vW_100SPD.npy
/home/rrekikdi/Bureau/postdoc/pseudo_image/images_npy_ms1/2023_02_03_Validation_LOTS-32-35_CITCRO_COLI_ENTASB_ENTHOR_ENTKOB_ENTROG-100vW_zSWATH_zPRM_100SPD/COLI-137-AER_zPRM_100SPD.npy,COLI-137-AER_zPRM_100SPD,COLI,ESCCOL,137,Escherichia coli,Escherichia coli,CLASSE (typo corrigee: COLI->ESCCOL),/home/rrekikdi/Bureau/postdoc/pseudo_image/ms1_processed_11classes/Escherichia coli/COLI-137-AER_zPRM_100SPD.npy
/home/rrekikdi/Bureau/postdoc/pseudo_image/images_npy_ms1/2023_02_03_Validation_LOTS-32-35_CITCRO_COLI_ENTASB_ENTHOR_ENTKOB_ENTROG-100vW_zSWATH_zPRM_100SPD/COLI-137-ANA_100vW_100SPD.npy,COLI-137-ANA_100vW_100SPD,COLI,ESCCOL,137,Escherichia coli,Escherichia coli,CLASSE (typo corrigee: COLI->ESCCOL),/home/rrekikdi/Bureau/postdoc/pseudo_image/ms1_processed_11classes/Escherichia coli/COLI-137-ANA_100vW_100SPD.npy
/home/rrekikdi/Bureau/postdoc/pseudo_image/images_npy_ms1/2023_02_03_Validation_LOTS-32-35_CITCRO_COLI_ENTASB_ENTHOR_ENTKOB_ENTROG-100vW_zSWATH_zPRM_100SPD/COLI-137-ANA_zPRM_100SPD.npy,COLI-137-ANA_zPRM_100SPD,COLI,ESCCOL,137,Escherichia coli,Escherichia coli,CLASSE (typo corrigee: COLI->ESCCOL),/home/rrekikdi/Bureau/postdoc/pseudo_image/ms1_processed_11classes/Escherichia coli/COLI-137-ANA_zPRM_100SPD.npy
/home/rrekikdi/Bureau/postdoc/pseudo_image/images_npy_ms1/2023_02_03_Validation_LOTS-32-35_CITCRO_COLI_ENTASB_ENTHOR_ENTKOB_ENTROG-100vW_zSWATH_zPRM_100SPD/COLI-138-AER_100vW_100SPD.npy,COLI-138-AER_100vW_100SPD,COLI,ESCCOL,138,Escherichia coli,Escherichia coli,CLASSE (typo corrigee: COLI->ESCCOL),/home/rrekikdi/Bureau/postdoc/pseudo_image/ms1_processed_11classes/Escherichia coli/COLI-138-AER_100vW_100SPD.npy
/home/rrekikdi/Bureau/postdoc/pseudo_image/images_npy_ms1/2023_02_03_Validation_LOTS-32-35_CITCRO_COLI_ENTASB_ENTHOR_ENTKOB_ENTROG-100vW_zSWATH_zPRM_100SPD/COLI-138-AER_zPRM_100SPD.npy,COLI-138-AER_zPRM_100SPD,COLI,ESCCOL,138,Escherichia coli,Escherichia coli,CLASSE (typo corrigee: COLI->ESCCOL),/home/rrekikdi/Bureau/postdoc/pseudo_image/ms1_processed_11classes/Escherichia coli/COLI-138-AER_zPRM_100SPD.npy
/home/rrekikdi/Bureau/postdoc/pseudo_image/images_npy_ms1/2023_02_03_Validation_LOTS-32-35_CITCRO_COLI_ENTASB_ENTHOR_ENTKOB_ENTROG-100vW_zSWATH_zPRM_100SPD/COLI-138-ANA_100vW_100SPD.npy,COLI-138-ANA_100vW_100SPD,COLI,ESCCOL,138,Escherichia coli,Escherichia coli,CLASSE (typo corrigee: COLI->ESCCOL),/home/rrekikdi/Bureau/postdoc/pseudo_image/ms1_processed_11classes/Escherichia coli/COLI-138-ANA_100vW_100SPD.npy
/home/rrekikdi/Bureau/postdoc/pseudo_image/images_npy_ms1/2023_02_03_Validation_LOTS-32-35_CITCRO_COLI_ENTASB_ENTHOR_ENTKOB_ENTROG-100vW_zSWATH_zPRM_100SPD/COLI-138-ANA_zPRM_100SPD.npy,COLI-138-ANA_zPRM_100SPD,COLI,ESCCOL,138,Escherichia coli,Escherichia coli,CLASSE (typo corrigee: COLI->ESCCOL),/home/rrekikdi/Bureau/postdoc/pseudo_image/ms1_processed_11classes/Escherichia coli/COLI-138-ANA_zPRM_100SPD.npy
/home/rrekikdi/Bureau/postdoc/pseudo_image/images_npy_ms1/2023_02_03_Validation_LOTS-32-35_CITCRO_COLI_ENTASB_ENTHOR_ENTKOB_ENTROG-100vW_zSWATH_zPRM_100SPD/COLI-140-AER_100vW_100SPD.npy,COLI-140-AER_100vW_100SPD,COLI,ESCCOL,140,Escherichia coli,Escherichia coli,CLASSE (typo corrigee: COLI->ESCCOL),/home/rrekikdi/Bureau/postdoc/pseudo_image/ms1_processed_11classes/Escherichia coli/COLI-140-AER_100vW_100SPD.npy
/home/rrekikdi/Bureau/postdoc/pseudo_image/images_npy_ms1/2023_02_03_Validation_LOTS-32-35_CITCRO_COLI_ENTASB_ENTHOR_ENTKOB_ENTROG-100vW_zSWATH_zPRM_100SPD/COLI-140-AER_zPRM_100SPD.npy,COLI-140-AER_zPRM_100SPD,COLI,ESCCOL,140,Escherichia coli,Escherichia coli,CLASSE (typo corrigee: COLI->ESCCOL),/home/rrekikdi/Bureau/postdoc/pseudo_image/ms1_processed_11classes/Escherichia coli/COLI-140-AER_zPRM_100SPD.npy
/home/rrekikdi/Bureau/postdoc/pseudo_image/images_npy_ms1/2023_02_03_Validation_LOTS-32-35_CITCRO_COLI_ENTASB_ENTHOR_ENTKOB_ENTROG-100vW_zSWATH_zPRM_100SPD/COLI-140-ANA_100vW_100SPD.npy,COLI-140-ANA_100vW_100SPD,COLI,ESCCOL,140,Escherichia coli,Escherichia coli,CLASSE (typo corrigee: COLI->ESCCOL),/home/rrekikdi/Bureau/postdoc/pseudo_image/ms1_processed_11classes/Escherichia coli/COLI-140-ANA_100vW_100SPD.npy
/home/rrekikdi/Bureau/postdoc/pseudo_image/images_npy_ms1/2023_02_03_Validation_LOTS-32-35_CITCRO_COLI_ENTASB_ENTHOR_ENTKOB_ENTROG-100vW_zSWATH_zPRM_100SPD/COLI-140-ANA_zPRM_100SPD.npy,COLI-140-ANA_zPRM_100SPD,COLI,ESCCOL,140,Escherichia coli,Escherichia coli,CLASSE (typo corrigee: COLI->ESCCOL),/home/rrekikdi/Bureau/postdoc/pseudo_image/ms1_processed_11classes/Escherichia coli/COLI-140-ANA_zPRM_100SPD.npy
/home/rrekikdi/Bureau/postdoc/pseudo_image/images_npy_ms1/2023_02_03_Validation_LOTS-32-35_CITCRO_COLI_ENTASB_ENTHOR_ENTKOB_ENTROG-100vW_zSWATH_zPRM_100SPD/COLI-143-AER_100vW_100SPD.npy,COLI-143-AER_100vW_100SPD,COLI,ESCCOL,143,Escherichia coli,Escherichia coli,CLASSE (typo corrigee: COLI->ESCCOL),/home/rrekikdi/Bureau/postdoc/pseudo_image/ms1_processed_11classes/Escherichia coli/COLI-143-AER_100vW_100SPD.npy
/home/rrekikdi/Bureau/postdoc/pseudo_image/images_npy_ms1/2023_02_03_Validation_LOTS-32-35_CITCRO_COLI_ENTASB_ENTHOR_ENTKOB_ENTROG-100vW_zSWATH_zPRM_100SPD/COLI-143-AER_zPRM_100SPD.npy,COLI-143-AER_zPRM_100SPD,COLI,ESCCOL,143,Escherichia coli,Escherichia coli,CLASSE (typo corrigee: COLI->ESCCOL),/home/rrekikdi/Bureau/postdoc/pseudo_image/ms1_processed_11classes/Escherichia coli/COLI-143-AER_zPRM_100SPD.npy
/home/rrekikdi/Bureau/postdoc/pseudo_image/images_npy_ms1/2023_02_03_Validation_LOTS-32-35_CITCRO_COLI_ENTASB_ENTHOR_ENTKOB_ENTROG-100vW_zSWATH_zPRM_100SPD/COLI-143-ANA_100vW_100SPD.npy,COLI-143-ANA_100vW_100SPD,COLI,ESCCOL,143,Escherichia coli,Escherichia coli,CLASSE (typo corrigee: COLI->ESCCOL),/home/rrekikdi/Bureau/postdoc/pseudo_image/ms1_processed_11classes/Escherichia coli/COLI-143-ANA_100vW_100SPD.npy
/home/rrekikdi/Bureau/postdoc/pseudo_image/images_npy_ms1/2023_02_03_Validation_LOTS-32-35_CITCRO_COLI_ENTASB_ENTHOR_ENTKOB_ENTROG-100vW_zSWATH_zPRM_100SPD/COLI-143-ANA_zPRM_100SPD.npy,COLI-143-ANA_zPRM_100SPD,COLI,ESCCOL,143,Escherichia coli,Escherichia coli,CLASSE (typo corrigee: COLI->ESCCOL),/home/rrekikdi/Bureau/postdoc/pseudo_image/ms1_processed_11classes/Escherichia coli/COLI-143-ANA_zPRM_100SPD.npy
/home/rrekikdi/Bureau/postdoc/pseudo_image/images_npy_ms1/2023_02_03_Validation_LOTS-32-35_CITCRO_COLI_ENTASB_ENTHOR_ENTKOB_ENTROG-100vW_zSWATH_zPRM_100SPD/COLI-234-AER_100vW_100SPD.npy,COLI-234-AER_100vW_100SPD,COLI,ESCCOL,234,Escherichia coli,Escherichia coli,CLASSE (typo corrigee: COLI->ESCCOL),/home/rrekikdi/Bureau/postdoc/pseudo_image/ms1_processed_11classes/Escherichia coli/COLI-234-AER_100vW_100SPD.npy
/home/rrekikdi/Bureau/postdoc/pseudo_image/images_npy_ms1/2023_02_03_Validation_LOTS-32-35_CITCRO_COLI_ENTASB_ENTHOR_ENTKOB_ENTROG-100vW_zSWATH_zPRM_100SPD/COLI-234-AER_zPRM_100SPD.npy,COLI-234-AER_zPRM_100SPD,COLI,ESCCOL,234,Escherichia coli,Escherichia coli,CLASSE (typo corrigee: COLI->ESCCOL),/home/rrekikdi/Bureau/postdoc/pseudo_image/ms1_processed_11classes/Escherichia coli/COLI-234-AER_zPRM_100SPD.npy
/home/rrekikdi/Bureau/postdoc/pseudo_image/images_npy_ms1/2023_02_03_Validation_LOTS-32-35_CITCRO_COLI_ENTASB_ENTHOR_ENTKOB_ENTROG-100vW_zSWATH_zPRM_100SPD/COLI-234-ANA_100vW_100SPD.npy,COLI-234-ANA_100vW_100SPD,COLI,ESCCOL,234,Escherichia coli,Escherichia coli,CLASSE (typo corrigee: COLI->ESCCOL),/home/rrekikdi/Bureau/postdoc/pseudo_image/ms1_processed_11classes/Escherichia coli/COLI-234-ANA_100vW_100SPD.npy
/home/rrekikdi/Bureau/postdoc/pseudo_image/images_npy_ms1/2023_02_03_Validation_LOTS-32-35_CITCRO_COLI_ENTASB_ENTHOR_ENTKOB_ENTROG-100vW_zSWATH_zPRM_100SPD/COLI-234-ANA_zPRM_100SPD.npy,COLI-234-ANA_zPRM_100SPD,COLI,ESCCOL,234,Escherichia coli,Escherichia coli,CLASSE (typo corrigee: COLI->ESCCOL),/home/rrekikdi/Bureau/postdoc/pseudo_image/ms1_processed_11classes/Escherichia coli/COLI-234-ANA_zPRM_100SPD.npy
/home/rrekikdi/Bureau/postdoc/pseudo_image/images_npy_ms1/2023_02_03_Validation_LOTS-32-35_CITCRO_COLI_ENTASB_ENTHOR_ENTKOB_ENTROG-100vW_zSWATH_zPRM_100SPD/COLI-235-AER_100vW_100SPD.npy,COLI-235-AER_100vW_100SPD,COLI,ESCCOL,235,Escherichia coli,Escherichia coli,CLASSE (typo corrigee: COLI->ESCCOL),/home/rrekikdi/Bureau/postdoc/pseudo_image/ms1_processed_11classes/Escherichia coli/COLI-235-AER_100vW_100SPD.npy
/home/rrekikdi/Bureau/postdoc/pseudo_image/images_npy_ms1/2023_02_03_Validation_LOTS-32-35_CITCRO_COLI_ENTASB_ENTHOR_ENTKOB_ENTROG-100vW_zSWATH_zPRM_100SPD/COLI-235-AER_zPRM_100SPD.npy,COLI-235-AER_zPRM_100SPD,COLI,ESCCOL,235,Escherichia coli,Escherichia coli,CLASSE (typo corrigee: COLI->ESCCOL),/home/rrekikdi/Bureau/postdoc/pseudo_image/ms1_processed_11classes/Escherichia coli/COLI-235-AER_zPRM_100SPD.npy
/home/rrekikdi/Bureau/postdoc/pseudo_image/images_npy_ms1/2023_02_03_Validation_LOTS-32-35_CITCRO_COLI_ENTASB_ENTHOR_ENTKOB_ENTROG-100vW_zSWATH_zPRM_100SPD/COLI-235-ANA_100vW_100SPD.npy,COLI-235-ANA_100vW_100SPD,COLI,ESCCOL,235,Escherichia coli,Escherichia coli,CLASSE (typo corrigee: COLI->ESCCOL),/home/rrekikdi/Bureau/postdoc/pseudo_image/ms1_processed_11classes/Escherichia coli/COLI-235-ANA_100vW_100SPD.npy
/home/rrekikdi/Bureau/postdoc/pseudo_image/images_npy_ms1/2023_02_03_Validation_LOTS-32-35_CITCRO_COLI_ENTASB_ENTHOR_ENTKOB_ENTROG-100vW_zSWATH_zPRM_100SPD/COLI-235-ANA_zPRM_100SPD.npy,COLI-235-ANA_zPRM_100SPD,COLI,ESCCOL,235,Escherichia coli,Escherichia coli,CLASSE (typo corrigee: COLI->ESCCOL),/home/rrekikdi/Bureau/postdoc/pseudo_image/ms1_processed_11classes/Escherichia coli/COLI-235-ANA_zPRM_100SPD.npy
/home/rrekikdi/Bureau/postdoc/pseudo_image/images_npy_ms1/2023_02_03_Validation_LOTS-32-35_CITCRO_COLI_ENTASB_ENTHOR_ENTKOB_ENTROG-100vW_zSWATH_zPRM_100SPD/COLI-236-AER_100vW_100SPD.npy,COLI-236-AER_100vW_100SPD,COLI,ESCCOL,236,Escherichia coli,Escherichia coli,CLASSE (typo corrigee: COLI->ESCCOL),/home/rrekikdi/Bureau/postdoc/pseudo_image/ms1_processed_11classes/Escherichia coli/COLI-236-AER_100vW_100SPD.npy
/home/rrekikdi/Bureau/postdoc/pseudo_image/images_npy_ms1/2023_02_03_Validation_LOTS-32-35_CITCRO_COLI_ENTASB_ENTHOR_ENTKOB_ENTROG-100vW_zSWATH_zPRM_100SPD/COLI-236-AER_zPRM_100SPD.npy,COLI-236-AER_zPRM_100SPD,COLI,ESCCOL,236,Escherichia coli,Escherichia coli,CLASSE (typo corrigee: COLI->ESCCOL),/home/rrekikdi/Bureau/postdoc/pseudo_image/ms1_processed_11classes/Escherichia coli/COLI-236-AER_zPRM_100SPD.npy
/home/rrekikdi/Bureau/postdoc/pseudo_image/images_npy_ms1/2023_02_03_Validation_LOTS-32-35_CITCRO_COLI_ENTASB_ENTHOR_ENTKOB_ENTROG-100vW_zSWATH_zPRM_100SPD/COLI-236-ANA_100vW_100SPD.npy,COLI-236-ANA_100vW_100SPD,COLI,ESCCOL,236,Escherichia coli,Escherichia coli,CLASSE (typo corrigee: COLI->ESCCOL),/home/rrekikdi/Bureau/postdoc/pseudo_image/ms1_processed_11classes/Escherichia coli/COLI-236-ANA_100vW_100SPD.npy
/home/rrekikdi/Bureau/postdoc/pseudo_image/images_npy_ms1/2023_02_03_Validation_LOTS-32-35_CITCRO_COLI_ENTASB_ENTHOR_ENTKOB_ENTROG-100vW_zSWATH_zPRM_100SPD/COLI-236-ANA_zPRM_100SPD.npy,COLI-236-ANA_zPRM_100SPD,COLI,ESCCOL,236,Escherichia coli,Escherichia coli,CLASSE (typo corrigee: COLI->ESCCOL),/home/rrekikdi/Bureau/postdoc/pseudo_image/ms1_processed_11classes/Escherichia coli/COLI-236-ANA_zPRM_100SPD.npy
/home/rrekikdi/Bureau/postdoc/pseudo_image/images_npy_ms1/2023_02_03_Validation_LOTS-32-35_CITCRO_COLI_ENTASB_ENTHOR_ENTKOB_ENTROG-100vW_zSWATH_zPRM_100SPD/COLI-237-AER_100vW_100SPD.npy,COLI-237-AER_100vW_100SPD,COLI,ESCCOL,237,,Escherichia coli,"CLASSE (sample_nb absent du excel, classe par code seul)",/home/rrekikdi/Bureau/postdoc/pseudo_image/ms1_processed_11classes/Escherichia coli/COLI-237-AER_100vW_100SPD.npy
/home/rrekikdi/Bureau/postdoc/pseudo_image/images_npy_ms1/2023_02_03_Validation_LOTS-32-35_CITCRO_COLI_ENTASB_ENTHOR_ENTKOB_ENTROG-100vW_zSWATH_zPRM_100SPD/COLI-237-AER_zPRM_100SPD.npy,COLI-237-AER_zPRM_100SPD,COLI,ESCCOL,237,,Escherichia coli,"CLASSE (sample_nb absent du excel, classe par code seul)",/home/rrekikdi/Bureau/postdoc/pseudo_image/ms1_processed_11classes/Escherichia coli/COLI-237-AER_zPRM_100SPD.npy
/home/rrekikdi/Bureau/postdoc/pseudo_image/images_npy_ms1/2023_02_03_Validation_LOTS-32-35_CITCRO_COLI_ENTASB_ENTHOR_ENTKOB_ENTROG-100vW_zSWATH_zPRM_100SPD/COLI-237-ANA_100vW_100SPD.npy,COLI-237-ANA_100vW_100SPD,COLI,ESCCOL,237,,Escherichia coli,"CLASSE (sample_nb absent du excel, classe par code seul)",/home/rrekikdi/Bureau/postdoc/pseudo_image/ms1_processed_11classes/Escherichia coli/COLI-237-ANA_100vW_100SPD.npy
/home/rrekikdi/Bureau/postdoc/pseudo_image/images_npy_ms1/2023_02_03_Validation_LOTS-32-35_CITCRO_COLI_ENTASB_ENTHOR_ENTKOB_ENTROG-100vW_zSWATH_zPRM_100SPD/COLI-237-ANA_zPRM_100SPD.npy,COLI-237-ANA_zPRM_100SPD,COLI,ESCCOL,237,,Escherichia coli,"CLASSE (sample_nb absent du excel, classe par code seul)",/home/rrekikdi/Bureau/postdoc/pseudo_image/ms1_processed_11classes/Escherichia coli/COLI-237-ANA_zPRM_100SPD.npy
/home/rrekikdi/Bureau/postdoc/pseudo_image/images_npy_ms1/2023_02_03_Validation_LOTS-32-35_CITCRO_COLI_ENTASB_ENTHOR_ENTKOB_ENTROG-100vW_zSWATH_zPRM_100SPD/COLI-64-AER_100vW_100SPD.npy,COLI-64-AER_100vW_100SPD,COLI,ESCCOL,64,Escherichia coli,Escherichia coli,CLASSE (typo corrigee: COLI->ESCCOL),/home/rrekikdi/Bureau/postdoc/pseudo_image/ms1_processed_11classes/Escherichia coli/COLI-64-AER_100vW_100SPD.npy
/home/rrekikdi/Bureau/postdoc/pseudo_image/images_npy_ms1/2023_02_03_Validation_LOTS-32-35_CITCRO_COLI_ENTASB_ENTHOR_ENTKOB_ENTROG-100vW_zSWATH_zPRM_100SPD/COLI-64-AER_zPRM_100SPD.npy,COLI-64-AER_zPRM_100SPD,COLI,ESCCOL,64,Escherichia coli,Escherichia coli,CLASSE (typo corrigee: COLI->ESCCOL),/home/rrekikdi/Bureau/postdoc/pseudo_image/ms1_processed_11classes/Escherichia coli/COLI-64-AER_zPRM_100SPD.npy
/home/rrekikdi/Bureau/postdoc/pseudo_image/images_npy_ms1/2023_02_03_Validation_LOTS-32-35_CITCRO_COLI_ENTASB_ENTHOR_ENTKOB_ENTROG-100vW_zSWATH_zPRM_100SPD/COLI-64-ANA_100vW_100SPD.npy,COLI-64-ANA_100vW_100SPD,COLI,ESCCOL,64,Escherichia coli,Escherichia coli,CLASSE (typo corrigee: COLI->ESCCOL),/home/rrekikdi/Bureau/postdoc/pseudo_image/ms1_processed_11classes/Escherichia coli/COLI-64-ANA_100vW_100SPD.npy
/home/rrekikdi/Bureau/postdoc/pseudo_image/images_npy_ms1/2023_02_03_Validation_LOTS-32-35_CITCRO_COLI_ENTASB_ENTHOR_ENTKOB_ENTROG-100vW_zSWATH_zPRM_100SPD/COLI-64-ANA_zPRM_100SPD.npy,COLI-64-ANA_zPRM_100SPD,COLI,ESCCOL,64,Escherichia coli,Escherichia coli,CLASSE (typo corrigee: COLI->ESCCOL),/home/rrekikdi/Bureau/postdoc/pseudo_image/ms1_processed_11classes/Escherichia coli/COLI-64-ANA_zPRM_100SPD.npy
/home/rrekikdi/Bureau/postdoc/pseudo_image/images_npy_ms1/2023_02_03_Validation_LOTS-32-35_CITCRO_COLI_ENTASB_ENTHOR_ENTKOB_ENTROG-100vW_zSWATH_zPRM_100SPD/COLI-68-AER_100vW_100SPD.npy,COLI-68-AER_100vW_100SPD,COLI,ESCCOL,68,Escherichia coli,Escherichia coli,CLASSE (typo corrigee: COLI->ESCCOL),/home/rrekikdi/Bureau/postdoc/pseudo_image/ms1_processed_11classes/Escherichia coli/COLI-68-AER_100vW_100SPD.npy
/home/rrekikdi/Bureau/postdoc/pseudo_image/images_npy_ms1/2023_02_03_Validation_LOTS-32-35_CITCRO_COLI_ENTASB_ENTHOR_ENTKOB_ENTROG-100vW_zSWATH_zPRM_100SPD/COLI-68-AER_zPRM_100SPD.npy,COLI-68-AER_zPRM_100SPD,COLI,ESCCOL,68,Escherichia coli,Escherichia coli,CLASSE (typo corrigee: COLI->ESCCOL),/home/rrekikdi/Bureau/postdoc/pseudo_image/ms1_processed_11classes/Escherichia coli/COLI-68-AER_zPRM_100SPD.npy
/home/rrekikdi/Bureau/postdoc/pseudo_image/images_npy_ms1/2023_02_03_Validation_LOTS-32-35_CITCRO_COLI_ENTASB_ENTHOR_ENTKOB_ENTROG-100vW_zSWATH_zPRM_100SPD/COLI-68-ANA_100vW_100SPD.npy,COLI-68-ANA_100vW_100SPD,COLI,ESCCOL,68,Escherichia coli,Escherichia coli,CLASSE (typo corrigee: COLI->ESCCOL),/home/rrekikdi/Bureau/postdoc/pseudo_image/ms1_processed_11classes/Escherichia coli/COLI-68-ANA_100vW_100SPD.npy
/home/rrekikdi/Bureau/postdoc/pseudo_image/images_npy_ms1/2023_02_03_Validation_LOTS-32-35_CITCRO_COLI_ENTASB_ENTHOR_ENTKOB_ENTROG-100vW_zSWATH_zPRM_100SPD/COLI-68-ANA_zPRM_100SPD.npy,COLI-68-ANA_zPRM_100SPD,COLI,ESCCOL,68,Escherichia coli,Escherichia coli,CLASSE (typo corrigee: COLI->ESCCOL),/home/rrekikdi/Bureau/postdoc/pseudo_image/ms1_processed_11classes/Escherichia coli/COLI-68-ANA_zPRM_100SPD.npy
/home/rrekikdi/Bureau/postdoc/pseudo_image/images_npy_ms1/2023_02_03_Validation_LOTS-32-35_CITCRO_COLI_ENTASB_ENTHOR_ENTKOB_ENTROG-100vW_zSWATH_zPRM_100SPD/COLI-93-AER_100vW_100SPD.npy,COLI-93-AER_100vW_100SPD,COLI,ESCCOL,93,Escherichia coli,Escherichia coli,CLASSE (typo corrigee: COLI->ESCCOL),/home/rrekikdi/Bureau/postdoc/pseudo_image/ms1_processed_11classes/Escherichia coli/COLI-93-AER_100vW_100SPD.npy
/home/rrekikdi/Bureau/postdoc/pseudo_image/images_npy_ms1/2023_02_03_Validation_LOTS-32-35_CITCRO_COLI_ENTASB_ENTHOR_ENTKOB_ENTROG-100vW_zSWATH_zPRM_100SPD/COLI-93-AER_zPRM_100SPD.npy,COLI-93-AER_zPRM_100SPD,COLI,ESCCOL,93,Escherichia coli,Escherichia coli,CLASSE (typo corrigee: COLI->ESCCOL),/home/rrekikdi/Bureau/postdoc/pseudo_image/ms1_processed_11classes/Escherichia coli/COLI-93-AER_zPRM_100SPD.npy
/home/rrekikdi/Bureau/postdoc/pseudo_image/images_npy_ms1/2023_02_03_Validation_LOTS-32-35_CITCRO_COLI_ENTASB_ENTHOR_ENTKOB_ENTROG-100vW_zSWATH_zPRM_100SPD/COLI-93-ANA_100vW_100SPD.npy,COLI-93-ANA_100vW_100SPD,COLI,ESCCOL,93,Escherichia coli,Escherichia coli,CLASSE (typo corrigee: COLI->ESCCOL),/home/rrekikdi/Bureau/postdoc/pseudo_image/ms1_processed_11classes/Escherichia coli/COLI-93-ANA_100vW_100SPD.npy
/home/rrekikdi/Bureau/postdoc/pseudo_image/images_npy_ms1/2023_02_03_Validation_LOTS-32-35_CITCRO_COLI_ENTASB_ENTHOR_ENTKOB_ENTROG-100vW_zSWATH_zPRM_100SPD/COLI-93-ANA_zPRM_100SPD.npy,COLI-93-ANA_zPRM_100SPD,COLI,ESCCOL,93,Escherichia coli,Escherichia coli,CLASSE (typo corrigee: COLI->ESCCOL),/home/rrekikdi/Bureau/postdoc/pseudo_image/ms1_processed_11classes/Escherichia coli/COLI-93-ANA_zPRM_100SPD.npy
/home/rrekikdi/Bureau/postdoc/pseudo_image/images_npy_ms1/2023_02_03_Validation_LOTS-32-35_CITCRO_COLI_ENTASB_ENTHOR_ENTKOB_ENTROG-100vW_zSWATH_zPRM_100SPD/ENTHOR-26-AER_100vW_100SPD.npy,ENTHOR-26-AER_100vW_100SPD,ENTHOR,ENTHOR,26,Enterobacter hormaechei hoffmannii,Enterobacter hormaechei,CLASSE,/home/rrekikdi/Bureau/postdoc/pseudo_image/ms1_processed_11classes/Enterobacter hormaechei/ENTHOR-26-AER_100vW_100SPD.npy
/home/rrekikdi/Bureau/postdoc/pseudo_image/images_npy_ms1/2023_02_03_Validation_LOTS-32-35_CITCRO_COLI_ENTASB_ENTHOR_ENTKOB_ENTROG-100vW_zSWATH_zPRM_100SPD/ENTHOR-26-AER_zPRM_100SPD.npy,ENTHOR-26-AER_zPRM_100SPD,ENTHOR,ENTHOR,26,Enterobacter hormaechei hoffmannii,Enterobacter hormaechei,CLASSE,/home/rrekikdi/Bureau/postdoc/pseudo_image/ms1_processed_11classes/Enterobacter hormaechei/ENTHOR-26-AER_zPRM_100SPD.npy
/home/rrekikdi/Bureau/postdoc/pseudo_image/images_npy_ms1/2023_02_03_Validation_LOTS-32-35_CITCRO_COLI_ENTASB_ENTHOR_ENTKOB_ENTROG-100vW_zSWATH_zPRM_100SPD/ENTHOR-26-ANA_100vW_100SPD.npy,ENTHOR-26-ANA_100vW_100SPD,ENTHOR,ENTHOR,26,Enterobacter hormaechei hoffmannii,Enterobacter hormaechei,CLASSE,/home/rrekikdi/Bureau/postdoc/pseudo_image/ms1_processed_11classes/Enterobacter hormaechei/ENTHOR-26-ANA_100vW_100SPD.npy
/home/rrekikdi/Bureau/postdoc/pseudo_image/images_npy_ms1/2023_02_03_Validation_LOTS-32-35_CITCRO_COLI_ENTASB_ENTHOR_ENTKOB_ENTROG-100vW_zSWATH_zPRM_100SPD/ENTHOR-26-ANA_zPRM_100SPD.npy,ENTHOR-26-ANA_zPRM_100SPD,ENTHOR,ENTHOR,26,Enterobacter hormaechei hoffmannii,Enterobacter hormaechei,CLASSE,/home/rrekikdi/Bureau/postdoc/pseudo_image/ms1_processed_11classes/Enterobacter hormaechei/ENTHOR-26-ANA_zPRM_100SPD.npy
/home/rrekikdi/Bureau/postdoc/pseudo_image/images_npy_ms1/2023_02_03_Validation_LOTS-32-35_CITCRO_COLI_ENTASB_ENTHOR_ENTKOB_ENTROG-100vW_zSWATH_zPRM_100SPD/ENTHOR-29-AER_100vW_100SPD.npy,ENTHOR-29-AER_100vW_100SPD,ENTHOR,ENTHOR,29,Enterobacter hormaechei hoffmannii,Enterobacter hormaechei,CLASSE,/home/rrekikdi/Bureau/postdoc/pseudo_image/ms1_processed_11classes/Enterobacter hormaechei/ENTHOR-29-AER_100vW_100SPD.npy
/home/rrekikdi/Bureau/postdoc/pseudo_image/images_npy_ms1/2023_02_03_Validation_LOTS-32-35_CITCRO_COLI_ENTASB_ENTHOR_ENTKOB_ENTROG-100vW_zSWATH_zPRM_100SPD/ENTHOR-29-AER_zPRM_100SPD.npy,ENTHOR-29-AER_zPRM_100SPD,ENTHOR,ENTHOR,29,Enterobacter hormaechei hoffmannii,Enterobacter hormaechei,CLASSE,/home/rrekikdi/Bureau/postdoc/pseudo_image/ms1_processed_11classes/Enterobacter hormaechei/ENTHOR-29-AER_zPRM_100SPD.npy
/home/rrekikdi/Bureau/postdoc/pseudo_image/images_npy_ms1/2023_02_03_Validation_LOTS-32-35_CITCRO_COLI_ENTASB_ENTHOR_ENTKOB_ENTROG-100vW_zSWATH_zPRM_100SPD/ENTHOR-29-ANA_100vW_100SPD.npy,ENTHOR-29-ANA_100vW_100SPD,ENTHOR,ENTHOR,29,Enterobacter hormaechei hoffmannii,Enterobacter hormaechei,CLASSE,/home/rrekikdi/Bureau/postdoc/pseudo_image/ms1_processed_11classes/Enterobacter hormaechei/ENTHOR-29-ANA_100vW_100SPD.npy
/home/rrekikdi/Bureau/postdoc/pseudo_image/images_npy_ms1/2023_02_03_Validation_LOTS-32-35_CITCRO_COLI_ENTASB_ENTHOR_ENTKOB_ENTROG-100vW_zSWATH_zPRM_100SPD/ENTHOR-29-ANA_zPRM_100SPD.npy,ENTHOR-29-ANA_zPRM_100SPD,ENTHOR,ENTHOR,29,Enterobacter hormaechei hoffmannii,Enterobacter hormaechei,CLASSE,/home/rrekikdi/Bureau/postdoc/pseudo_image/ms1_processed_11classes/Enterobacter hormaechei/ENTHOR-29-ANA_zPRM_100SPD.npy
/home/rrekikdi/Bureau/postdoc/pseudo_image/images_npy_ms1/2023_02_03_Validation_LOTS-32-35_CITCRO_COLI_ENTASB_ENTHOR_ENTKOB_ENTROG-100vW_zSWATH_zPRM_100SPD/ENTHOR-31-AER_100vW_100SPD.npy,ENTHOR-31-AER_100vW_100SPD,ENTHOR,ENTHOR,31,Enterobacter hormaechei hormaechei,Enterobacter hormaechei,CLASSE,/home/rrekikdi/Bureau/postdoc/pseudo_image/ms1_processed_11classes/Enterobacter hormaechei/ENTHOR-31-AER_100vW_100SPD.npy
/home/rrekikdi/Bureau/postdoc/pseudo_image/images_npy_ms1/2023_02_03_Validation_LOTS-32-35_CITCRO_COLI_ENTASB_ENTHOR_ENTKOB_ENTROG-100vW_zSWATH_zPRM_100SPD/ENTHOR-31-AER_zPRM_100SPD.npy,ENTHOR-31-AER_zPRM_100SPD,ENTHOR,ENTHOR,31,Enterobacter hormaechei hormaechei,Enterobacter hormaechei,CLASSE,/home/rrekikdi/Bureau/postdoc/pseudo_image/ms1_processed_11classes/Enterobacter hormaechei/ENTHOR-31-AER_zPRM_100SPD.npy
/home/rrekikdi/Bureau/postdoc/pseudo_image/images_npy_ms1/2023_02_03_Validation_LOTS-32-35_CITCRO_COLI_ENTASB_ENTHOR_ENTKOB_ENTROG-100vW_zSWATH_zPRM_100SPD/ENTHOR-31-ANA_100vW_100SPD.npy,ENTHOR-31-ANA_100vW_100SPD,ENTHOR,ENTHOR,31,Enterobacter hormaechei hormaechei,Enterobacter hormaechei,CLASSE,/home/rrekikdi/Bureau/postdoc/pseudo_image/ms1_processed_11classes/Enterobacter hormaechei/ENTHOR-31-ANA_100vW_100SPD.npy
/home/rrekikdi/Bureau/postdoc/pseudo_image/images_npy_ms1/2023_02_03_Validation_LOTS-32-35_CITCRO_COLI_ENTASB_ENTHOR_ENTKOB_ENTROG-100vW_zSWATH_zPRM_100SPD/ENTHOR-31-ANA_zPRM_100SPD.npy,ENTHOR-31-ANA_zPRM_100SPD,ENTHOR,ENTHOR,31,Enterobacter hormaechei hormaechei,Enterobacter hormaechei,CLASSE,/home/rrekikdi/Bureau/postdoc/pseudo_image/ms1_processed_11classes/Enterobacter hormaechei/ENTHOR-31-ANA_zPRM_100SPD.npy
/home/rrekikdi/Bureau/postdoc/pseudo_image/images_npy_ms1/2023_02_03_Validation_LOTS-32-35_CITCRO_COLI_ENTASB_ENTHOR_ENTKOB_ENTROG-100vW_zSWATH_zPRM_100SPD/ENTHOR-52-AER_100vW_100SPD.npy,ENTHOR-52-AER_100vW_100SPD,ENTHOR,ENTHOR,52,Enterobacter hormaechei steigerwaltii,Enterobacter hormaechei,CLASSE,/home/rrekikdi/Bureau/postdoc/pseudo_image/ms1_processed_11classes/Enterobacter hormaechei/ENTHOR-52-AER_100vW_100SPD.npy
/home/rrekikdi/Bureau/postdoc/pseudo_image/images_npy_ms1/2023_02_03_Validation_LOTS-32-35_CITCRO_COLI_ENTASB_ENTHOR_ENTKOB_ENTROG-100vW_zSWATH_zPRM_100SPD/ENTHOR-52-AER_zPRM_100SPD.npy,ENTHOR-52-AER_zPRM_100SPD,ENTHOR,ENTHOR,52,Enterobacter hormaechei steigerwaltii,Enterobacter hormaechei,CLASSE,/home/rrekikdi/Bureau/postdoc/pseudo_image/ms1_processed_11classes/Enterobacter hormaechei/ENTHOR-52-AER_zPRM_100SPD.npy
/home/rrekikdi/Bureau/postdoc/pseudo_image/images_npy_ms1/2023_02_03_Validation_LOTS-32-35_CITCRO_COLI_ENTASB_ENTHOR_ENTKOB_ENTROG-100vW_zSWATH_zPRM_100SPD/ENTHOR-52-ANA_100vW_100SPD.npy,ENTHOR-52-ANA_100vW_100SPD,ENTHOR,ENTHOR,52,Enterobacter hormaechei steigerwaltii,Enterobacter hormaechei,CLASSE,/home/rrekikdi/Bureau/postdoc/pseudo_image/ms1_processed_11classes/Enterobacter hormaechei/ENTHOR-52-ANA_100vW_100SPD.npy
/home/rrekikdi/Bureau/postdoc/pseudo_image/images_npy_ms1/2023_02_03_Validation_LOTS-32-35_CITCRO_COLI_ENTASB_ENTHOR_ENTKOB_ENTROG-100vW_zSWATH_zPRM_100SPD/ENTHOR-52-ANA_zPRM_100SPD.npy,ENTHOR-52-ANA_zPRM_100SPD,ENTHOR,ENTHOR,52,Enterobacter hormaechei steigerwaltii,Enterobacter hormaechei,CLASSE,/home/rrekikdi/Bureau/postdoc/pseudo_image/ms1_processed_11classes/Enterobacter hormaechei/ENTHOR-52-ANA_zPRM_100SPD.npy
/home/rrekikdi/Bureau/postdoc/pseudo_image/images_npy_ms1/2023_02_03_Validation_LOTS-32-35_CITCRO_COLI_ENTASB_ENTHOR_ENTKOB_ENTROG-100vW_zSWATH_zPRM_100SPD/ENTHOR-55-AER_100vW_100SPD.npy,ENTHOR-55-AER_100vW_100SPD,ENTHOR,ENTHOR,55,Enterobacter hormaechei steigerwaltii,Enterobacter hormaechei,CLASSE,/home/rrekikdi/Bureau/postdoc/pseudo_image/ms1_processed_11classes/Enterobacter hormaechei/ENTHOR-55-AER_100vW_100SPD.npy
/home/rrekikdi/Bureau/postdoc/pseudo_image/images_npy_ms1/2023_02_03_Validation_LOTS-32-35_CITCRO_COLI_ENTASB_ENTHOR_ENTKOB_ENTROG-100vW_zSWATH_zPRM_100SPD/ENTHOR-55-AER_zPRM_100SPD.npy,ENTHOR-55-AER_zPRM_100SPD,ENTHOR,ENTHOR,55,Enterobacter hormaechei steigerwaltii,Enterobacter hormaechei,CLASSE,/home/rrekikdi/Bureau/postdoc/pseudo_image/ms1_processed_11classes/Enterobacter hormaechei/ENTHOR-55-AER_zPRM_100SPD.npy
/home/rrekikdi/Bureau/postdoc/pseudo_image/images_npy_ms1/2023_02_03_Validation_LOTS-32-35_CITCRO_COLI_ENTASB_ENTHOR_ENTKOB_ENTROG-100vW_zSWATH_zPRM_100SPD/ENTHOR-55-ANA_100vW_100SPD.npy,ENTHOR-55-ANA_100vW_100SPD,ENTHOR,ENTHOR,55,Enterobacter hormaechei steigerwaltii,Enterobacter hormaechei,CLASSE,/home/rrekikdi/Bureau/postdoc/pseudo_image/ms1_processed_11classes/Enterobacter hormaechei/ENTHOR-55-ANA_100vW_100SPD.npy
/home/rrekikdi/Bureau/postdoc/pseudo_image/images_npy_ms1/2023_02_03_Validation_LOTS-32-35_CITCRO_COLI_ENTASB_ENTHOR_ENTKOB_ENTROG-100vW_zSWATH_zPRM_100SPD/ENTHOR-55-ANA_zPRM_100SPD.npy,ENTHOR-55-ANA_zPRM_100SPD,ENTHOR,ENTHOR,55,Enterobacter hormaechei steigerwaltii,Enterobacter hormaechei,CLASSE,/home/rrekikdi/Bureau/postdoc/pseudo_image/ms1_processed_11classes/Enterobacter hormaechei/ENTHOR-55-ANA_zPRM_100SPD.npy
/home/rrekikdi/Bureau/postdoc/pseudo_image/images_npy_ms1/2023_02_03_Validation_LOTS-32-35_CITCRO_COLI_ENTASB_ENTHOR_ENTKOB_ENTROG-100vW_zSWATH_zPRM_100SPD/ENTHOR-56-AER_100vW_100SPD.npy,ENTHOR-56-AER_100vW_100SPD,ENTHOR,ENTHOR,56,Enterobacter hormaechei steigerwaltii,Enterobacter hormaechei,CLASSE,/home/rrekikdi/Bureau/postdoc/pseudo_image/ms1_processed_11classes/Enterobacter hormaechei/ENTHOR-56-AER_100vW_100SPD.npy
/home/rrekikdi/Bureau/postdoc/pseudo_image/images_npy_ms1/2023_02_03_Validation_LOTS-32-35_CITCRO_COLI_ENTASB_ENTHOR_ENTKOB_ENTROG-100vW_zSWATH_zPRM_100SPD/ENTHOR-56-AER_zPRM_100SPD.npy,ENTHOR-56-AER_zPRM_100SPD,ENTHOR,ENTHOR,56,Enterobacter hormaechei steigerwaltii,Enterobacter hormaechei,CLASSE,/home/rrekikdi/Bureau/postdoc/pseudo_image/ms1_processed_11classes/Enterobacter hormaechei/ENTHOR-56-AER_zPRM_100SPD.npy
/home/rrekikdi/Bureau/postdoc/pseudo_image/images_npy_ms1/2023_02_03_Validation_LOTS-32-35_CITCRO_COLI_ENTASB_ENTHOR_ENTKOB_ENTROG-100vW_zSWATH_zPRM_100SPD/ENTHOR-56-ANA_100vW_100SPD.npy,ENTHOR-56-ANA_100vW_100SPD,ENTHOR,ENTHOR,56,Enterobacter hormaechei steigerwaltii,Enterobacter hormaechei,CLASSE,/home/rrekikdi/Bureau/postdoc/pseudo_image/ms1_processed_11classes/Enterobacter hormaechei/ENTHOR-56-ANA_100vW_100SPD.npy
/home/rrekikdi/Bureau/postdoc/pseudo_image/images_npy_ms1/2023_02_03_Validation_LOTS-32-35_CITCRO_COLI_ENTASB_ENTHOR_ENTKOB_ENTROG-100vW_zSWATH_zPRM_100SPD/ENTHOR-56-ANA_zPRM_100SPD.npy,ENTHOR-56-ANA_zPRM_100SPD,ENTHOR,ENTHOR,56,Enterobacter hormaechei steigerwaltii,Enterobacter hormaechei,CLASSE,/home/rrekikdi/Bureau/postdoc/pseudo_image/ms1_processed_11classes/Enterobacter hormaechei/ENTHOR-56-ANA_zPRM_100SPD.npy
/home/rrekikdi/Bureau/postdoc/pseudo_image/images_npy_ms1/2023_02_03_Validation_LOTS-32-35_CITCRO_COLI_ENTASB_ENTHOR_ENTKOB_ENTROG-100vW_zSWATH_zPRM_100SPD/ENTHOR-58-AER_100vW_100SPD.npy,ENTHOR-58-AER_100vW_100SPD,ENTHOR,ENTHOR,58,Enterobacter hormaechei steigerwaltii,Enterobacter hormaechei,CLASSE,/home/rrekikdi/Bureau/postdoc/pseudo_image/ms1_processed_11classes/Enterobacter hormaechei/ENTHOR-58-AER_100vW_100SPD.npy
/home/rrekikdi/Bureau/postdoc/pseudo_image/images_npy_ms1/2023_02_03_Validation_LOTS-32-35_CITCRO_COLI_ENTASB_ENTHOR_ENTKOB_ENTROG-100vW_zSWATH_zPRM_100SPD/ENTHOR-58-AER_zPRM_100SPD.npy,ENTHOR-58-AER_zPRM_100SPD,ENTHOR,ENTHOR,58,Enterobacter hormaechei steigerwaltii,Enterobacter hormaechei,CLASSE,/home/rrekikdi/Bureau/postdoc/pseudo_image/ms1_processed_11classes/Enterobacter hormaechei/ENTHOR-58-AER_zPRM_100SPD.npy
/home/rrekikdi/Bureau/postdoc/pseudo_image/images_npy_ms1/2023_02_03_Validation_LOTS-32-35_CITCRO_COLI_ENTASB_ENTHOR_ENTKOB_ENTROG-100vW_zSWATH_zPRM_100SPD/ENTHOR-58-ANA_100vW_100SPD.npy,ENTHOR-58-ANA_100vW_100SPD,ENTHOR,ENTHOR,58,Enterobacter hormaechei steigerwaltii,Enterobacter hormaechei,CLASSE,/home/rrekikdi/Bureau/postdoc/pseudo_image/ms1_processed_11classes/Enterobacter hormaechei/ENTHOR-58-ANA_100vW_100SPD.npy
/home/rrekikdi/Bureau/postdoc/pseudo_image/images_npy_ms1/2023_02_03_Validation_LOTS-32-35_CITCRO_COLI_ENTASB_ENTHOR_ENTKOB_ENTROG-100vW_zSWATH_zPRM_100SPD/ENTHOR-58-ANA_zPRM_100SPD.npy,ENTHOR-58-ANA_zPRM_100SPD,ENTHOR,ENTHOR,58,Enterobacter hormaechei steigerwaltii,Enterobacter hormaechei,CLASSE,/home/rrekikdi/Bureau/postdoc/pseudo_image/ms1_processed_11classes/Enterobacter hormaechei/ENTHOR-58-ANA_zPRM_100SPD.npy
/home/rrekikdi/Bureau/postdoc/pseudo_image/images_npy_ms1/2023_02_03_Validation_LOTS-32-35_CITCRO_COLI_ENTASB_ENTHOR_ENTKOB_ENTROG-100vW_zSWATH_zPRM_100SPD/ENTHOR-63-AER_100vW_100SPD.npy,ENTHOR-63-AER_100vW_100SPD,ENTHOR,ENTHOR,63,Enterobacter hormaechei steigerwaltii,Enterobacter hormaechei,CLASSE,/home/rrekikdi/Bureau/postdoc/pseudo_image/ms1_processed_11classes/Enterobacter hormaechei/ENTHOR-63-AER_100vW_100SPD.npy
/home/rrekikdi/Bureau/postdoc/pseudo_image/images_npy_ms1/2023_02_03_Validation_LOTS-32-35_CITCRO_COLI_ENTASB_ENTHOR_ENTKOB_ENTROG-100vW_zSWATH_zPRM_100SPD/ENTHOR-63-AER_zPRM_100SPD.npy,ENTHOR-63-AER_zPRM_100SPD,ENTHOR,ENTHOR,63,Enterobacter hormaechei steigerwaltii,Enterobacter hormaechei,CLASSE,/home/rrekikdi/Bureau/postdoc/pseudo_image/ms1_processed_11classes/Enterobacter hormaechei/ENTHOR-63-AER_zPRM_100SPD.npy
/home/rrekikdi/Bureau/postdoc/pseudo_image/images_npy_ms1/2023_02_03_Validation_LOTS-32-35_CITCRO_COLI_ENTASB_ENTHOR_ENTKOB_ENTROG-100vW_zSWATH_zPRM_100SPD/ENTHOR-63-ANA_100vW_100SPD.npy,ENTHOR-63-ANA_100vW_100SPD,ENTHOR,ENTHOR,63,Enterobacter hormaechei steigerwaltii,Enterobacter hormaechei,CLASSE,/home/rrekikdi/Bureau/postdoc/pseudo_image/ms1_processed_11classes/Enterobacter hormaechei/ENTHOR-63-ANA_100vW_100SPD.npy
/home/rrekikdi/Bureau/postdoc/pseudo_image/images_npy_ms1/2023_02_03_Validation_LOTS-32-35_CITCRO_COLI_ENTASB_ENTHOR_ENTKOB_ENTROG-100vW_zSWATH_zPRM_100SPD/ENTHOR-63-ANA_zPRM_100SPD.npy,ENTHOR-63-ANA_zPRM_100SPD,ENTHOR,ENTHOR,63,Enterobacter hormaechei steigerwaltii,Enterobacter hormaechei,CLASSE,/home/rrekikdi/Bureau/postdoc/pseudo_image/ms1_processed_11classes/Enterobacter hormaechei/ENTHOR-63-ANA_zPRM_100SPD.npy
/home/rrekikdi/Bureau/postdoc/pseudo_image/images_npy_ms1/2023_02_03_Validation_LOTS-32-35_CITCRO_COLI_ENTASB_ENTHOR_ENTKOB_ENTROG-100vW_zSWATH_zPRM_100SPD/ENTHOR-65-AER_100vW_100SPD.npy,ENTHOR-65-AER_100vW_100SPD,ENTHOR,ENTHOR,65,Enterobacter hormaechei steigerwaltii,Enterobacter hormaechei,CLASSE,/home/rrekikdi/Bureau/postdoc/pseudo_image/ms1_processed_11classes/Enterobacter hormaechei/ENTHOR-65-AER_100vW_100SPD.npy
/home/rrekikdi/Bureau/postdoc/pseudo_image/images_npy_ms1/2023_02_03_Validation_LOTS-32-35_CITCRO_COLI_ENTASB_ENTHOR_ENTKOB_ENTROG-100vW_zSWATH_zPRM_100SPD/ENTHOR-65-AER_zPRM_100SPD.npy,ENTHOR-65-AER_zPRM_100SPD,ENTHOR,ENTHOR,65,Enterobacter hormaechei steigerwaltii,Enterobacter hormaechei,CLASSE,/home/rrekikdi/Bureau/postdoc/pseudo_image/ms1_processed_11classes/Enterobacter hormaechei/ENTHOR-65-AER_zPRM_100SPD.npy
/home/rrekikdi/Bureau/postdoc/pseudo_image/images_npy_ms1/2023_02_03_Validation_LOTS-32-35_CITCRO_COLI_ENTASB_ENTHOR_ENTKOB_ENTROG-100vW_zSWATH_zPRM_100SPD/ENTHOR-65-ANA_100vW_100SPD.npy,ENTHOR-65-ANA_100vW_100SPD,ENTHOR,ENTHOR,65,Enterobacter hormaechei steigerwaltii,Enterobacter hormaechei,CLASSE,/home/rrekikdi/Bureau/postdoc/pseudo_image/ms1_processed_11classes/Enterobacter hormaechei/ENTHOR-65-ANA_100vW_100SPD.npy
/home/rrekikdi/Bureau/postdoc/pseudo_image/images_npy_ms1/2023_02_03_Validation_LOTS-32-35_CITCRO_COLI_ENTASB_ENTHOR_ENTKOB_ENTROG-100vW_zSWATH_zPRM_100SPD/ENTHOR-65-ANA_zPRM_100SPD.npy,ENTHOR-65-ANA_zPRM_100SPD,ENTHOR,ENTHOR,65,Enterobacter hormaechei steigerwaltii,Enterobacter hormaechei,CLASSE,/home/rrekikdi/Bureau/postdoc/pseudo_image/ms1_processed_11classes/Enterobacter hormaechei/ENTHOR-65-ANA_zPRM_100SPD.npy
/home/rrekikdi/Bureau/postdoc/pseudo_image/images_npy_ms1/2023_02_03_Validation_LOTS-32-35_CITCRO_COLI_ENTASB_ENTHOR_ENTKOB_ENTROG-100vW_zSWATH_zPRM_100SPD/ENTHOR-87-AER_100vW_100SPD.npy,ENTHOR-87-AER_100vW_100SPD,ENTHOR,ENTHOR,87,Enterobacter hormaechei xiangfangensis,Enterobacter hormaechei,CLASSE,/home/rrekikdi/Bureau/postdoc/pseudo_image/ms1_processed_11classes/Enterobacter hormaechei/ENTHOR-87-AER_100vW_100SPD.npy
/home/rrekikdi/Bureau/postdoc/pseudo_image/images_npy_ms1/2023_02_03_Validation_LOTS-32-35_CITCRO_COLI_ENTASB_ENTHOR_ENTKOB_ENTROG-100vW_zSWATH_zPRM_100SPD/ENTHOR-87-AER_zPRM_100SPD.npy,ENTHOR-87-AER_zPRM_100SPD,ENTHOR,ENTHOR,87,Enterobacter hormaechei xiangfangensis,Enterobacter hormaechei,CLASSE,/home/rrekikdi/Bureau/postdoc/pseudo_image/ms1_processed_11classes/Enterobacter hormaechei/ENTHOR-87-AER_zPRM_100SPD.npy
/home/rrekikdi/Bureau/postdoc/pseudo_image/images_npy_ms1/2023_02_03_Validation_LOTS-32-35_CITCRO_COLI_ENTASB_ENTHOR_ENTKOB_ENTROG-100vW_zSWATH_zPRM_100SPD/ENTHOR-87-ANA_100vW_100SPD.npy,ENTHOR-87-ANA_100vW_100SPD,ENTHOR,ENTHOR,87,Enterobacter hormaechei xiangfangensis,Enterobacter hormaechei,CLASSE,/home/rrekikdi/Bureau/postdoc/pseudo_image/ms1_processed_11classes/Enterobacter hormaechei/ENTHOR-87-ANA_100vW_100SPD.npy
/home/rrekikdi/Bureau/postdoc/pseudo_image/images_npy_ms1/2023_02_03_Validation_LOTS-32-35_CITCRO_COLI_ENTASB_ENTHOR_ENTKOB_ENTROG-100vW_zSWATH_zPRM_100SPD/ENTHOR-87-ANA_zPRM_100SPD.npy,ENTHOR-87-ANA_zPRM_100SPD,ENTHOR,ENTHOR,87,Enterobacter hormaechei xiangfangensis,Enterobacter hormaechei,CLASSE,/home/rrekikdi/Bureau/postdoc/pseudo_image/ms1_processed_11classes/Enterobacter hormaechei/ENTHOR-87-ANA_zPRM_100SPD.npy
/home/rrekikdi/Bureau/postdoc/pseudo_image/images_npy_ms1/2023_02_03_Validation_LOTS-32-35_CITCRO_COLI_ENTASB_ENTHOR_ENTKOB_ENTROG-100vW_zSWATH_zPRM_100SPD/ENTHOR-90-AER_100vW_100SPD.npy,ENTHOR-90-AER_100vW_100SPD,ENTHOR,ENTHOR,90,Enterobacter hormaechei xiangfangensis,Enterobacter hormaechei,CLASSE,/home/rrekikdi/Bureau/postdoc/pseudo_image/ms1_processed_11classes/Enterobacter hormaechei/ENTHOR-90-AER_100vW_100SPD.npy
/home/rrekikdi/Bureau/postdoc/pseudo_image/images_npy_ms1/2023_02_03_Validation_LOTS-32-35_CITCRO_COLI_ENTASB_ENTHOR_ENTKOB_ENTROG-100vW_zSWATH_zPRM_100SPD/ENTHOR-90-AER_zPRM_100SPD.npy,ENTHOR-90-AER_zPRM_100SPD,ENTHOR,ENTHOR,90,Enterobacter hormaechei xiangfangensis,Enterobacter hormaechei,CLASSE,/home/rrekikdi/Bureau/postdoc/pseudo_image/ms1_processed_11classes/Enterobacter hormaechei/ENTHOR-90-AER_zPRM_100SPD.npy
/home/rrekikdi/Bureau/postdoc/pseudo_image/images_npy_ms1/2023_02_03_Validation_LOTS-32-35_CITCRO_COLI_ENTASB_ENTHOR_ENTKOB_ENTROG-100vW_zSWATH_zPRM_100SPD/ENTHOR-90-ANA_100vW_100SPD.npy,ENTHOR-90-ANA_100vW_100SPD,ENTHOR,ENTHOR,90,Enterobacter hormaechei xiangfangensis,Enterobacter hormaechei,CLASSE,/home/rrekikdi/Bureau/postdoc/pseudo_image/ms1_processed_11classes/Enterobacter hormaechei/ENTHOR-90-ANA_100vW_100SPD.npy
/home/rrekikdi/Bureau/postdoc/pseudo_image/images_npy_ms1/2023_02_03_Validation_LOTS-32-35_CITCRO_COLI_ENTASB_ENTHOR_ENTKOB_ENTROG-100vW_zSWATH_zPRM_100SPD/ENTHOR-90-ANA_zPRM_100SPD.npy,ENTHOR-90-ANA_zPRM_100SPD,ENTHOR,ENTHOR,90,Enterobacter hormaechei xiangfangensis,Enterobacter hormaechei,CLASSE,/home/rrekikdi/Bureau/postdoc/pseudo_image/ms1_processed_11classes/Enterobacter hormaechei/ENTHOR-90-ANA_zPRM_100SPD.npy
/home/rrekikdi/Bureau/postdoc/pseudo_image/images_npy_ms1/2023_02_07_Validation_LOTS-34-36_COLI-100vW_zSWATH_100SPD/COLI-108-AER_100vW_100SPD.npy,COLI-108-AER_100vW_100SPD,COLI,ESCCOL,108,Escherichia coli,Escherichia coli,CLASSE (typo corrigee: COLI->ESCCOL),/home/rrekikdi/Bureau/postdoc/pseudo_image/ms1_processed_11classes/Escherichia coli/COLI-108-AER_100vW_100SPD.npy
/home/rrekikdi/Bureau/postdoc/pseudo_image/images_npy_ms1/2023_02_07_Validation_LOTS-34-36_COLI-100vW_zSWATH_100SPD/COLI-108-ANA_100vW_100SPD.npy,COLI-108-ANA_100vW_100SPD,COLI,ESCCOL,108,Escherichia coli,Escherichia coli,CLASSE (typo corrigee: COLI->ESCCOL),/home/rrekikdi/Bureau/postdoc/pseudo_image/ms1_processed_11classes/Escherichia coli/COLI-108-ANA_100vW_100SPD.npy
/home/rrekikdi/Bureau/postdoc/pseudo_image/images_npy_ms1/2023_02_07_Validation_LOTS-34-36_COLI-100vW_zSWATH_100SPD/COLI-111-AER_100vW_100SPD.npy,COLI-111-AER_100vW_100SPD,COLI,ESCCOL,111,Escherichia coli,Escherichia coli,CLASSE (typo corrigee: COLI->ESCCOL),/home/rrekikdi/Bureau/postdoc/pseudo_image/ms1_processed_11classes/Escherichia coli/COLI-111-AER_100vW_100SPD.npy
/home/rrekikdi/Bureau/postdoc/pseudo_image/images_npy_ms1/2023_02_07_Validation_LOTS-34-36_COLI-100vW_zSWATH_100SPD/COLI-111-ANA_100vW_100SPD.npy,COLI-111-ANA_100vW_100SPD,COLI,ESCCOL,111,Escherichia coli,Escherichia coli,CLASSE (typo corrigee: COLI->ESCCOL),/home/rrekikdi/Bureau/postdoc/pseudo_image/ms1_processed_11classes/Escherichia coli/COLI-111-ANA_100vW_100SPD.npy
/home/rrekikdi/Bureau/postdoc/pseudo_image/images_npy_ms1/2023_02_07_Validation_LOTS-34-36_COLI-100vW_zSWATH_100SPD/COLI-136-AER_100vW_100SPD.npy,COLI-136-AER_100vW_100SPD,COLI,ESCCOL,136,Escherichia coli,Escherichia coli,CLASSE (typo corrigee: COLI->ESCCOL),/home/rrekikdi/Bureau/postdoc/pseudo_image/ms1_processed_11classes/Escherichia coli/COLI-136-AER_100vW_100SPD.npy
/home/rrekikdi/Bureau/postdoc/pseudo_image/images_npy_ms1/2023_02_07_Validation_LOTS-34-36_COLI-100vW_zSWATH_100SPD/COLI-136-ANA_100vW_100SPD.npy,COLI-136-ANA_100vW_100SPD,COLI,ESCCOL,136,Escherichia coli,Escherichia coli,CLASSE (typo corrigee: COLI->ESCCOL),/home/rrekikdi/Bureau/postdoc/pseudo_image/ms1_processed_11classes/Escherichia coli/COLI-136-ANA_100vW_100SPD.npy
/home/rrekikdi/Bureau/postdoc/pseudo_image/images_npy_ms1/2023_02_07_Validation_LOTS-34-36_COLI-100vW_zSWATH_100SPD/COLI-141-AER_100vW_100SPD.npy,COLI-141-AER_100vW_100SPD,COLI,ESCCOL,141,Escherichia coli,Escherichia coli,CLASSE (typo corrigee: COLI->ESCCOL),/home/rrekikdi/Bureau/postdoc/pseudo_image/ms1_processed_11classes/Escherichia coli/COLI-141-AER_100vW_100SPD.npy
/home/rrekikdi/Bureau/postdoc/pseudo_image/images_npy_ms1/2023_02_07_Validation_LOTS-34-36_COLI-100vW_zSWATH_100SPD/COLI-141-ANA_100vW_100SPD.npy,COLI-141-ANA_100vW_100SPD,COLI,ESCCOL,141,Escherichia coli,Escherichia coli,CLASSE (typo corrigee: COLI->ESCCOL),/home/rrekikdi/Bureau/postdoc/pseudo_image/ms1_processed_11classes/Escherichia coli/COLI-141-ANA_100vW_100SPD.npy
/home/rrekikdi/Bureau/postdoc/pseudo_image/images_npy_ms1/2023_02_07_Validation_LOTS-34-36_COLI-100vW_zSWATH_100SPD/COLI-142-AER_100vW_100SPD.npy,COLI-142-AER_100vW_100SPD,COLI,ESCCOL,142,Escherichia coli,Escherichia coli,CLASSE (typo corrigee: COLI->ESCCOL),/home/rrekikdi/Bureau/postdoc/pseudo_image/ms1_processed_11classes/Escherichia coli/COLI-142-AER_100vW_100SPD.npy
/home/rrekikdi/Bureau/postdoc/pseudo_image/images_npy_ms1/2023_02_07_Validation_LOTS-34-36_COLI-100vW_zSWATH_100SPD/COLI-142-ANA_100vW_100SPD.npy,COLI-142-ANA_100vW_100SPD,COLI,ESCCOL,142,Escherichia coli,Escherichia coli,CLASSE (typo corrigee: COLI->ESCCOL),/home/rrekikdi/Bureau/postdoc/pseudo_image/ms1_processed_11classes/Escherichia coli/COLI-142-ANA_100vW_100SPD.npy
/home/rrekikdi/Bureau/postdoc/pseudo_image/images_npy_ms1/2023_02_07_Validation_LOTS-34-36_COLI-100vW_zSWATH_100SPD/COLI-144-AER_100vW_100SPD.npy,COLI-144-AER_100vW_100SPD,COLI,ESCCOL,144,Escherichia coli,Escherichia coli,CLASSE (typo corrigee: COLI->ESCCOL),/home/rrekikdi/Bureau/postdoc/pseudo_image/ms1_processed_11classes/Escherichia coli/COLI-144-AER_100vW_100SPD.npy
/home/rrekikdi/Bureau/postdoc/pseudo_image/images_npy_ms1/2023_02_07_Validation_LOTS-34-36_COLI-100vW_zSWATH_100SPD/COLI-144-ANA_100vW_100SPD.npy,COLI-144-ANA_100vW_100SPD,COLI,ESCCOL,144,Escherichia coli,Escherichia coli,CLASSE (typo corrigee: COLI->ESCCOL),/home/rrekikdi/Bureau/postdoc/pseudo_image/ms1_processed_11classes/Escherichia coli/COLI-144-ANA_100vW_100SPD.npy
/home/rrekikdi/Bureau/postdoc/pseudo_image/images_npy_ms1/2023_02_07_Validation_LOTS-34-36_COLI-100vW_zSWATH_100SPD/COLI-145-AER_100vW_100SPD.npy,COLI-145-AER_100vW_100SPD,COLI,ESCCOL,145,Escherichia coli,Escherichia coli,CLASSE (typo corrigee: COLI->ESCCOL),/home/rrekikdi/Bureau/postdoc/pseudo_image/ms1_processed_11classes/Escherichia coli/COLI-145-AER_100vW_100SPD.npy
/home/rrekikdi/Bureau/postdoc/pseudo_image/images_npy_ms1/2023_02_07_Validation_LOTS-34-36_COLI-100vW_zSWATH_100SPD/COLI-145-ANA_100vW_100SPD.npy,COLI-145-ANA_100vW_100SPD,COLI,ESCCOL,145,Escherichia coli,Escherichia coli,CLASSE (typo corrigee: COLI->ESCCOL),/home/rrekikdi/Bureau/postdoc/pseudo_image/ms1_processed_11classes/Escherichia coli/COLI-145-ANA_100vW_100SPD.npy
/home/rrekikdi/Bureau/postdoc/pseudo_image/images_npy_ms1/2023_02_07_Validation_LOTS-34-36_COLI-100vW_zSWATH_100SPD/COLI-166-AER_100vW_100SPD.npy,COLI-166-AER_100vW_100SPD,COLI,ESCCOL,166,Escherichia coli,Escherichia coli,CLASSE (typo corrigee: COLI->ESCCOL),/home/rrekikdi/Bureau/postdoc/pseudo_image/ms1_processed_11classes/Escherichia coli/COLI-166-AER_100vW_100SPD.npy
/home/rrekikdi/Bureau/postdoc/pseudo_image/images_npy_ms1/2023_02_07_Validation_LOTS-34-36_COLI-100vW_zSWATH_100SPD/COLI-166-ANA_100vW_100SPD.npy,COLI-166-ANA_100vW_100SPD,COLI,ESCCOL,166,Escherichia coli,Escherichia coli,CLASSE (typo corrigee: COLI->ESCCOL),/home/rrekikdi/Bureau/postdoc/pseudo_image/ms1_processed_11classes/Escherichia coli/COLI-166-ANA_100vW_100SPD.npy
/home/rrekikdi/Bureau/postdoc/pseudo_image/images_npy_ms1/2023_02_07_Validation_LOTS-34-36_COLI-100vW_zSWATH_100SPD/COLI-174-AER_100vW_100SPD.npy,COLI-174-AER_100vW_100SPD,COLI,ESCCOL,174,Escherichia coli,Escherichia coli,CLASSE (typo corrigee: COLI->ESCCOL),/home/rrekikdi/Bureau/postdoc/pseudo_image/ms1_processed_11classes/Escherichia coli/COLI-174-AER_100vW_100SPD.npy
/home/rrekikdi/Bureau/postdoc/pseudo_image/images_npy_ms1/2023_02_07_Validation_LOTS-34-36_COLI-100vW_zSWATH_100SPD/COLI-174-ANA_100vW_100SPD.npy,COLI-174-ANA_100vW_100SPD,COLI,ESCCOL,174,Escherichia coli,Escherichia coli,CLASSE (typo corrigee: COLI->ESCCOL),/home/rrekikdi/Bureau/postdoc/pseudo_image/ms1_processed_11classes/Escherichia coli/COLI-174-ANA_100vW_100SPD.npy
/home/rrekikdi/Bureau/postdoc/pseudo_image/images_npy_ms1/2023_02_07_Validation_LOTS-34-36_COLI-100vW_zSWATH_100SPD/COLI-187-AER_100vW_100SPD.npy,COLI-187-AER_100vW_100SPD,COLI,ESCCOL,187,Escherichia coli,Escherichia coli,CLASSE (typo corrigee: COLI->ESCCOL),/home/rrekikdi/Bureau/postdoc/pseudo_image/ms1_processed_11classes/Escherichia coli/COLI-187-AER_100vW_100SPD.npy
/home/rrekikdi/Bureau/postdoc/pseudo_image/images_npy_ms1/2023_02_07_Validation_LOTS-34-36_COLI-100vW_zSWATH_100SPD/COLI-187-ANA_100vW_100SPD.npy,COLI-187-ANA_100vW_100SPD,COLI,ESCCOL,187,Escherichia coli,Escherichia coli,CLASSE (typo corrigee: COLI->ESCCOL),/home/rrekikdi/Bureau/postdoc/pseudo_image/ms1_processed_11classes/Escherichia coli/COLI-187-ANA_100vW_100SPD.npy
/home/rrekikdi/Bureau/postdoc/pseudo_image/images_npy_ms1/2023_02_07_Validation_LOTS-34-36_COLI-100vW_zSWATH_100SPD/COLI-198-AER_100vW_100SPD.npy,COLI-198-AER_100vW_100SPD,COLI,ESCCOL,198,Escherichia coli,Escherichia coli,CLASSE (typo corrigee: COLI->ESCCOL),/home/rrekikdi/Bureau/postdoc/pseudo_image/ms1_processed_11classes/Escherichia coli/COLI-198-AER_100vW_100SPD.npy
/home/rrekikdi/Bureau/postdoc/pseudo_image/images_npy_ms1/2023_02_07_Validation_LOTS-34-36_COLI-100vW_zSWATH_100SPD/COLI-198-ANA_100vW_100SPD.npy,COLI-198-ANA_100vW_100SPD,COLI,ESCCOL,198,Escherichia coli,Escherichia coli,CLASSE (typo corrigee: COLI->ESCCOL),/home/rrekikdi/Bureau/postdoc/pseudo_image/ms1_processed_11classes/Escherichia coli/COLI-198-ANA_100vW_100SPD.npy
/home/rrekikdi/Bureau/postdoc/pseudo_image/images_npy_ms1/2023_02_07_Validation_LOTS-34-36_COLI-100vW_zSWATH_100SPD/COLI-200-AER_100vW_100SPD.npy,COLI-200-AER_100vW_100SPD,COLI,ESCCOL,200,Escherichia coli,Escherichia coli,CLASSE (typo corrigee: COLI->ESCCOL),/home/rrekikdi/Bureau/postdoc/pseudo_image/ms1_processed_11classes/Escherichia coli/COLI-200-AER_100vW_100SPD.npy
/home/rrekikdi/Bureau/postdoc/pseudo_image/images_npy_ms1/2023_02_07_Validation_LOTS-34-36_COLI-100vW_zSWATH_100SPD/COLI-200-ANA_100vW_100SPD.npy,COLI-200-ANA_100vW_100SPD,COLI,ESCCOL,200,Escherichia coli,Escherichia coli,CLASSE (typo corrigee: COLI->ESCCOL),/home/rrekikdi/Bureau/postdoc/pseudo_image/ms1_processed_11classes/Escherichia coli/COLI-200-ANA_100vW_100SPD.npy
/home/rrekikdi/Bureau/postdoc/pseudo_image/images_npy_ms1/2023_02_07_Validation_LOTS-34-36_COLI-100vW_zSWATH_100SPD/COLI-203-AER_100vW_100SPD.npy,COLI-203-AER_100vW_100SPD,COLI,ESCCOL,203,Escherichia coli,Escherichia coli,CLASSE (typo corrigee: COLI->ESCCOL),/home/rrekikdi/Bureau/postdoc/pseudo_image/ms1_processed_11classes/Escherichia coli/COLI-203-AER_100vW_100SPD.npy
/home/rrekikdi/Bureau/postdoc/pseudo_image/images_npy_ms1/2023_02_07_Validation_LOTS-34-36_COLI-100vW_zSWATH_100SPD/COLI-203-ANA_100vW_100SPD.npy,COLI-203-ANA_100vW_100SPD,COLI,ESCCOL,203,Escherichia coli,Escherichia coli,CLASSE (typo corrigee: COLI->ESCCOL),/home/rrekikdi/Bureau/postdoc/pseudo_image/ms1_processed_11classes/Escherichia coli/COLI-203-ANA_100vW_100SPD.npy
/home/rrekikdi/Bureau/postdoc/pseudo_image/images_npy_ms1/2023_02_07_Validation_LOTS-34-36_COLI-100vW_zSWATH_100SPD/COLI-219-AER_100vW_100SPD.npy,COLI-219-AER_100vW_100SPD,COLI,ESCCOL,219,Escherichia coli,Escherichia coli,CLASSE (typo corrigee: COLI->ESCCOL),/home/rrekikdi/Bureau/postdoc/pseudo_image/ms1_processed_11classes/Escherichia coli/COLI-219-AER_100vW_100SPD.npy
/home/rrekikdi/Bureau/postdoc/pseudo_image/images_npy_ms1/2023_02_07_Validation_LOTS-34-36_COLI-100vW_zSWATH_100SPD/COLI-219-ANA_100vW_100SPD.npy,COLI-219-ANA_100vW_100SPD,COLI,ESCCOL,219,Escherichia coli,Escherichia coli,CLASSE (typo corrigee: COLI->ESCCOL),/home/rrekikdi/Bureau/postdoc/pseudo_image/ms1_processed_11classes/Escherichia coli/COLI-219-ANA_100vW_100SPD.npy
/home/rrekikdi/Bureau/postdoc/pseudo_image/images_npy_ms1/2023_02_07_Validation_LOTS-34-36_COLI-100vW_zSWATH_100SPD/COLI-271-AER_100vW_100SPD.npy,COLI-271-AER_100vW_100SPD,COLI,ESCCOL,271,Escherichia coli,Escherichia coli,CLASSE (typo corrigee: COLI->ESCCOL),/home/rrekikdi/Bureau/postdoc/pseudo_image/ms1_processed_11classes/Escherichia coli/COLI-271-AER_100vW_100SPD.npy
/home/rrekikdi/Bureau/postdoc/pseudo_image/images_npy_ms1/2023_02_07_Validation_LOTS-34-36_COLI-100vW_zSWATH_100SPD/COLI-271-ANA_100vW_100SPD.npy,COLI-271-ANA_100vW_100SPD,COLI,ESCCOL,271,Escherichia coli,Escherichia coli,CLASSE (typo corrigee: COLI->ESCCOL),/home/rrekikdi/Bureau/postdoc/pseudo_image/ms1_processed_11classes/Escherichia coli/COLI-271-ANA_100vW_100SPD.npy
/home/rrekikdi/Bureau/postdoc/pseudo_image/images_npy_ms1/2023_02_07_Validation_LOTS-34-36_COLI-100vW_zSWATH_100SPD/COLI-280-AER_100vW_100SPD.npy,COLI-280-AER_100vW_100SPD,COLI,ESCCOL,280,Escherichia coli,Escherichia coli,CLASSE (typo corrigee: COLI->ESCCOL),/home/rrekikdi/Bureau/postdoc/pseudo_image/ms1_processed_11classes/Escherichia coli/COLI-280-AER_100vW_100SPD.npy
/home/rrekikdi/Bureau/postdoc/pseudo_image/images_npy_ms1/2023_02_07_Validation_LOTS-34-36_COLI-100vW_zSWATH_100SPD/COLI-280-ANA_100vW_100SPD.npy,COLI-280-ANA_100vW_100SPD,COLI,ESCCOL,280,Escherichia coli,Escherichia coli,CLASSE (typo corrigee: COLI->ESCCOL),/home/rrekikdi/Bureau/postdoc/pseudo_image/ms1_processed_11classes/Escherichia coli/COLI-280-ANA_100vW_100SPD.npy
/home/rrekikdi/Bureau/postdoc/pseudo_image/images_npy_ms1/2023_02_07_Validation_LOTS-34-36_COLI-100vW_zSWATH_100SPD/COLI-45-AER_100vW_100SPD.npy,COLI-45-AER_100vW_100SPD,COLI,ESCCOL,45,Escherichia coli,Escherichia coli,CLASSE (typo corrigee: COLI->ESCCOL),/home/rrekikdi/Bureau/postdoc/pseudo_image/ms1_processed_11classes/Escherichia coli/COLI-45-AER_100vW_100SPD.npy
/home/rrekikdi/Bureau/postdoc/pseudo_image/images_npy_ms1/2023_02_07_Validation_LOTS-34-36_COLI-100vW_zSWATH_100SPD/COLI-45-ANA_100vW_100SPD.npy,COLI-45-ANA_100vW_100SPD,COLI,ESCCOL,45,Escherichia coli,Escherichia coli,CLASSE (typo corrigee: COLI->ESCCOL),/home/rrekikdi/Bureau/postdoc/pseudo_image/ms1_processed_11classes/Escherichia coli/COLI-45-ANA_100vW_100SPD.npy
/home/rrekikdi/Bureau/postdoc/pseudo_image/images_npy_ms1/2023_02_07_Validation_LOTS-34-36_COLI-100vW_zSWATH_100SPD/COLI-52-AER_100vW_100SPD.npy,COLI-52-AER_100vW_100SPD,COLI,ESCCOL,52,Escherichia coli,Escherichia coli,CLASSE (typo corrigee: COLI->ESCCOL),/home/rrekikdi/Bureau/postdoc/pseudo_image/ms1_processed_11classes/Escherichia coli/COLI-52-AER_100vW_100SPD.npy
/home/rrekikdi/Bureau/postdoc/pseudo_image/images_npy_ms1/2023_02_07_Validation_LOTS-34-36_COLI-100vW_zSWATH_100SPD/COLI-52-ANA_100vW_100SPD.npy,COLI-52-ANA_100vW_100SPD,COLI,ESCCOL,52,Escherichia coli,Escherichia coli,CLASSE (typo corrigee: COLI->ESCCOL),/home/rrekikdi/Bureau/postdoc/pseudo_image/ms1_processed_11classes/Escherichia coli/COLI-52-ANA_100vW_100SPD.npy
/home/rrekikdi/Bureau/postdoc/pseudo_image/images_npy_ms1/2023_02_07_Validation_LOTS-34-36_COLI-100vW_zSWATH_100SPD/COLI-53-AER_100vW_100SPD.npy,COLI-53-AER_100vW_100SPD,COLI,ESCCOL,53,Escherichia coli,Escherichia coli,CLASSE (typo corrigee: COLI->ESCCOL),/home/rrekikdi/Bureau/postdoc/pseudo_image/ms1_processed_11classes/Escherichia coli/COLI-53-AER_100vW_100SPD.npy
/home/rrekikdi/Bureau/postdoc/pseudo_image/images_npy_ms1/2023_02_07_Validation_LOTS-34-36_COLI-100vW_zSWATH_100SPD/COLI-53-ANA_100vW_100SPD.npy,COLI-53-ANA_100vW_100SPD,COLI,ESCCOL,53,Escherichia coli,Escherichia coli,CLASSE (typo corrigee: COLI->ESCCOL),/home/rrekikdi/Bureau/postdoc/pseudo_image/ms1_processed_11classes/Escherichia coli/COLI-53-ANA_100vW_100SPD.npy
/home/rrekikdi/Bureau/postdoc/pseudo_image/images_npy_ms1/2023_02_07_Validation_LOTS-34-36_COLI-100vW_zSWATH_100SPD/COLI-60-AER_100vW_100SPD.npy,COLI-60-AER_100vW_100SPD,COLI,ESCCOL,60,Escherichia coli,Escherichia coli,CLASSE (typo corrigee: COLI->ESCCOL),/home/rrekikdi/Bureau/postdoc/pseudo_image/ms1_processed_11classes/Escherichia coli/COLI-60-AER_100vW_100SPD.npy
/home/rrekikdi/Bureau/postdoc/pseudo_image/images_npy_ms1/2023_02_07_Validation_LOTS-34-36_COLI-100vW_zSWATH_100SPD/COLI-60-ANA_100vW_100SPD.npy,COLI-60-ANA_100vW_100SPD,COLI,ESCCOL,60,Escherichia coli,Escherichia coli,CLASSE (typo corrigee: COLI->ESCCOL),/home/rrekikdi/Bureau/postdoc/pseudo_image/ms1_processed_11classes/Escherichia coli/COLI-60-ANA_100vW_100SPD.npy
/home/rrekikdi/Bureau/postdoc/pseudo_image/images_npy_ms1/2023_02_07_Validation_LOTS-34-36_COLI-100vW_zSWATH_100SPD/COLI-61-AER_100vW_100SPD.npy,COLI-61-AER_100vW_100SPD,COLI,ESCCOL,61,Escherichia coli,Escherichia coli,CLASSE (typo corrigee: COLI->ESCCOL),/home/rrekikdi/Bureau/postdoc/pseudo_image/ms1_processed_11classes/Escherichia coli/COLI-61-AER_100vW_100SPD.npy
/home/rrekikdi/Bureau/postdoc/pseudo_image/images_npy_ms1/2023_02_07_Validation_LOTS-34-36_COLI-100vW_zSWATH_100SPD/COLI-61-ANA_100vW_100SPD.npy,COLI-61-ANA_100vW_100SPD,COLI,ESCCOL,61,Escherichia coli,Escherichia coli,CLASSE (typo corrigee: COLI->ESCCOL),/home/rrekikdi/Bureau/postdoc/pseudo_image/ms1_processed_11classes/Escherichia coli/COLI-61-ANA_100vW_100SPD.npy
/home/rrekikdi/Bureau/postdoc/pseudo_image/images_npy_ms1/2023_02_07_Validation_LOTS-34-36_COLI-100vW_zSWATH_100SPD/COLI-63-AER_100vW_100SPD.npy,COLI-63-AER_100vW_100SPD,COLI,ESCCOL,63,Escherichia coli,Escherichia coli,CLASSE (typo corrigee: COLI->ESCCOL),/home/rrekikdi/Bureau/postdoc/pseudo_image/ms1_processed_11classes/Escherichia coli/COLI-63-AER_100vW_100SPD.npy
/home/rrekikdi/Bureau/postdoc/pseudo_image/images_npy_ms1/2023_02_07_Validation_LOTS-34-36_COLI-100vW_zSWATH_100SPD/COLI-63-ANA_100vW_100SPD.npy,COLI-63-ANA_100vW_100SPD,COLI,ESCCOL,63,Escherichia coli,Escherichia coli,CLASSE (typo corrigee: COLI->ESCCOL),/home/rrekikdi/Bureau/postdoc/pseudo_image/ms1_processed_11classes/Escherichia coli/COLI-63-ANA_100vW_100SPD.npy
/home/rrekikdi/Bureau/postdoc/pseudo_image/images_npy_ms1/2023_02_07_Validation_LOTS-34-36_COLI-100vW_zSWATH_100SPD/COLI-66-AER_100vW_100SPD.npy,COLI-66-AER_100vW_100SPD,COLI,ESCCOL,66,Escherichia coli,Escherichia coli,CLASSE (typo corrigee: COLI->ESCCOL),/home/rrekikdi/Bureau/postdoc/pseudo_image/ms1_processed_11classes/Escherichia coli/COLI-66-AER_100vW_100SPD.npy
/home/rrekikdi/Bureau/postdoc/pseudo_image/images_npy_ms1/2023_02_07_Validation_LOTS-34-36_COLI-100vW_zSWATH_100SPD/COLI-66-ANA_100vW_100SPD.npy,COLI-66-ANA_100vW_100SPD,COLI,ESCCOL,66,Escherichia coli,Escherichia coli,CLASSE (typo corrigee: COLI->ESCCOL),/home/rrekikdi/Bureau/postdoc/pseudo_image/ms1_processed_11classes/Escherichia coli/COLI-66-ANA_100vW_100SPD.npy
/home/rrekikdi/Bureau/postdoc/pseudo_image/images_npy_ms1/2023_02_07_Validation_LOTS-34-36_COLI-100vW_zSWATH_100SPD/COLI-71-AER_100vW_100SPD.npy,COLI-71-AER_100vW_100SPD,COLI,ESCCOL,71,Escherichia coli,Escherichia coli,CLASSE (typo corrigee: COLI->ESCCOL),/home/rrekikdi/Bureau/postdoc/pseudo_image/ms1_processed_11classes/Escherichia coli/COLI-71-AER_100vW_100SPD.npy
/home/rrekikdi/Bureau/postdoc/pseudo_image/images_npy_ms1/2023_02_07_Validation_LOTS-34-36_COLI-100vW_zSWATH_100SPD/COLI-71-ANA_100vW_100SPD.npy,COLI-71-ANA_100vW_100SPD,COLI,ESCCOL,71,Escherichia coli,Escherichia coli,CLASSE (typo corrigee: COLI->ESCCOL),/home/rrekikdi/Bureau/postdoc/pseudo_image/ms1_processed_11classes/Escherichia coli/COLI-71-ANA_100vW_100SPD.npy
/home/rrekikdi/Bureau/postdoc/pseudo_image/images_npy_ms1/2023_02_07_Validation_LOTS-34-36_COLI-100vW_zSWATH_100SPD/COLI-72-AER_100vW_100SPD.npy,COLI-72-AER_100vW_100SPD,COLI,ESCCOL,72,Escherichia coli,Escherichia coli,CLASSE (typo corrigee: COLI->ESCCOL),/home/rrekikdi/Bureau/postdoc/pseudo_image/ms1_processed_11classes/Escherichia coli/COLI-72-AER_100vW_100SPD.npy
/home/rrekikdi/Bureau/postdoc/pseudo_image/images_npy_ms1/2023_02_07_Validation_LOTS-34-36_COLI-100vW_zSWATH_100SPD/COLI-72-ANA_100vW_100SPD.npy,COLI-72-ANA_100vW_100SPD,COLI,ESCCOL,72,Escherichia coli,Escherichia coli,CLASSE (typo corrigee: COLI->ESCCOL),/home/rrekikdi/Bureau/postdoc/pseudo_image/ms1_processed_11classes/Escherichia coli/COLI-72-ANA_100vW_100SPD.npy
/home/rrekikdi/Bureau/postdoc/pseudo_image/images_npy_ms1/2023_02_07_Validation_LOTS-34-36_COLI-100vW_zSWATH_100SPD/COLI-80-AER_100vW_100SPD.npy,COLI-80-AER_100vW_100SPD,COLI,ESCCOL,80,Escherichia coli,Escherichia coli,CLASSE (typo corrigee: COLI->ESCCOL),/home/rrekikdi/Bureau/postdoc/pseudo_image/ms1_processed_11classes/Escherichia coli/COLI-80-AER_100vW_100SPD.npy
/home/rrekikdi/Bureau/postdoc/pseudo_image/images_npy_ms1/2023_02_07_Validation_LOTS-34-36_COLI-100vW_zSWATH_100SPD/COLI-80-ANA_100vW_100SPD.npy,COLI-80-ANA_100vW_100SPD,COLI,ESCCOL,80,Escherichia coli,Escherichia coli,CLASSE (typo corrigee: COLI->ESCCOL),/home/rrekikdi/Bureau/postdoc/pseudo_image/ms1_processed_11classes/Escherichia coli/COLI-80-ANA_100vW_100SPD.npy
/home/rrekikdi/Bureau/postdoc/pseudo_image/images_npy_ms1/2023_02_07_Validation_LOTS-34-36_COLI-100vW_zSWATH_100SPD/COLI-81-AER_100vW_100SPD.npy,COLI-81-AER_100vW_100SPD,COLI,ESCCOL,81,Escherichia coli,Escherichia coli,CLASSE (typo corrigee: COLI->ESCCOL),/home/rrekikdi/Bureau/postdoc/pseudo_image/ms1_processed_11classes/Escherichia coli/COLI-81-AER_100vW_100SPD.npy
/home/rrekikdi/Bureau/postdoc/pseudo_image/images_npy_ms1/2023_02_07_Validation_LOTS-34-36_COLI-100vW_zSWATH_100SPD/COLI-81-ANA_100vW_100SPD.npy,COLI-81-ANA_100vW_100SPD,COLI,ESCCOL,81,Escherichia coli,Escherichia coli,CLASSE (typo corrigee: COLI->ESCCOL),/home/rrekikdi/Bureau/postdoc/pseudo_image/ms1_processed_11classes/Escherichia coli/COLI-81-ANA_100vW_100SPD.npy
/home/rrekikdi/Bureau/postdoc/pseudo_image/images_npy_ms1/2023_02_07_Validation_LOTS-34-36_COLI-100vW_zSWATH_100SPD/COLI-83-AER_100vW_100SPD.npy,COLI-83-AER_100vW_100SPD,COLI,ESCCOL,83,Escherichia coli,Escherichia coli,CLASSE (typo corrigee: COLI->ESCCOL),/home/rrekikdi/Bureau/postdoc/pseudo_image/ms1_processed_11classes/Escherichia coli/COLI-83-AER_100vW_100SPD.npy
/home/rrekikdi/Bureau/postdoc/pseudo_image/images_npy_ms1/2023_02_07_Validation_LOTS-34-36_COLI-100vW_zSWATH_100SPD/COLI-83-ANA_100vW_100SPD.npy,COLI-83-ANA_100vW_100SPD,COLI,ESCCOL,83,Escherichia coli,Escherichia coli,CLASSE (typo corrigee: COLI->ESCCOL),/home/rrekikdi/Bureau/postdoc/pseudo_image/ms1_processed_11classes/Escherichia coli/COLI-83-ANA_100vW_100SPD.npy
/home/rrekikdi/Bureau/postdoc/pseudo_image/images_npy_ms1/2023_02_07_Validation_LOTS-34-36_COLI-100vW_zSWATH_100SPD/COLI-92-AER_100vW_100SPD.npy,COLI-92-AER_100vW_100SPD,COLI,ESCCOL,92,Escherichia coli,Escherichia coli,CLASSE (typo corrigee: COLI->ESCCOL),/home/rrekikdi/Bureau/postdoc/pseudo_image/ms1_processed_11classes/Escherichia coli/COLI-92-AER_100vW_100SPD.npy
/home/rrekikdi/Bureau/postdoc/pseudo_image/images_npy_ms1/2023_02_07_Validation_LOTS-34-36_COLI-100vW_zSWATH_100SPD/COLI-92-ANA_100vW_100SPD.npy,COLI-92-ANA_100vW_100SPD,COLI,ESCCOL,92,Escherichia coli,Escherichia coli,CLASSE (typo corrigee: COLI->ESCCOL),/home/rrekikdi/Bureau/postdoc/pseudo_image/ms1_processed_11classes/Escherichia coli/COLI-92-ANA_100vW_100SPD.npy
/home/rrekikdi/Bureau/postdoc/pseudo_image/images_npy_ms1/2023_02_07_Validation_LOTS-34-36_COLI-100vW_zSWATH_100SPD/COLI-94-AER_100vW_100SPD.npy,COLI-94-AER_100vW_100SPD,COLI,ESCCOL,94,Escherichia coli,Escherichia coli,CLASSE (typo corrigee: COLI->ESCCOL),/home/rrekikdi/Bureau/postdoc/pseudo_image/ms1_processed_11classes/Escherichia coli/COLI-94-AER_100vW_100SPD.npy
/home/rrekikdi/Bureau/postdoc/pseudo_image/images_npy_ms1/2023_02_07_Validation_LOTS-34-36_COLI-100vW_zSWATH_100SPD/COLI-94-ANA_100vW_100SPD.npy,COLI-94-ANA_100vW_100SPD,COLI,ESCCOL,94,Escherichia coli,Escherichia coli,CLASSE (typo corrigee: COLI->ESCCOL),/home/rrekikdi/Bureau/postdoc/pseudo_image/ms1_processed_11classes/Escherichia coli/COLI-94-ANA_100vW_100SPD.npy
/home/rrekikdi/Bureau/postdoc/pseudo_image/images_npy_ms1/2023_02_07_Validation_LOTS-34-36_COLI-100vW_zSWATH_100SPD/COLI-96-AER_100vW_100SPD.npy,COLI-96-AER_100vW_100SPD,COLI,ESCCOL,96,Escherichia coli,Escherichia coli,CLASSE (typo corrigee: COLI->ESCCOL),/home/rrekikdi/Bureau/postdoc/pseudo_image/ms1_processed_11classes/Escherichia coli/COLI-96-AER_100vW_100SPD.npy
/home/rrekikdi/Bureau/postdoc/pseudo_image/images_npy_ms1/2023_02_07_Validation_LOTS-34-36_COLI-100vW_zSWATH_100SPD/COLI-96-ANA_100vW_100SPD.npy,COLI-96-ANA_100vW_100SPD,COLI,ESCCOL,96,Escherichia coli,Escherichia coli,CLASSE (typo corrigee: COLI->ESCCOL),/home/rrekikdi/Bureau/postdoc/pseudo_image/ms1_processed_11classes/Escherichia coli/COLI-96-ANA_100vW_100SPD.npy
/home/rrekikdi/Bureau/postdoc/pseudo_image/images_npy_ms1/2023_02_13_Validation_LOT-37_COLI-100vW_zSWATH_100SPD/COLI-100-ANA_100vW_100SPD.npy,COLI-100-ANA_100vW_100SPD,COLI,ESCCOL,100,Escherichia coli,Escherichia coli,CLASSE (typo corrigee: COLI->ESCCOL),/home/rrekikdi/Bureau/postdoc/pseudo_image/ms1_processed_11classes/Escherichia coli/COLI-100-ANA_100vW_100SPD.npy
/home/rrekikdi/Bureau/postdoc/pseudo_image/images_npy_ms1/2023_02_13_Validation_LOT-37_COLI-100vW_zSWATH_100SPD/COLI-101-AER_100vW_100SPD.npy,COLI-101-AER_100vW_100SPD,COLI,ESCCOL,101,Escherichia coli,Escherichia coli,CLASSE (typo corrigee: COLI->ESCCOL),/home/rrekikdi/Bureau/postdoc/pseudo_image/ms1_processed_11classes/Escherichia coli/COLI-101-AER_100vW_100SPD.npy
/home/rrekikdi/Bureau/postdoc/pseudo_image/images_npy_ms1/2023_02_13_Validation_LOT-37_COLI-100vW_zSWATH_100SPD/COLI-101-ANA_100vW_100SPD.npy,COLI-101-ANA_100vW_100SPD,COLI,ESCCOL,101,Escherichia coli,Escherichia coli,CLASSE (typo corrigee: COLI->ESCCOL),/home/rrekikdi/Bureau/postdoc/pseudo_image/ms1_processed_11classes/Escherichia coli/COLI-101-ANA_100vW_100SPD.npy
/home/rrekikdi/Bureau/postdoc/pseudo_image/images_npy_ms1/2023_02_13_Validation_LOT-37_COLI-100vW_zSWATH_100SPD/COLI-153-AER_100vW_100SPD.npy,COLI-153-AER_100vW_100SPD,COLI,ESCCOL,153,Escherichia coli,Escherichia coli,CLASSE (typo corrigee: COLI->ESCCOL),/home/rrekikdi/Bureau/postdoc/pseudo_image/ms1_processed_11classes/Escherichia coli/COLI-153-AER_100vW_100SPD.npy
/home/rrekikdi/Bureau/postdoc/pseudo_image/images_npy_ms1/2023_02_13_Validation_LOT-37_COLI-100vW_zSWATH_100SPD/COLI-153-ANA_100vW_100SPD.npy,COLI-153-ANA_100vW_100SPD,COLI,ESCCOL,153,Escherichia coli,Escherichia coli,CLASSE (typo corrigee: COLI->ESCCOL),/home/rrekikdi/Bureau/postdoc/pseudo_image/ms1_processed_11classes/Escherichia coli/COLI-153-ANA_100vW_100SPD.npy
/home/rrekikdi/Bureau/postdoc/pseudo_image/images_npy_ms1/2023_02_13_Validation_LOT-37_COLI-100vW_zSWATH_100SPD/COLI-165-AER_100vW_100SPD.npy,COLI-165-AER_100vW_100SPD,COLI,ESCCOL,165,Escherichia coli,Escherichia coli,CLASSE (typo corrigee: COLI->ESCCOL),/home/rrekikdi/Bureau/postdoc/pseudo_image/ms1_processed_11classes/Escherichia coli/COLI-165-AER_100vW_100SPD.npy
/home/rrekikdi/Bureau/postdoc/pseudo_image/images_npy_ms1/2023_02_13_Validation_LOT-37_COLI-100vW_zSWATH_100SPD/COLI-165-ANA_100vW_100SPD.npy,COLI-165-ANA_100vW_100SPD,COLI,ESCCOL,165,Escherichia coli,Escherichia coli,CLASSE (typo corrigee: COLI->ESCCOL),/home/rrekikdi/Bureau/postdoc/pseudo_image/ms1_processed_11classes/Escherichia coli/COLI-165-ANA_100vW_100SPD.npy
/home/rrekikdi/Bureau/postdoc/pseudo_image/images_npy_ms1/2023_02_13_Validation_LOT-37_COLI-100vW_zSWATH_100SPD/COLI-172-AER_100vW_100SPD.npy,COLI-172-AER_100vW_100SPD,COLI,ESCCOL,172,Escherichia coli,Escherichia coli,CLASSE (typo corrigee: COLI->ESCCOL),/home/rrekikdi/Bureau/postdoc/pseudo_image/ms1_processed_11classes/Escherichia coli/COLI-172-AER_100vW_100SPD.npy
/home/rrekikdi/Bureau/postdoc/pseudo_image/images_npy_ms1/2023_02_13_Validation_LOT-37_COLI-100vW_zSWATH_100SPD/COLI-172-ANA_100vW_100SPD.npy,COLI-172-ANA_100vW_100SPD,COLI,ESCCOL,172,Escherichia coli,Escherichia coli,CLASSE (typo corrigee: COLI->ESCCOL),/home/rrekikdi/Bureau/postdoc/pseudo_image/ms1_processed_11classes/Escherichia coli/COLI-172-ANA_100vW_100SPD.npy
/home/rrekikdi/Bureau/postdoc/pseudo_image/images_npy_ms1/2023_02_13_Validation_LOT-37_COLI-100vW_zSWATH_100SPD/COLI-175-AER_100vW_100SPD.npy,COLI-175-AER_100vW_100SPD,COLI,ESCCOL,175,Escherichia coli,Escherichia coli,CLASSE (typo corrigee: COLI->ESCCOL),/home/rrekikdi/Bureau/postdoc/pseudo_image/ms1_processed_11classes/Escherichia coli/COLI-175-AER_100vW_100SPD.npy
/home/rrekikdi/Bureau/postdoc/pseudo_image/images_npy_ms1/2023_02_13_Validation_LOT-37_COLI-100vW_zSWATH_100SPD/COLI-175-ANA_100vW_100SPD.npy,COLI-175-ANA_100vW_100SPD,COLI,ESCCOL,175,Escherichia coli,Escherichia coli,CLASSE (typo corrigee: COLI->ESCCOL),/home/rrekikdi/Bureau/postdoc/pseudo_image/ms1_processed_11classes/Escherichia coli/COLI-175-ANA_100vW_100SPD.npy
/home/rrekikdi/Bureau/postdoc/pseudo_image/images_npy_ms1/2023_02_13_Validation_LOT-37_COLI-100vW_zSWATH_100SPD/COLI-176-AER_100vW_100SPD.npy,COLI-176-AER_100vW_100SPD,COLI,ESCCOL,176,Escherichia coli,Escherichia coli,CLASSE (typo corrigee: COLI->ESCCOL),/home/rrekikdi/Bureau/postdoc/pseudo_image/ms1_processed_11classes/Escherichia coli/COLI-176-AER_100vW_100SPD.npy
/home/rrekikdi/Bureau/postdoc/pseudo_image/images_npy_ms1/2023_02_13_Validation_LOT-37_COLI-100vW_zSWATH_100SPD/COLI-176-ANA_100vW_100SPD.npy,COLI-176-ANA_100vW_100SPD,COLI,ESCCOL,176,Escherichia coli,Escherichia coli,CLASSE (typo corrigee: COLI->ESCCOL),/home/rrekikdi/Bureau/postdoc/pseudo_image/ms1_processed_11classes/Escherichia coli/COLI-176-ANA_100vW_100SPD.npy
/home/rrekikdi/Bureau/postdoc/pseudo_image/images_npy_ms1/2023_02_13_Validation_LOT-37_COLI-100vW_zSWATH_100SPD/COLI-190-AER_100vW_100SPD.npy,COLI-190-AER_100vW_100SPD,COLI,ESCCOL,190,Escherichia coli,Escherichia coli,CLASSE (typo corrigee: COLI->ESCCOL),/home/rrekikdi/Bureau/postdoc/pseudo_image/ms1_processed_11classes/Escherichia coli/COLI-190-AER_100vW_100SPD.npy
/home/rrekikdi/Bureau/postdoc/pseudo_image/images_npy_ms1/2023_02_13_Validation_LOT-37_COLI-100vW_zSWATH_100SPD/COLI-190-ANA_100vW_100SPD.npy,COLI-190-ANA_100vW_100SPD,COLI,ESCCOL,190,Escherichia coli,Escherichia coli,CLASSE (typo corrigee: COLI->ESCCOL),/home/rrekikdi/Bureau/postdoc/pseudo_image/ms1_processed_11classes/Escherichia coli/COLI-190-ANA_100vW_100SPD.npy
/home/rrekikdi/Bureau/postdoc/pseudo_image/images_npy_ms1/2023_02_13_Validation_LOT-37_COLI-100vW_zSWATH_100SPD/COLI-192-AER_100vW_100SPD.npy,COLI-192-AER_100vW_100SPD,COLI,ESCCOL,192,Escherichia coli,Escherichia coli,CLASSE (typo corrigee: COLI->ESCCOL),/home/rrekikdi/Bureau/postdoc/pseudo_image/ms1_processed_11classes/Escherichia coli/COLI-192-AER_100vW_100SPD.npy
/home/rrekikdi/Bureau/postdoc/pseudo_image/images_npy_ms1/2023_02_13_Validation_LOT-37_COLI-100vW_zSWATH_100SPD/COLI-192-ANA_100vW_100SPD.npy,COLI-192-ANA_100vW_100SPD,COLI,ESCCOL,192,Escherichia coli,Escherichia coli,CLASSE (typo corrigee: COLI->ESCCOL),/home/rrekikdi/Bureau/postdoc/pseudo_image/ms1_processed_11classes/Escherichia coli/COLI-192-ANA_100vW_100SPD.npy
/home/rrekikdi/Bureau/postdoc/pseudo_image/images_npy_ms1/2023_02_13_Validation_LOT-37_COLI-100vW_zSWATH_100SPD/COLI-195-AER_100vW_100SPD.npy,COLI-195-AER_100vW_100SPD,COLI,ESCCOL,195,Escherichia coli,Escherichia coli,CLASSE (typo corrigee: COLI->ESCCOL),/home/rrekikdi/Bureau/postdoc/pseudo_image/ms1_processed_11classes/Escherichia coli/COLI-195-AER_100vW_100SPD.npy
/home/rrekikdi/Bureau/postdoc/pseudo_image/images_npy_ms1/2023_02_13_Validation_LOT-37_COLI-100vW_zSWATH_100SPD/COLI-195-ANA_100vW_100SPD.npy,COLI-195-ANA_100vW_100SPD,COLI,ESCCOL,195,Escherichia coli,Escherichia coli,CLASSE (typo corrigee: COLI->ESCCOL),/home/rrekikdi/Bureau/postdoc/pseudo_image/ms1_processed_11classes/Escherichia coli/COLI-195-ANA_100vW_100SPD.npy
/home/rrekikdi/Bureau/postdoc/pseudo_image/images_npy_ms1/2023_02_13_Validation_LOT-37_COLI-100vW_zSWATH_100SPD/COLI-201-AER_100vW_100SPD.npy,COLI-201-AER_100vW_100SPD,COLI,ESCCOL,201,Escherichia coli,Escherichia coli,CLASSE (typo corrigee: COLI->ESCCOL),/home/rrekikdi/Bureau/postdoc/pseudo_image/ms1_processed_11classes/Escherichia coli/COLI-201-AER_100vW_100SPD.npy
/home/rrekikdi/Bureau/postdoc/pseudo_image/images_npy_ms1/2023_02_13_Validation_LOT-37_COLI-100vW_zSWATH_100SPD/COLI-201-ANA_100vW_100SPD.npy,COLI-201-ANA_100vW_100SPD,COLI,ESCCOL,201,Escherichia coli,Escherichia coli,CLASSE (typo corrigee: COLI->ESCCOL),/home/rrekikdi/Bureau/postdoc/pseudo_image/ms1_processed_11classes/Escherichia coli/COLI-201-ANA_100vW_100SPD.npy
/home/rrekikdi/Bureau/postdoc/pseudo_image/images_npy_ms1/2023_02_13_Validation_LOT-37_COLI-100vW_zSWATH_100SPD/COLI-215-AER_100vW_100SPD.npy,COLI-215-AER_100vW_100SPD,COLI,ESCCOL,215,Escherichia coli,Escherichia coli,CLASSE (typo corrigee: COLI->ESCCOL),/home/rrekikdi/Bureau/postdoc/pseudo_image/ms1_processed_11classes/Escherichia coli/COLI-215-AER_100vW_100SPD.npy
/home/rrekikdi/Bureau/postdoc/pseudo_image/images_npy_ms1/2023_02_13_Validation_LOT-37_COLI-100vW_zSWATH_100SPD/COLI-215-ANA_100vW_100SPD.npy,COLI-215-ANA_100vW_100SPD,COLI,ESCCOL,215,Escherichia coli,Escherichia coli,CLASSE (typo corrigee: COLI->ESCCOL),/home/rrekikdi/Bureau/postdoc/pseudo_image/ms1_processed_11classes/Escherichia coli/COLI-215-ANA_100vW_100SPD.npy
/home/rrekikdi/Bureau/postdoc/pseudo_image/images_npy_ms1/2023_02_13_Validation_LOT-37_COLI-100vW_zSWATH_100SPD/COLI-259-AER_100vW_100SPD.npy,COLI-259-AER_100vW_100SPD,COLI,ESCCOL,259,Escherichia coli,Escherichia coli,CLASSE (typo corrigee: COLI->ESCCOL),/home/rrekikdi/Bureau/postdoc/pseudo_image/ms1_processed_11classes/Escherichia coli/COLI-259-AER_100vW_100SPD.npy
/home/rrekikdi/Bureau/postdoc/pseudo_image/images_npy_ms1/2023_02_13_Validation_LOT-37_COLI-100vW_zSWATH_100SPD/COLI-259-ANA_100vW_100SPD.npy,COLI-259-ANA_100vW_100SPD,COLI,ESCCOL,259,Escherichia coli,Escherichia coli,CLASSE (typo corrigee: COLI->ESCCOL),/home/rrekikdi/Bureau/postdoc/pseudo_image/ms1_processed_11classes/Escherichia coli/COLI-259-ANA_100vW_100SPD.npy
/home/rrekikdi/Bureau/postdoc/pseudo_image/images_npy_ms1/2023_02_13_Validation_LOT-37_COLI-100vW_zSWATH_100SPD/COLI-260-AER_100vW_100SPD.npy,COLI-260-AER_100vW_100SPD,COLI,ESCCOL,260,Escherichia coli,Escherichia coli,CLASSE (typo corrigee: COLI->ESCCOL),/home/rrekikdi/Bureau/postdoc/pseudo_image/ms1_processed_11classes/Escherichia coli/COLI-260-AER_100vW_100SPD.npy
/home/rrekikdi/Bureau/postdoc/pseudo_image/images_npy_ms1/2023_02_13_Validation_LOT-37_COLI-100vW_zSWATH_100SPD/COLI-260-ANA_100vW_100SPD.npy,COLI-260-ANA_100vW_100SPD,COLI,ESCCOL,260,Escherichia coli,Escherichia coli,CLASSE (typo corrigee: COLI->ESCCOL),/home/rrekikdi/Bureau/postdoc/pseudo_image/ms1_processed_11classes/Escherichia coli/COLI-260-ANA_100vW_100SPD.npy
/home/rrekikdi/Bureau/postdoc/pseudo_image/images_npy_ms1/2023_02_13_Validation_LOT-37_COLI-100vW_zSWATH_100SPD/COLI-275-AER_100vW_100SPD.npy,COLI-275-AER_100vW_100SPD,COLI,ESCCOL,275,Escherichia coli,Escherichia coli,CLASSE (typo corrigee: COLI->ESCCOL),/home/rrekikdi/Bureau/postdoc/pseudo_image/ms1_processed_11classes/Escherichia coli/COLI-275-AER_100vW_100SPD.npy
/home/rrekikdi/Bureau/postdoc/pseudo_image/images_npy_ms1/2023_02_13_Validation_LOT-37_COLI-100vW_zSWATH_100SPD/COLI-275-ANA_100vW_100SPD.npy,COLI-275-ANA_100vW_100SPD,COLI,ESCCOL,275,Escherichia coli,Escherichia coli,CLASSE (typo corrigee: COLI->ESCCOL),/home/rrekikdi/Bureau/postdoc/pseudo_image/ms1_processed_11classes/Escherichia coli/COLI-275-ANA_100vW_100SPD.npy
/home/rrekikdi/Bureau/postdoc/pseudo_image/images_npy_ms1/2023_02_17_Validation_LOTS-38-39-40-42_COLI_KLEMIC_KLEOXY_KLEPNE_KLEVAR-100vW_zSWATH_100SPD/COLI-102-AER_100vW_100SPD.npy,COLI-102-AER_100vW_100SPD,COLI,ESCCOL,102,Escherichia coli,Escherichia coli,CLASSE (typo corrigee: COLI->ESCCOL),/home/rrekikdi/Bureau/postdoc/pseudo_image/ms1_processed_11classes/Escherichia coli/COLI-102-AER_100vW_100SPD.npy
/home/rrekikdi/Bureau/postdoc/pseudo_image/images_npy_ms1/2023_02_17_Validation_LOTS-38-39-40-42_COLI_KLEMIC_KLEOXY_KLEPNE_KLEVAR-100vW_zSWATH_100SPD/COLI-102-ANA_100vW_100SPD.npy,COLI-102-ANA_100vW_100SPD,COLI,ESCCOL,102,Escherichia coli,Escherichia coli,CLASSE (typo corrigee: COLI->ESCCOL),/home/rrekikdi/Bureau/postdoc/pseudo_image/ms1_processed_11classes/Escherichia coli/COLI-102-ANA_100vW_100SPD.npy
/home/rrekikdi/Bureau/postdoc/pseudo_image/images_npy_ms1/2023_02_17_Validation_LOTS-38-39-40-42_COLI_KLEMIC_KLEOXY_KLEPNE_KLEVAR-100vW_zSWATH_100SPD/COLI-103-AER_100vW_100SPD.npy,COLI-103-AER_100vW_100SPD,COLI,ESCCOL,103,Escherichia coli,Escherichia coli,CLASSE (typo corrigee: COLI->ESCCOL),/home/rrekikdi/Bureau/postdoc/pseudo_image/ms1_processed_11classes/Escherichia coli/COLI-103-AER_100vW_100SPD.npy
/home/rrekikdi/Bureau/postdoc/pseudo_image/images_npy_ms1/2023_02_17_Validation_LOTS-38-39-40-42_COLI_KLEMIC_KLEOXY_KLEPNE_KLEVAR-100vW_zSWATH_100SPD/COLI-103-ANA_100vW_100SPD.npy,COLI-103-ANA_100vW_100SPD,COLI,ESCCOL,103,Escherichia coli,Escherichia coli,CLASSE (typo corrigee: COLI->ESCCOL),/home/rrekikdi/Bureau/postdoc/pseudo_image/ms1_processed_11classes/Escherichia coli/COLI-103-ANA_100vW_100SPD.npy
/home/rrekikdi/Bureau/postdoc/pseudo_image/images_npy_ms1/2023_02_17_Validation_LOTS-38-39-40-42_COLI_KLEMIC_KLEOXY_KLEPNE_KLEVAR-100vW_zSWATH_100SPD/COLI-113-AER_100vW_100SPD.npy,COLI-113-AER_100vW_100SPD,COLI,ESCCOL,113,Escherichia coli,Escherichia coli,CLASSE (typo corrigee: COLI->ESCCOL),/home/rrekikdi/Bureau/postdoc/pseudo_image/ms1_processed_11classes/Escherichia coli/COLI-113-AER_100vW_100SPD.npy
/home/rrekikdi/Bureau/postdoc/pseudo_image/images_npy_ms1/2023_02_17_Validation_LOTS-38-39-40-42_COLI_KLEMIC_KLEOXY_KLEPNE_KLEVAR-100vW_zSWATH_100SPD/COLI-113-ANA_100vW_100SPD.npy,COLI-113-ANA_100vW_100SPD,COLI,ESCCOL,113,Escherichia coli,Escherichia coli,CLASSE (typo corrigee: COLI->ESCCOL),/home/rrekikdi/Bureau/postdoc/pseudo_image/ms1_processed_11classes/Escherichia coli/COLI-113-ANA_100vW_100SPD.npy
/home/rrekikdi/Bureau/postdoc/pseudo_image/images_npy_ms1/2023_02_17_Validation_LOTS-38-39-40-42_COLI_KLEMIC_KLEOXY_KLEPNE_KLEVAR-100vW_zSWATH_100SPD/COLI-121-AER_100vW_100SPD.npy,COLI-121-AER_100vW_100SPD,COLI,ESCCOL,121,Escherichia coli,Escherichia coli,CLASSE (typo corrigee: COLI->ESCCOL),/home/rrekikdi/Bureau/postdoc/pseudo_image/ms1_processed_11classes/Escherichia coli/COLI-121-AER_100vW_100SPD.npy
/home/rrekikdi/Bureau/postdoc/pseudo_image/images_npy_ms1/2023_02_17_Validation_LOTS-38-39-40-42_COLI_KLEMIC_KLEOXY_KLEPNE_KLEVAR-100vW_zSWATH_100SPD/COLI-121-ANA_100vW_100SPD.npy,COLI-121-ANA_100vW_100SPD,COLI,ESCCOL,121,Escherichia coli,Escherichia coli,CLASSE (typo corrigee: COLI->ESCCOL),/home/rrekikdi/Bureau/postdoc/pseudo_image/ms1_processed_11classes/Escherichia coli/COLI-121-ANA_100vW_100SPD.npy
/home/rrekikdi/Bureau/postdoc/pseudo_image/images_npy_ms1/2023_02_17_Validation_LOTS-38-39-40-42_COLI_KLEMIC_KLEOXY_KLEPNE_KLEVAR-100vW_zSWATH_100SPD/COLI-127-AER_100vW_100SPD.npy,COLI-127-AER_100vW_100SPD,COLI,ESCCOL,127,Escherichia coli,Escherichia coli,CLASSE (typo corrigee: COLI->ESCCOL),/home/rrekikdi/Bureau/postdoc/pseudo_image/ms1_processed_11classes/Escherichia coli/COLI-127-AER_100vW_100SPD.npy
/home/rrekikdi/Bureau/postdoc/pseudo_image/images_npy_ms1/2023_02_17_Validation_LOTS-38-39-40-42_COLI_KLEMIC_KLEOXY_KLEPNE_KLEVAR-100vW_zSWATH_100SPD/COLI-127-ANA_100vW_100SPD.npy,COLI-127-ANA_100vW_100SPD,COLI,ESCCOL,127,Escherichia coli,Escherichia coli,CLASSE (typo corrigee: COLI->ESCCOL),/home/rrekikdi/Bureau/postdoc/pseudo_image/ms1_processed_11classes/Escherichia coli/COLI-127-ANA_100vW_100SPD.npy
/home/rrekikdi/Bureau/postdoc/pseudo_image/images_npy_ms1/2023_02_17_Validation_LOTS-38-39-40-42_COLI_KLEMIC_KLEOXY_KLEPNE_KLEVAR-100vW_zSWATH_100SPD/COLI-154-AER_100vW_100SPD.npy,COLI-154-AER_100vW_100SPD,COLI,ESCCOL,154,Escherichia coli,Escherichia coli,CLASSE (typo corrigee: COLI->ESCCOL),/home/rrekikdi/Bureau/postdoc/pseudo_image/ms1_processed_11classes/Escherichia coli/COLI-154-AER_100vW_100SPD.npy
/home/rrekikdi/Bureau/postdoc/pseudo_image/images_npy_ms1/2023_02_17_Validation_LOTS-38-39-40-42_COLI_KLEMIC_KLEOXY_KLEPNE_KLEVAR-100vW_zSWATH_100SPD/COLI-154-ANA_100vW_100SPD.npy,COLI-154-ANA_100vW_100SPD,COLI,ESCCOL,154,Escherichia coli,Escherichia coli,CLASSE (typo corrigee: COLI->ESCCOL),/home/rrekikdi/Bureau/postdoc/pseudo_image/ms1_processed_11classes/Escherichia coli/COLI-154-ANA_100vW_100SPD.npy
/home/rrekikdi/Bureau/postdoc/pseudo_image/images_npy_ms1/2023_02_17_Validation_LOTS-38-39-40-42_COLI_KLEMIC_KLEOXY_KLEPNE_KLEVAR-100vW_zSWATH_100SPD/COLI-155-AER_100vW_100SPD.npy,COLI-155-AER_100vW_100SPD,COLI,ESCCOL,155,Escherichia coli,Escherichia coli,CLASSE (typo corrigee: COLI->ESCCOL),/home/rrekikdi/Bureau/postdoc/pseudo_image/ms1_processed_11classes/Escherichia coli/COLI-155-AER_100vW_100SPD.npy
/home/rrekikdi/Bureau/postdoc/pseudo_image/images_npy_ms1/2023_02_17_Validation_LOTS-38-39-40-42_COLI_KLEMIC_KLEOXY_KLEPNE_KLEVAR-100vW_zSWATH_100SPD/COLI-155-ANA_100vW_100SPD.npy,COLI-155-ANA_100vW_100SPD,COLI,ESCCOL,155,Escherichia coli,Escherichia coli,CLASSE (typo corrigee: COLI->ESCCOL),/home/rrekikdi/Bureau/postdoc/pseudo_image/ms1_processed_11classes/Escherichia coli/COLI-155-ANA_100vW_100SPD.npy
/home/rrekikdi/Bureau/postdoc/pseudo_image/images_npy_ms1/2023_02_17_Validation_LOTS-38-39-40-42_COLI_KLEMIC_KLEOXY_KLEPNE_KLEVAR-100vW_zSWATH_100SPD/COLI-156-AER_100vW_100SPD.npy,COLI-156-AER_100vW_100SPD,COLI,ESCCOL,156,Escherichia coli,Escherichia coli,CLASSE (typo corrigee: COLI->ESCCOL),/home/rrekikdi/Bureau/postdoc/pseudo_image/ms1_processed_11classes/Escherichia coli/COLI-156-AER_100vW_100SPD.npy
/home/rrekikdi/Bureau/postdoc/pseudo_image/images_npy_ms1/2023_02_17_Validation_LOTS-38-39-40-42_COLI_KLEMIC_KLEOXY_KLEPNE_KLEVAR-100vW_zSWATH_100SPD/COLI-156-ANA_100vW_100SPD.npy,COLI-156-ANA_100vW_100SPD,COLI,ESCCOL,156,Escherichia coli,Escherichia coli,CLASSE (typo corrigee: COLI->ESCCOL),/home/rrekikdi/Bureau/postdoc/pseudo_image/ms1_processed_11classes/Escherichia coli/COLI-156-ANA_100vW_100SPD.npy
/home/rrekikdi/Bureau/postdoc/pseudo_image/images_npy_ms1/2023_02_17_Validation_LOTS-38-39-40-42_COLI_KLEMIC_KLEOXY_KLEPNE_KLEVAR-100vW_zSWATH_100SPD/COLI-157-AER_100vW_100SPD.npy,COLI-157-AER_100vW_100SPD,COLI,ESCCOL,157,Escherichia coli,Escherichia coli,CLASSE (typo corrigee: COLI->ESCCOL),/home/rrekikdi/Bureau/postdoc/pseudo_image/ms1_processed_11classes/Escherichia coli/COLI-157-AER_100vW_100SPD.npy
/home/rrekikdi/Bureau/postdoc/pseudo_image/images_npy_ms1/2023_02_17_Validation_LOTS-38-39-40-42_COLI_KLEMIC_KLEOXY_KLEPNE_KLEVAR-100vW_zSWATH_100SPD/COLI-157-ANA_100vW_100SPD.npy,COLI-157-ANA_100vW_100SPD,COLI,ESCCOL,157,Escherichia coli,Escherichia coli,CLASSE (typo corrigee: COLI->ESCCOL),/home/rrekikdi/Bureau/postdoc/pseudo_image/ms1_processed_11classes/Escherichia coli/COLI-157-ANA_100vW_100SPD.npy
/home/rrekikdi/Bureau/postdoc/pseudo_image/images_npy_ms1/2023_02_17_Validation_LOTS-38-39-40-42_COLI_KLEMIC_KLEOXY_KLEPNE_KLEVAR-100vW_zSWATH_100SPD/COLI-164-AER_100vW_100SPD.npy,COLI-164-AER_100vW_100SPD,COLI,ESCCOL,164,Escherichia coli,Escherichia coli,CLASSE (typo corrigee: COLI->ESCCOL),/home/rrekikdi/Bureau/postdoc/pseudo_image/ms1_processed_11classes/Escherichia coli/COLI-164-AER_100vW_100SPD.npy
/home/rrekikdi/Bureau/postdoc/pseudo_image/images_npy_ms1/2023_02_17_Validation_LOTS-38-39-40-42_COLI_KLEMIC_KLEOXY_KLEPNE_KLEVAR-100vW_zSWATH_100SPD/COLI-164-ANA_100vW_100SPD.npy,COLI-164-ANA_100vW_100SPD,COLI,ESCCOL,164,Escherichia coli,Escherichia coli,CLASSE (typo corrigee: COLI->ESCCOL),/home/rrekikdi/Bureau/postdoc/pseudo_image/ms1_processed_11classes/Escherichia coli/COLI-164-ANA_100vW_100SPD.npy
/home/rrekikdi/Bureau/postdoc/pseudo_image/images_npy_ms1/2023_02_17_Validation_LOTS-38-39-40-42_COLI_KLEMIC_KLEOXY_KLEPNE_KLEVAR-100vW_zSWATH_100SPD/COLI-167-AER_100vW_100SPD.npy,COLI-167-AER_100vW_100SPD,COLI,ESCCOL,167,Escherichia coli,Escherichia coli,CLASSE (typo corrigee: COLI->ESCCOL),/home/rrekikdi/Bureau/postdoc/pseudo_image/ms1_processed_11classes/Escherichia coli/COLI-167-AER_100vW_100SPD.npy
/home/rrekikdi/Bureau/postdoc/pseudo_image/images_npy_ms1/2023_02_17_Validation_LOTS-38-39-40-42_COLI_KLEMIC_KLEOXY_KLEPNE_KLEVAR-100vW_zSWATH_100SPD/COLI-167-ANA_100vW_100SPD.npy,COLI-167-ANA_100vW_100SPD,COLI,ESCCOL,167,Escherichia coli,Escherichia coli,CLASSE (typo corrigee: COLI->ESCCOL),/home/rrekikdi/Bureau/postdoc/pseudo_image/ms1_processed_11classes/Escherichia coli/COLI-167-ANA_100vW_100SPD.npy
/home/rrekikdi/Bureau/postdoc/pseudo_image/images_npy_ms1/2023_02_17_Validation_LOTS-38-39-40-42_COLI_KLEMIC_KLEOXY_KLEPNE_KLEVAR-100vW_zSWATH_100SPD/COLI-168-AER_100vW_100SPD.npy,COLI-168-AER_100vW_100SPD,COLI,ESCCOL,168,Escherichia coli,Escherichia coli,CLASSE (typo corrigee: COLI->ESCCOL),/home/rrekikdi/Bureau/postdoc/pseudo_image/ms1_processed_11classes/Escherichia coli/COLI-168-AER_100vW_100SPD.npy
/home/rrekikdi/Bureau/postdoc/pseudo_image/images_npy_ms1/2023_02_17_Validation_LOTS-38-39-40-42_COLI_KLEMIC_KLEOXY_KLEPNE_KLEVAR-100vW_zSWATH_100SPD/COLI-168-ANA_100vW_100SPD.npy,COLI-168-ANA_100vW_100SPD,COLI,ESCCOL,168,Escherichia coli,Escherichia coli,CLASSE (typo corrigee: COLI->ESCCOL),/home/rrekikdi/Bureau/postdoc/pseudo_image/ms1_processed_11classes/Escherichia coli/COLI-168-ANA_100vW_100SPD.npy
/home/rrekikdi/Bureau/postdoc/pseudo_image/images_npy_ms1/2023_02_17_Validation_LOTS-38-39-40-42_COLI_KLEMIC_KLEOXY_KLEPNE_KLEVAR-100vW_zSWATH_100SPD/COLI-170-AER_100vW_100SPD.npy,COLI-170-AER_100vW_100SPD,COLI,ESCCOL,170,Escherichia coli,Escherichia coli,CLASSE (typo corrigee: COLI->ESCCOL),/home/rrekikdi/Bureau/postdoc/pseudo_image/ms1_processed_11classes/Escherichia coli/COLI-170-AER_100vW_100SPD.npy
/home/rrekikdi/Bureau/postdoc/pseudo_image/images_npy_ms1/2023_02_17_Validation_LOTS-38-39-40-42_COLI_KLEMIC_KLEOXY_KLEPNE_KLEVAR-100vW_zSWATH_100SPD/COLI-170-ANA_100vW_100SPD.npy,COLI-170-ANA_100vW_100SPD,COLI,ESCCOL,170,Escherichia coli,Escherichia coli,CLASSE (typo corrigee: COLI->ESCCOL),/home/rrekikdi/Bureau/postdoc/pseudo_image/ms1_processed_11classes/Escherichia coli/COLI-170-ANA_100vW_100SPD.npy
/home/rrekikdi/Bureau/postdoc/pseudo_image/images_npy_ms1/2023_02_17_Validation_LOTS-38-39-40-42_COLI_KLEMIC_KLEOXY_KLEPNE_KLEVAR-100vW_zSWATH_100SPD/COLI-171-AER_100vW_100SPD.npy,COLI-171-AER_100vW_100SPD,COLI,ESCCOL,171,Escherichia coli,Escherichia coli,CLASSE (typo corrigee: COLI->ESCCOL),/home/rrekikdi/Bureau/postdoc/pseudo_image/ms1_processed_11classes/Escherichia coli/COLI-171-AER_100vW_100SPD.npy
/home/rrekikdi/Bureau/postdoc/pseudo_image/images_npy_ms1/2023_02_17_Validation_LOTS-38-39-40-42_COLI_KLEMIC_KLEOXY_KLEPNE_KLEVAR-100vW_zSWATH_100SPD/COLI-171-ANA_100vW_100SPD.npy,COLI-171-ANA_100vW_100SPD,COLI,ESCCOL,171,Escherichia coli,Escherichia coli,CLASSE (typo corrigee: COLI->ESCCOL),/home/rrekikdi/Bureau/postdoc/pseudo_image/ms1_processed_11classes/Escherichia coli/COLI-171-ANA_100vW_100SPD.npy
/home/rrekikdi/Bureau/postdoc/pseudo_image/images_npy_ms1/2023_02_17_Validation_LOTS-38-39-40-42_COLI_KLEMIC_KLEOXY_KLEPNE_KLEVAR-100vW_zSWATH_100SPD/COLI-173-AER_100vW_100SPD.npy,COLI-173-AER_100vW_100SPD,COLI,ESCCOL,173,Escherichia coli,Escherichia coli,CLASSE (typo corrigee: COLI->ESCCOL),/home/rrekikdi/Bureau/postdoc/pseudo_image/ms1_processed_11classes/Escherichia coli/COLI-173-AER_100vW_100SPD.npy
/home/rrekikdi/Bureau/postdoc/pseudo_image/images_npy_ms1/2023_02_17_Validation_LOTS-38-39-40-42_COLI_KLEMIC_KLEOXY_KLEPNE_KLEVAR-100vW_zSWATH_100SPD/COLI-173-ANA_100vW_100SPD.npy,COLI-173-ANA_100vW_100SPD,COLI,ESCCOL,173,Escherichia coli,Escherichia coli,CLASSE (typo corrigee: COLI->ESCCOL),/home/rrekikdi/Bureau/postdoc/pseudo_image/ms1_processed_11classes/Escherichia coli/COLI-173-ANA_100vW_100SPD.npy
/home/rrekikdi/Bureau/postdoc/pseudo_image/images_npy_ms1/2023_02_17_Validation_LOTS-38-39-40-42_COLI_KLEMIC_KLEOXY_KLEPNE_KLEVAR-100vW_zSWATH_100SPD/COLI-177-AER_100vW_100SPD.npy,COLI-177-AER_100vW_100SPD,COLI,ESCCOL,177,Escherichia coli,Escherichia coli,CLASSE (typo corrigee: COLI->ESCCOL),/home/rrekikdi/Bureau/postdoc/pseudo_image/ms1_processed_11classes/Escherichia coli/COLI-177-AER_100vW_100SPD.npy
/home/rrekikdi/Bureau/postdoc/pseudo_image/images_npy_ms1/2023_02_17_Validation_LOTS-38-39-40-42_COLI_KLEMIC_KLEOXY_KLEPNE_KLEVAR-100vW_zSWATH_100SPD/COLI-177-ANA_100vW_100SPD.npy,COLI-177-ANA_100vW_100SPD,COLI,ESCCOL,177,Escherichia coli,Escherichia coli,CLASSE (typo corrigee: COLI->ESCCOL),/home/rrekikdi/Bureau/postdoc/pseudo_image/ms1_processed_11classes/Escherichia coli/COLI-177-ANA_100vW_100SPD.npy
/home/rrekikdi/Bureau/postdoc/pseudo_image/images_npy_ms1/2023_02_17_Validation_LOTS-38-39-40-42_COLI_KLEMIC_KLEOXY_KLEPNE_KLEVAR-100vW_zSWATH_100SPD/COLI-178-AER_100vW_100SPD.npy,COLI-178-AER_100vW_100SPD,COLI,ESCCOL,178,Escherichia coli,Escherichia coli,CLASSE (typo corrigee: COLI->ESCCOL),/home/rrekikdi/Bureau/postdoc/pseudo_image/ms1_processed_11classes/Escherichia coli/COLI-178-AER_100vW_100SPD.npy
/home/rrekikdi/Bureau/postdoc/pseudo_image/images_npy_ms1/2023_02_17_Validation_LOTS-38-39-40-42_COLI_KLEMIC_KLEOXY_KLEPNE_KLEVAR-100vW_zSWATH_100SPD/COLI-178-ANA_100vW_100SPD.npy,COLI-178-ANA_100vW_100SPD,COLI,ESCCOL,178,Escherichia coli,Escherichia coli,CLASSE (typo corrigee: COLI->ESCCOL),/home/rrekikdi/Bureau/postdoc/pseudo_image/ms1_processed_11classes/Escherichia coli/COLI-178-ANA_100vW_100SPD.npy
/home/rrekikdi/Bureau/postdoc/pseudo_image/images_npy_ms1/2023_02_17_Validation_LOTS-38-39-40-42_COLI_KLEMIC_KLEOXY_KLEPNE_KLEVAR-100vW_zSWATH_100SPD/COLI-179-AER_100vW_100SPD.npy,COLI-179-AER_100vW_100SPD,COLI,ESCCOL,179,Escherichia coli,Escherichia coli,CLASSE (typo corrigee: COLI->ESCCOL),/home/rrekikdi/Bureau/postdoc/pseudo_image/ms1_processed_11classes/Escherichia coli/COLI-179-AER_100vW_100SPD.npy
/home/rrekikdi/Bureau/postdoc/pseudo_image/images_npy_ms1/2023_02_17_Validation_LOTS-38-39-40-42_COLI_KLEMIC_KLEOXY_KLEPNE_KLEVAR-100vW_zSWATH_100SPD/COLI-179-ANA_100vW_100SPD.npy,COLI-179-ANA_100vW_100SPD,COLI,ESCCOL,179,Escherichia coli,Escherichia coli,CLASSE (typo corrigee: COLI->ESCCOL),/home/rrekikdi/Bureau/postdoc/pseudo_image/ms1_processed_11classes/Escherichia coli/COLI-179-ANA_100vW_100SPD.npy
/home/rrekikdi/Bureau/postdoc/pseudo_image/images_npy_ms1/2023_02_17_Validation_LOTS-38-39-40-42_COLI_KLEMIC_KLEOXY_KLEPNE_KLEVAR-100vW_zSWATH_100SPD/COLI-186-AER_100vW_100SPD.npy,COLI-186-AER_100vW_100SPD,COLI,ESCCOL,186,Escherichia coli,Escherichia coli,CLASSE (typo corrigee: COLI->ESCCOL),/home/rrekikdi/Bureau/postdoc/pseudo_image/ms1_processed_11classes/Escherichia coli/COLI-186-AER_100vW_100SPD.npy
/home/rrekikdi/Bureau/postdoc/pseudo_image/images_npy_ms1/2023_02_17_Validation_LOTS-38-39-40-42_COLI_KLEMIC_KLEOXY_KLEPNE_KLEVAR-100vW_zSWATH_100SPD/COLI-186-ANA_100vW_100SPD.npy,COLI-186-ANA_100vW_100SPD,COLI,ESCCOL,186,Escherichia coli,Escherichia coli,CLASSE (typo corrigee: COLI->ESCCOL),/home/rrekikdi/Bureau/postdoc/pseudo_image/ms1_processed_11classes/Escherichia coli/COLI-186-ANA_100vW_100SPD.npy
/home/rrekikdi/Bureau/postdoc/pseudo_image/images_npy_ms1/2023_02_17_Validation_LOTS-38-39-40-42_COLI_KLEMIC_KLEOXY_KLEPNE_KLEVAR-100vW_zSWATH_100SPD/COLI-191-AER_100vW_100SPD.npy,COLI-191-AER_100vW_100SPD,COLI,ESCCOL,191,Escherichia coli,Escherichia coli,CLASSE (typo corrigee: COLI->ESCCOL),/home/rrekikdi/Bureau/postdoc/pseudo_image/ms1_processed_11classes/Escherichia coli/COLI-191-AER_100vW_100SPD.npy
/home/rrekikdi/Bureau/postdoc/pseudo_image/images_npy_ms1/2023_02_17_Validation_LOTS-38-39-40-42_COLI_KLEMIC_KLEOXY_KLEPNE_KLEVAR-100vW_zSWATH_100SPD/COLI-191-ANA_100vW_100SPD.npy,COLI-191-ANA_100vW_100SPD,COLI,ESCCOL,191,Escherichia coli,Escherichia coli,CLASSE (typo corrigee: COLI->ESCCOL),/home/rrekikdi/Bureau/postdoc/pseudo_image/ms1_processed_11classes/Escherichia coli/COLI-191-ANA_100vW_100SPD.npy
/home/rrekikdi/Bureau/postdoc/pseudo_image/images_npy_ms1/2023_02_17_Validation_LOTS-38-39-40-42_COLI_KLEMIC_KLEOXY_KLEPNE_KLEVAR-100vW_zSWATH_100SPD/COLI-193-AER_100vW_100SPD.npy,COLI-193-AER_100vW_100SPD,COLI,ESCCOL,193,Escherichia coli,Escherichia coli,CLASSE (typo corrigee: COLI->ESCCOL),/home/rrekikdi/Bureau/postdoc/pseudo_image/ms1_processed_11classes/Escherichia coli/COLI-193-AER_100vW_100SPD.npy
/home/rrekikdi/Bureau/postdoc/pseudo_image/images_npy_ms1/2023_02_17_Validation_LOTS-38-39-40-42_COLI_KLEMIC_KLEOXY_KLEPNE_KLEVAR-100vW_zSWATH_100SPD/COLI-193-ANA_100vW_100SPD.npy,COLI-193-ANA_100vW_100SPD,COLI,ESCCOL,193,Escherichia coli,Escherichia coli,CLASSE (typo corrigee: COLI->ESCCOL),/home/rrekikdi/Bureau/postdoc/pseudo_image/ms1_processed_11classes/Escherichia coli/COLI-193-ANA_100vW_100SPD.npy
/home/rrekikdi/Bureau/postdoc/pseudo_image/images_npy_ms1/2023_02_17_Validation_LOTS-38-39-40-42_COLI_KLEMIC_KLEOXY_KLEPNE_KLEVAR-100vW_zSWATH_100SPD/COLI-204-AER_100vW_100SPD.npy,COLI-204-AER_100vW_100SPD,COLI,ESCCOL,204,Escherichia coli,Escherichia coli,CLASSE (typo corrigee: COLI->ESCCOL),/home/rrekikdi/Bureau/postdoc/pseudo_image/ms1_processed_11classes/Escherichia coli/COLI-204-AER_100vW_100SPD.npy
/home/rrekikdi/Bureau/postdoc/pseudo_image/images_npy_ms1/2023_02_17_Validation_LOTS-38-39-40-42_COLI_KLEMIC_KLEOXY_KLEPNE_KLEVAR-100vW_zSWATH_100SPD/COLI-204-ANA_100vW_100SPD.npy,COLI-204-ANA_100vW_100SPD,COLI,ESCCOL,204,Escherichia coli,Escherichia coli,CLASSE (typo corrigee: COLI->ESCCOL),/home/rrekikdi/Bureau/postdoc/pseudo_image/ms1_processed_11classes/Escherichia coli/COLI-204-ANA_100vW_100SPD.npy
/home/rrekikdi/Bureau/postdoc/pseudo_image/images_npy_ms1/2023_02_17_Validation_LOTS-38-39-40-42_COLI_KLEMIC_KLEOXY_KLEPNE_KLEVAR-100vW_zSWATH_100SPD/COLI-205-AER_100vW_100SPD.npy,COLI-205-AER_100vW_100SPD,COLI,ESCCOL,205,Escherichia coli,Escherichia coli,CLASSE (typo corrigee: COLI->ESCCOL),/home/rrekikdi/Bureau/postdoc/pseudo_image/ms1_processed_11classes/Escherichia coli/COLI-205-AER_100vW_100SPD.npy
/home/rrekikdi/Bureau/postdoc/pseudo_image/images_npy_ms1/2023_02_17_Validation_LOTS-38-39-40-42_COLI_KLEMIC_KLEOXY_KLEPNE_KLEVAR-100vW_zSWATH_100SPD/COLI-205-ANA_100vW_100SPD.npy,COLI-205-ANA_100vW_100SPD,COLI,ESCCOL,205,Escherichia coli,Escherichia coli,CLASSE (typo corrigee: COLI->ESCCOL),/home/rrekikdi/Bureau/postdoc/pseudo_image/ms1_processed_11classes/Escherichia coli/COLI-205-ANA_100vW_100SPD.npy
/home/rrekikdi/Bureau/postdoc/pseudo_image/images_npy_ms1/2023_02_17_Validation_LOTS-38-39-40-42_COLI_KLEMIC_KLEOXY_KLEPNE_KLEVAR-100vW_zSWATH_100SPD/COLI-207-AER_100vW_100SPD.npy,COLI-207-AER_100vW_100SPD,COLI,ESCCOL,207,Escherichia coli,Escherichia coli,CLASSE (typo corrigee: COLI->ESCCOL),/home/rrekikdi/Bureau/postdoc/pseudo_image/ms1_processed_11classes/Escherichia coli/COLI-207-AER_100vW_100SPD.npy
/home/rrekikdi/Bureau/postdoc/pseudo_image/images_npy_ms1/2023_02_17_Validation_LOTS-38-39-40-42_COLI_KLEMIC_KLEOXY_KLEPNE_KLEVAR-100vW_zSWATH_100SPD/COLI-207-ANA_100vW_100SPD.npy,COLI-207-ANA_100vW_100SPD,COLI,ESCCOL,207,Escherichia coli,Escherichia coli,CLASSE (typo corrigee: COLI->ESCCOL),/home/rrekikdi/Bureau/postdoc/pseudo_image/ms1_processed_11classes/Escherichia coli/COLI-207-ANA_100vW_100SPD.npy
/home/rrekikdi/Bureau/postdoc/pseudo_image/images_npy_ms1/2023_02_17_Validation_LOTS-38-39-40-42_COLI_KLEMIC_KLEOXY_KLEPNE_KLEVAR-100vW_zSWATH_100SPD/COLI-208-AER_100vW_100SPD.npy,COLI-208-AER_100vW_100SPD,COLI,ESCCOL,208,Escherichia coli,Escherichia coli,CLASSE (typo corrigee: COLI->ESCCOL),/home/rrekikdi/Bureau/postdoc/pseudo_image/ms1_processed_11classes/Escherichia coli/COLI-208-AER_100vW_100SPD.npy
/home/rrekikdi/Bureau/postdoc/pseudo_image/images_npy_ms1/2023_02_17_Validation_LOTS-38-39-40-42_COLI_KLEMIC_KLEOXY_KLEPNE_KLEVAR-100vW_zSWATH_100SPD/COLI-208-ANA_100vW_100SPD.npy,COLI-208-ANA_100vW_100SPD,COLI,ESCCOL,208,Escherichia coli,Escherichia coli,CLASSE (typo corrigee: COLI->ESCCOL),/home/rrekikdi/Bureau/postdoc/pseudo_image/ms1_processed_11classes/Escherichia coli/COLI-208-ANA_100vW_100SPD.npy
/home/rrekikdi/Bureau/postdoc/pseudo_image/images_npy_ms1/2023_02_17_Validation_LOTS-38-39-40-42_COLI_KLEMIC_KLEOXY_KLEPNE_KLEVAR-100vW_zSWATH_100SPD/COLI-211-AER_100vW_100SPD.npy,COLI-211-AER_100vW_100SPD,COLI,ESCCOL,211,Escherichia coli,Escherichia coli,CLASSE (typo corrigee: COLI->ESCCOL),/home/rrekikdi/Bureau/postdoc/pseudo_image/ms1_processed_11classes/Escherichia coli/COLI-211-AER_100vW_100SPD.npy
/home/rrekikdi/Bureau/postdoc/pseudo_image/images_npy_ms1/2023_02_17_Validation_LOTS-38-39-40-42_COLI_KLEMIC_KLEOXY_KLEPNE_KLEVAR-100vW_zSWATH_100SPD/COLI-211-ANA_100vW_100SPD.npy,COLI-211-ANA_100vW_100SPD,COLI,ESCCOL,211,Escherichia coli,Escherichia coli,CLASSE (typo corrigee: COLI->ESCCOL),/home/rrekikdi/Bureau/postdoc/pseudo_image/ms1_processed_11classes/Escherichia coli/COLI-211-ANA_100vW_100SPD.npy
/home/rrekikdi/Bureau/postdoc/pseudo_image/images_npy_ms1/2023_02_17_Validation_LOTS-38-39-40-42_COLI_KLEMIC_KLEOXY_KLEPNE_KLEVAR-100vW_zSWATH_100SPD/COLI-212-AER_100vW_100SPD.npy,COLI-212-AER_100vW_100SPD,COLI,ESCCOL,212,Escherichia coli,Escherichia coli,CLASSE (typo corrigee: COLI->ESCCOL),/home/rrekikdi/Bureau/postdoc/pseudo_image/ms1_processed_11classes/Escherichia coli/COLI-212-AER_100vW_100SPD.npy
/home/rrekikdi/Bureau/postdoc/pseudo_image/images_npy_ms1/2023_02_17_Validation_LOTS-38-39-40-42_COLI_KLEMIC_KLEOXY_KLEPNE_KLEVAR-100vW_zSWATH_100SPD/COLI-212-ANA_100vW_100SPD.npy,COLI-212-ANA_100vW_100SPD,COLI,ESCCOL,212,Escherichia coli,Escherichia coli,CLASSE (typo corrigee: COLI->ESCCOL),/home/rrekikdi/Bureau/postdoc/pseudo_image/ms1_processed_11classes/Escherichia coli/COLI-212-ANA_100vW_100SPD.npy
/home/rrekikdi/Bureau/postdoc/pseudo_image/images_npy_ms1/2023_02_17_Validation_LOTS-38-39-40-42_COLI_KLEMIC_KLEOXY_KLEPNE_KLEVAR-100vW_zSWATH_100SPD/COLI-213-AER_100vW_100SPD.npy,COLI-213-AER_100vW_100SPD,COLI,ESCCOL,213,Escherichia coli,Escherichia coli,CLASSE (typo corrigee: COLI->ESCCOL),/home/rrekikdi/Bureau/postdoc/pseudo_image/ms1_processed_11classes/Escherichia coli/COLI-213-AER_100vW_100SPD.npy
/home/rrekikdi/Bureau/postdoc/pseudo_image/images_npy_ms1/2023_02_17_Validation_LOTS-38-39-40-42_COLI_KLEMIC_KLEOXY_KLEPNE_KLEVAR-100vW_zSWATH_100SPD/COLI-213-ANA_100vW_100SPD.npy,COLI-213-ANA_100vW_100SPD,COLI,ESCCOL,213,Escherichia coli,Escherichia coli,CLASSE (typo corrigee: COLI->ESCCOL),/home/rrekikdi/Bureau/postdoc/pseudo_image/ms1_processed_11classes/Escherichia coli/COLI-213-ANA_100vW_100SPD.npy
/home/rrekikdi/Bureau/postdoc/pseudo_image/images_npy_ms1/2023_02_17_Validation_LOTS-38-39-40-42_COLI_KLEMIC_KLEOXY_KLEPNE_KLEVAR-100vW_zSWATH_100SPD/COLI-214-AER_100vW_100SPD.npy,COLI-214-AER_100vW_100SPD,COLI,ESCCOL,214,Escherichia coli,Escherichia coli,CLASSE (typo corrigee: COLI->ESCCOL),/home/rrekikdi/Bureau/postdoc/pseudo_image/ms1_processed_11classes/Escherichia coli/COLI-214-AER_100vW_100SPD.npy
/home/rrekikdi/Bureau/postdoc/pseudo_image/images_npy_ms1/2023_02_17_Validation_LOTS-38-39-40-42_COLI_KLEMIC_KLEOXY_KLEPNE_KLEVAR-100vW_zSWATH_100SPD/COLI-214-ANA_100vW_100SPD.npy,COLI-214-ANA_100vW_100SPD,COLI,ESCCOL,214,Escherichia coli,Escherichia coli,CLASSE (typo corrigee: COLI->ESCCOL),/home/rrekikdi/Bureau/postdoc/pseudo_image/ms1_processed_11classes/Escherichia coli/COLI-214-ANA_100vW_100SPD.npy
/home/rrekikdi/Bureau/postdoc/pseudo_image/images_npy_ms1/2023_02_17_Validation_LOTS-38-39-40-42_COLI_KLEMIC_KLEOXY_KLEPNE_KLEVAR-100vW_zSWATH_100SPD/COLI-216-AER_100vW_100SPD.npy,COLI-216-AER_100vW_100SPD,COLI,ESCCOL,216,Escherichia coli,Escherichia coli,CLASSE (typo corrigee: COLI->ESCCOL),/home/rrekikdi/Bureau/postdoc/pseudo_image/ms1_processed_11classes/Escherichia coli/COLI-216-AER_100vW_100SPD.npy
/home/rrekikdi/Bureau/postdoc/pseudo_image/images_npy_ms1/2023_02_17_Validation_LOTS-38-39-40-42_COLI_KLEMIC_KLEOXY_KLEPNE_KLEVAR-100vW_zSWATH_100SPD/COLI-216-ANA_100vW_100SPD.npy,COLI-216-ANA_100vW_100SPD,COLI,ESCCOL,216,Escherichia coli,Escherichia coli,CLASSE (typo corrigee: COLI->ESCCOL),/home/rrekikdi/Bureau/postdoc/pseudo_image/ms1_processed_11classes/Escherichia coli/COLI-216-ANA_100vW_100SPD.npy
/home/rrekikdi/Bureau/postdoc/pseudo_image/images_npy_ms1/2023_02_17_Validation_LOTS-38-39-40-42_COLI_KLEMIC_KLEOXY_KLEPNE_KLEVAR-100vW_zSWATH_100SPD/COLI-217-AER_100vW_100SPD.npy,COLI-217-AER_100vW_100SPD,COLI,ESCCOL,217,Escherichia coli,Escherichia coli,CLASSE (typo corrigee: COLI->ESCCOL),/home/rrekikdi/Bureau/postdoc/pseudo_image/ms1_processed_11classes/Escherichia coli/COLI-217-AER_100vW_100SPD.npy
/home/rrekikdi/Bureau/postdoc/pseudo_image/images_npy_ms1/2023_02_17_Validation_LOTS-38-39-40-42_COLI_KLEMIC_KLEOXY_KLEPNE_KLEVAR-100vW_zSWATH_100SPD/COLI-217-ANA_100vW_100SPD.npy,COLI-217-ANA_100vW_100SPD,COLI,ESCCOL,217,Escherichia coli,Escherichia coli,CLASSE (typo corrigee: COLI->ESCCOL),/home/rrekikdi/Bureau/postdoc/pseudo_image/ms1_processed_11classes/Escherichia coli/COLI-217-ANA_100vW_100SPD.npy
/home/rrekikdi/Bureau/postdoc/pseudo_image/images_npy_ms1/2023_02_17_Validation_LOTS-38-39-40-42_COLI_KLEMIC_KLEOXY_KLEPNE_KLEVAR-100vW_zSWATH_100SPD/COLI-218-AER_100vW_100SPD.npy,COLI-218-AER_100vW_100SPD,COLI,ESCCOL,218,Escherichia coli,Escherichia coli,CLASSE (typo corrigee: COLI->ESCCOL),/home/rrekikdi/Bureau/postdoc/pseudo_image/ms1_processed_11classes/Escherichia coli/COLI-218-AER_100vW_100SPD.npy
/home/rrekikdi/Bureau/postdoc/pseudo_image/images_npy_ms1/2023_02_17_Validation_LOTS-38-39-40-42_COLI_KLEMIC_KLEOXY_KLEPNE_KLEVAR-100vW_zSWATH_100SPD/COLI-218-ANA_100vW_100SPD.npy,COLI-218-ANA_100vW_100SPD,COLI,ESCCOL,218,Escherichia coli,Escherichia coli,CLASSE (typo corrigee: COLI->ESCCOL),/home/rrekikdi/Bureau/postdoc/pseudo_image/ms1_processed_11classes/Escherichia coli/COLI-218-ANA_100vW_100SPD.npy
/home/rrekikdi/Bureau/postdoc/pseudo_image/images_npy_ms1/2023_02_17_Validation_LOTS-38-39-40-42_COLI_KLEMIC_KLEOXY_KLEPNE_KLEVAR-100vW_zSWATH_100SPD/COLI-233-AER_100vW_100SPD.npy,COLI-233-AER_100vW_100SPD,COLI,ESCCOL,233,Escherichia coli,Escherichia coli,CLASSE (typo corrigee: COLI->ESCCOL),/home/rrekikdi/Bureau/postdoc/pseudo_image/ms1_processed_11classes/Escherichia coli/COLI-233-AER_100vW_100SPD.npy
/home/rrekikdi/Bureau/postdoc/pseudo_image/images_npy_ms1/2023_02_17_Validation_LOTS-38-39-40-42_COLI_KLEMIC_KLEOXY_KLEPNE_KLEVAR-100vW_zSWATH_100SPD/COLI-233-ANA_100vW_100SPD.npy,COLI-233-ANA_100vW_100SPD,COLI,ESCCOL,233,Escherichia coli,Escherichia coli,CLASSE (typo corrigee: COLI->ESCCOL),/home/rrekikdi/Bureau/postdoc/pseudo_image/ms1_processed_11classes/Escherichia coli/COLI-233-ANA_100vW_100SPD.npy
/home/rrekikdi/Bureau/postdoc/pseudo_image/images_npy_ms1/2023_02_17_Validation_LOTS-38-39-40-42_COLI_KLEMIC_KLEOXY_KLEPNE_KLEVAR-100vW_zSWATH_100SPD/COLI-240-AER_100vW_100SPD.npy,COLI-240-AER_100vW_100SPD,COLI,ESCCOL,240,Escherichia coli,Escherichia coli,CLASSE (typo corrigee: COLI->ESCCOL),/home/rrekikdi/Bureau/postdoc/pseudo_image/ms1_processed_11classes/Escherichia coli/COLI-240-AER_100vW_100SPD.npy
/home/rrekikdi/Bureau/postdoc/pseudo_image/images_npy_ms1/2023_02_17_Validation_LOTS-38-39-40-42_COLI_KLEMIC_KLEOXY_KLEPNE_KLEVAR-100vW_zSWATH_100SPD/COLI-240-ANA_100vW_100SPD.npy,COLI-240-ANA_100vW_100SPD,COLI,ESCCOL,240,Escherichia coli,Escherichia coli,CLASSE (typo corrigee: COLI->ESCCOL),/home/rrekikdi/Bureau/postdoc/pseudo_image/ms1_processed_11classes/Escherichia coli/COLI-240-ANA_100vW_100SPD.npy
/home/rrekikdi/Bureau/postdoc/pseudo_image/images_npy_ms1/2023_02_17_Validation_LOTS-38-39-40-42_COLI_KLEMIC_KLEOXY_KLEPNE_KLEVAR-100vW_zSWATH_100SPD/COLI-241-AER_100vW_100SPD.npy,COLI-241-AER_100vW_100SPD,COLI,ESCCOL,241,Escherichia coli,Escherichia coli,CLASSE (typo corrigee: COLI->ESCCOL),/home/rrekikdi/Bureau/postdoc/pseudo_image/ms1_processed_11classes/Escherichia coli/COLI-241-AER_100vW_100SPD.npy
/home/rrekikdi/Bureau/postdoc/pseudo_image/images_npy_ms1/2023_02_17_Validation_LOTS-38-39-40-42_COLI_KLEMIC_KLEOXY_KLEPNE_KLEVAR-100vW_zSWATH_100SPD/COLI-241-ANA_100vW_100SPD.npy,COLI-241-ANA_100vW_100SPD,COLI,ESCCOL,241,Escherichia coli,Escherichia coli,CLASSE (typo corrigee: COLI->ESCCOL),/home/rrekikdi/Bureau/postdoc/pseudo_image/ms1_processed_11classes/Escherichia coli/COLI-241-ANA_100vW_100SPD.npy
/home/rrekikdi/Bureau/postdoc/pseudo_image/images_npy_ms1/2023_02_17_Validation_LOTS-38-39-40-42_COLI_KLEMIC_KLEOXY_KLEPNE_KLEVAR-100vW_zSWATH_100SPD/COLI-246-AER_100vW_100SPD.npy,COLI-246-AER_100vW_100SPD,COLI,ESCCOL,246,Escherichia coli,Escherichia coli,CLASSE (typo corrigee: COLI->ESCCOL),/home/rrekikdi/Bureau/postdoc/pseudo_image/ms1_processed_11classes/Escherichia coli/COLI-246-AER_100vW_100SPD.npy
/home/rrekikdi/Bureau/postdoc/pseudo_image/images_npy_ms1/2023_02_17_Validation_LOTS-38-39-40-42_COLI_KLEMIC_KLEOXY_KLEPNE_KLEVAR-100vW_zSWATH_100SPD/COLI-246-ANA_100vW_100SPD.npy,COLI-246-ANA_100vW_100SPD,COLI,ESCCOL,246,Escherichia coli,Escherichia coli,CLASSE (typo corrigee: COLI->ESCCOL),/home/rrekikdi/Bureau/postdoc/pseudo_image/ms1_processed_11classes/Escherichia coli/COLI-246-ANA_100vW_100SPD.npy
/home/rrekikdi/Bureau/postdoc/pseudo_image/images_npy_ms1/2023_02_17_Validation_LOTS-38-39-40-42_COLI_KLEMIC_KLEOXY_KLEPNE_KLEVAR-100vW_zSWATH_100SPD/COLI-248-AER_100vW_100SPD.npy,COLI-248-AER_100vW_100SPD,COLI,ESCCOL,248,Escherichia coli,Escherichia coli,CLASSE (typo corrigee: COLI->ESCCOL),/home/rrekikdi/Bureau/postdoc/pseudo_image/ms1_processed_11classes/Escherichia coli/COLI-248-AER_100vW_100SPD.npy
/home/rrekikdi/Bureau/postdoc/pseudo_image/images_npy_ms1/2023_02_17_Validation_LOTS-38-39-40-42_COLI_KLEMIC_KLEOXY_KLEPNE_KLEVAR-100vW_zSWATH_100SPD/COLI-248-ANA_100vW_100SPD.npy,COLI-248-ANA_100vW_100SPD,COLI,ESCCOL,248,Escherichia coli,Escherichia coli,CLASSE (typo corrigee: COLI->ESCCOL),/home/rrekikdi/Bureau/postdoc/pseudo_image/ms1_processed_11classes/Escherichia coli/COLI-248-ANA_100vW_100SPD.npy
/home/rrekikdi/Bureau/postdoc/pseudo_image/images_npy_ms1/2023_02_17_Validation_LOTS-38-39-40-42_COLI_KLEMIC_KLEOXY_KLEPNE_KLEVAR-100vW_zSWATH_100SPD/COLI-250-AER_100vW_100SPD.npy,COLI-250-AER_100vW_100SPD,COLI,ESCCOL,250,Escherichia coli,Escherichia coli,CLASSE (typo corrigee: COLI->ESCCOL),/home/rrekikdi/Bureau/postdoc/pseudo_image/ms1_processed_11classes/Escherichia coli/COLI-250-AER_100vW_100SPD.npy
/home/rrekikdi/Bureau/postdoc/pseudo_image/images_npy_ms1/2023_02_17_Validation_LOTS-38-39-40-42_COLI_KLEMIC_KLEOXY_KLEPNE_KLEVAR-100vW_zSWATH_100SPD/COLI-250-ANA_100vW_100SPD.npy,COLI-250-ANA_100vW_100SPD,COLI,ESCCOL,250,Escherichia coli,Escherichia coli,CLASSE (typo corrigee: COLI->ESCCOL),/home/rrekikdi/Bureau/postdoc/pseudo_image/ms1_processed_11classes/Escherichia coli/COLI-250-ANA_100vW_100SPD.npy
/home/rrekikdi/Bureau/postdoc/pseudo_image/images_npy_ms1/2023_02_17_Validation_LOTS-38-39-40-42_COLI_KLEMIC_KLEOXY_KLEPNE_KLEVAR-100vW_zSWATH_100SPD/COLI-252-AER_100vW_100SPD.npy,COLI-252-AER_100vW_100SPD,COLI,ESCCOL,252,Escherichia coli,Escherichia coli,CLASSE (typo corrigee: COLI->ESCCOL),/home/rrekikdi/Bureau/postdoc/pseudo_image/ms1_processed_11classes/Escherichia coli/COLI-252-AER_100vW_100SPD.npy
/home/rrekikdi/Bureau/postdoc/pseudo_image/images_npy_ms1/2023_02_17_Validation_LOTS-38-39-40-42_COLI_KLEMIC_KLEOXY_KLEPNE_KLEVAR-100vW_zSWATH_100SPD/COLI-252-ANA_100vW_100SPD.npy,COLI-252-ANA_100vW_100SPD,COLI,ESCCOL,252,Escherichia coli,Escherichia coli,CLASSE (typo corrigee: COLI->ESCCOL),/home/rrekikdi/Bureau/postdoc/pseudo_image/ms1_processed_11classes/Escherichia coli/COLI-252-ANA_100vW_100SPD.npy
/home/rrekikdi/Bureau/postdoc/pseudo_image/images_npy_ms1/2023_02_17_Validation_LOTS-38-39-40-42_COLI_KLEMIC_KLEOXY_KLEPNE_KLEVAR-100vW_zSWATH_100SPD/COLI-253-AER_100vW_100SPD.npy,COLI-253-AER_100vW_100SPD,COLI,ESCCOL,253,Escherichia coli,Escherichia coli,CLASSE (typo corrigee: COLI->ESCCOL),/home/rrekikdi/Bureau/postdoc/pseudo_image/ms1_processed_11classes/Escherichia coli/COLI-253-AER_100vW_100SPD.npy
/home/rrekikdi/Bureau/postdoc/pseudo_image/images_npy_ms1/2023_02_17_Validation_LOTS-38-39-40-42_COLI_KLEMIC_KLEOXY_KLEPNE_KLEVAR-100vW_zSWATH_100SPD/COLI-253-ANA_100vW_100SPD.npy,COLI-253-ANA_100vW_100SPD,COLI,ESCCOL,253,Escherichia coli,Escherichia coli,CLASSE (typo corrigee: COLI->ESCCOL),/home/rrekikdi/Bureau/postdoc/pseudo_image/ms1_processed_11classes/Escherichia coli/COLI-253-ANA_100vW_100SPD.npy
/home/rrekikdi/Bureau/postdoc/pseudo_image/images_npy_ms1/2023_02_17_Validation_LOTS-38-39-40-42_COLI_KLEMIC_KLEOXY_KLEPNE_KLEVAR-100vW_zSWATH_100SPD/COLI-254-AER_100vW_100SPD.npy,COLI-254-AER_100vW_100SPD,COLI,ESCCOL,254,Escherichia coli,Escherichia coli,CLASSE (typo corrigee: COLI->ESCCOL),/home/rrekikdi/Bureau/postdoc/pseudo_image/ms1_processed_11classes/Escherichia coli/COLI-254-AER_100vW_100SPD.npy
/home/rrekikdi/Bureau/postdoc/pseudo_image/images_npy_ms1/2023_02_17_Validation_LOTS-38-39-40-42_COLI_KLEMIC_KLEOXY_KLEPNE_KLEVAR-100vW_zSWATH_100SPD/COLI-254-ANA_100vW_100SPD.npy,COLI-254-ANA_100vW_100SPD,COLI,ESCCOL,254,Escherichia coli,Escherichia coli,CLASSE (typo corrigee: COLI->ESCCOL),/home/rrekikdi/Bureau/postdoc/pseudo_image/ms1_processed_11classes/Escherichia coli/COLI-254-ANA_100vW_100SPD.npy
/home/rrekikdi/Bureau/postdoc/pseudo_image/images_npy_ms1/2023_02_17_Validation_LOTS-38-39-40-42_COLI_KLEMIC_KLEOXY_KLEPNE_KLEVAR-100vW_zSWATH_100SPD/COLI-255-AER_100vW_100SPD.npy,COLI-255-AER_100vW_100SPD,COLI,ESCCOL,255,Escherichia coli,Escherichia coli,CLASSE (typo corrigee: COLI->ESCCOL),/home/rrekikdi/Bureau/postdoc/pseudo_image/ms1_processed_11classes/Escherichia coli/COLI-255-AER_100vW_100SPD.npy
/home/rrekikdi/Bureau/postdoc/pseudo_image/images_npy_ms1/2023_02_17_Validation_LOTS-38-39-40-42_COLI_KLEMIC_KLEOXY_KLEPNE_KLEVAR-100vW_zSWATH_100SPD/COLI-255-ANA_100vW_100SPD.npy,COLI-255-ANA_100vW_100SPD,COLI,ESCCOL,255,Escherichia coli,Escherichia coli,CLASSE (typo corrigee: COLI->ESCCOL),/home/rrekikdi/Bureau/postdoc/pseudo_image/ms1_processed_11classes/Escherichia coli/COLI-255-ANA_100vW_100SPD.npy
/home/rrekikdi/Bureau/postdoc/pseudo_image/images_npy_ms1/2023_02_17_Validation_LOTS-38-39-40-42_COLI_KLEMIC_KLEOXY_KLEPNE_KLEVAR-100vW_zSWATH_100SPD/COLI-256-AER_100vW_100SPD.npy,COLI-256-AER_100vW_100SPD,COLI,ESCCOL,256,Escherichia coli,Escherichia coli,CLASSE (typo corrigee: COLI->ESCCOL),/home/rrekikdi/Bureau/postdoc/pseudo_image/ms1_processed_11classes/Escherichia coli/COLI-256-AER_100vW_100SPD.npy
/home/rrekikdi/Bureau/postdoc/pseudo_image/images_npy_ms1/2023_02_17_Validation_LOTS-38-39-40-42_COLI_KLEMIC_KLEOXY_KLEPNE_KLEVAR-100vW_zSWATH_100SPD/COLI-256-ANA_100vW_100SPD.npy,COLI-256-ANA_100vW_100SPD,COLI,ESCCOL,256,Escherichia coli,Escherichia coli,CLASSE (typo corrigee: COLI->ESCCOL),/home/rrekikdi/Bureau/postdoc/pseudo_image/ms1_processed_11classes/Escherichia coli/COLI-256-ANA_100vW_100SPD.npy
/home/rrekikdi/Bureau/postdoc/pseudo_image/images_npy_ms1/2023_02_17_Validation_LOTS-38-39-40-42_COLI_KLEMIC_KLEOXY_KLEPNE_KLEVAR-100vW_zSWATH_100SPD/COLI-269-AER_100vW_100SPD.npy,COLI-269-AER_100vW_100SPD,COLI,ESCCOL,269,Escherichia coli,Escherichia coli,CLASSE (typo corrigee: COLI->ESCCOL),/home/rrekikdi/Bureau/postdoc/pseudo_image/ms1_processed_11classes/Escherichia coli/COLI-269-AER_100vW_100SPD.npy
/home/rrekikdi/Bureau/postdoc/pseudo_image/images_npy_ms1/2023_02_17_Validation_LOTS-38-39-40-42_COLI_KLEMIC_KLEOXY_KLEPNE_KLEVAR-100vW_zSWATH_100SPD/COLI-269-ANA_100vW_100SPD.npy,COLI-269-ANA_100vW_100SPD,COLI,ESCCOL,269,Escherichia coli,Escherichia coli,CLASSE (typo corrigee: COLI->ESCCOL),/home/rrekikdi/Bureau/postdoc/pseudo_image/ms1_processed_11classes/Escherichia coli/COLI-269-ANA_100vW_100SPD.npy
/home/rrekikdi/Bureau/postdoc/pseudo_image/images_npy_ms1/2023_02_17_Validation_LOTS-38-39-40-42_COLI_KLEMIC_KLEOXY_KLEPNE_KLEVAR-100vW_zSWATH_100SPD/COLI-276-AER_100vW_100SPD.npy,COLI-276-AER_100vW_100SPD,COLI,ESCCOL,276,Escherichia coli,Escherichia coli,CLASSE (typo corrigee: COLI->ESCCOL),/home/rrekikdi/Bureau/postdoc/pseudo_image/ms1_processed_11classes/Escherichia coli/COLI-276-AER_100vW_100SPD.npy
/home/rrekikdi/Bureau/postdoc/pseudo_image/images_npy_ms1/2023_02_17_Validation_LOTS-38-39-40-42_COLI_KLEMIC_KLEOXY_KLEPNE_KLEVAR-100vW_zSWATH_100SPD/COLI-276-ANA_100vW_100SPD.npy,COLI-276-ANA_100vW_100SPD,COLI,ESCCOL,276,Escherichia coli,Escherichia coli,CLASSE (typo corrigee: COLI->ESCCOL),/home/rrekikdi/Bureau/postdoc/pseudo_image/ms1_processed_11classes/Escherichia coli/COLI-276-ANA_100vW_100SPD.npy
/home/rrekikdi/Bureau/postdoc/pseudo_image/images_npy_ms1/2023_02_17_Validation_LOTS-38-39-40-42_COLI_KLEMIC_KLEOXY_KLEPNE_KLEVAR-100vW_zSWATH_100SPD/KLEMIC-13-AER_100vW_100SPD.npy,KLEMIC-13-AER_100vW_100SPD,KLEMIC,KLEMIC,13,Klebsiella michiganensis,Klebsiella michiganensis,CLASSE,/home/rrekikdi/Bureau/postdoc/pseudo_image/ms1_processed_11classes/Klebsiella michiganensis/KLEMIC-13-AER_100vW_100SPD.npy
/home/rrekikdi/Bureau/postdoc/pseudo_image/images_npy_ms1/2023_02_17_Validation_LOTS-38-39-40-42_COLI_KLEMIC_KLEOXY_KLEPNE_KLEVAR-100vW_zSWATH_100SPD/KLEMIC-13-ANA_100vW_100SPD.npy,KLEMIC-13-ANA_100vW_100SPD,KLEMIC,KLEMIC,13,Klebsiella michiganensis,Klebsiella michiganensis,CLASSE,/home/rrekikdi/Bureau/postdoc/pseudo_image/ms1_processed_11classes/Klebsiella michiganensis/KLEMIC-13-ANA_100vW_100SPD.npy
/home/rrekikdi/Bureau/postdoc/pseudo_image/images_npy_ms1/2023_02_17_Validation_LOTS-38-39-40-42_COLI_KLEMIC_KLEOXY_KLEPNE_KLEVAR-100vW_zSWATH_100SPD/KLEMIC-3-AER_100vW_100SPD.npy,KLEMIC-3-AER_100vW_100SPD,KLEMIC,KLEMIC,3,Klebsiella michiganensis,Klebsiella michiganensis,CLASSE,/home/rrekikdi/Bureau/postdoc/pseudo_image/ms1_processed_11classes/Klebsiella michiganensis/KLEMIC-3-AER_100vW_100SPD.npy
/home/rrekikdi/Bureau/postdoc/pseudo_image/images_npy_ms1/2023_02_17_Validation_LOTS-38-39-40-42_COLI_KLEMIC_KLEOXY_KLEPNE_KLEVAR-100vW_zSWATH_100SPD/KLEMIC-3-ANA_100vW_100SPD.npy,KLEMIC-3-ANA_100vW_100SPD,KLEMIC,KLEMIC,3,Klebsiella michiganensis,Klebsiella michiganensis,CLASSE,/home/rrekikdi/Bureau/postdoc/pseudo_image/ms1_processed_11classes/Klebsiella michiganensis/KLEMIC-3-ANA_100vW_100SPD.npy
/home/rrekikdi/Bureau/postdoc/pseudo_image/images_npy_ms1/2023_02_17_Validation_LOTS-38-39-40-42_COLI_KLEMIC_KLEOXY_KLEPNE_KLEVAR-100vW_zSWATH_100SPD/KLEMIC-4-AER_100vW_100SPD.npy,KLEMIC-4-AER_100vW_100SPD,KLEMIC,KLEMIC,4,Klebsiella michiganensis,Klebsiella michiganensis,CLASSE,/home/rrekikdi/Bureau/postdoc/pseudo_image/ms1_processed_11classes/Klebsiella michiganensis/KLEMIC-4-AER_100vW_100SPD.npy
/home/rrekikdi/Bureau/postdoc/pseudo_image/images_npy_ms1/2023_02_17_Validation_LOTS-38-39-40-42_COLI_KLEMIC_KLEOXY_KLEPNE_KLEVAR-100vW_zSWATH_100SPD/KLEMIC-4-ANA_100vW_100SPD.npy,KLEMIC-4-ANA_100vW_100SPD,KLEMIC,KLEMIC,4,Klebsiella michiganensis,Klebsiella michiganensis,CLASSE,/home/rrekikdi/Bureau/postdoc/pseudo_image/ms1_processed_11classes/Klebsiella michiganensis/KLEMIC-4-ANA_100vW_100SPD.npy
/home/rrekikdi/Bureau/postdoc/pseudo_image/images_npy_ms1/2023_02_17_Validation_LOTS-38-39-40-42_COLI_KLEMIC_KLEOXY_KLEPNE_KLEVAR-100vW_zSWATH_100SPD/KLEMIC-7-AER_100vW_100SPD.npy,KLEMIC-7-AER_100vW_100SPD,KLEMIC,KLEMIC,7,Klebsiella michiganensis,Klebsiella michiganensis,CLASSE,/home/rrekikdi/Bureau/postdoc/pseudo_image/ms1_processed_11classes/Klebsiella michiganensis/KLEMIC-7-AER_100vW_100SPD.npy
/home/rrekikdi/Bureau/postdoc/pseudo_image/images_npy_ms1/2023_02_17_Validation_LOTS-38-39-40-42_COLI_KLEMIC_KLEOXY_KLEPNE_KLEVAR-100vW_zSWATH_100SPD/KLEMIC-7-ANA_100vW_100SPD.npy,KLEMIC-7-ANA_100vW_100SPD,KLEMIC,KLEMIC,7,Klebsiella michiganensis,Klebsiella michiganensis,CLASSE,/home/rrekikdi/Bureau/postdoc/pseudo_image/ms1_processed_11classes/Klebsiella michiganensis/KLEMIC-7-ANA_100vW_100SPD.npy
/home/rrekikdi/Bureau/postdoc/pseudo_image/images_npy_ms1/2023_02_17_Validation_LOTS-38-39-40-42_COLI_KLEMIC_KLEOXY_KLEPNE_KLEVAR-100vW_zSWATH_100SPD/KLEOXY-18-AER_100vW_100SPD.npy,KLEOXY-18-AER_100vW_100SPD,KLEOXY,KLEOXY,18,Klebsiella oxytoca,Klebsiella oxytoca,CLASSE,/home/rrekikdi/Bureau/postdoc/pseudo_image/ms1_processed_11classes/Klebsiella oxytoca/KLEOXY-18-AER_100vW_100SPD.npy
/home/rrekikdi/Bureau/postdoc/pseudo_image/images_npy_ms1/2023_02_17_Validation_LOTS-38-39-40-42_COLI_KLEMIC_KLEOXY_KLEPNE_KLEVAR-100vW_zSWATH_100SPD/KLEOXY-18-ANA_100vW_100SPD.npy,KLEOXY-18-ANA_100vW_100SPD,KLEOXY,KLEOXY,18,Klebsiella oxytoca,Klebsiella oxytoca,CLASSE,/home/rrekikdi/Bureau/postdoc/pseudo_image/ms1_processed_11classes/Klebsiella oxytoca/KLEOXY-18-ANA_100vW_100SPD.npy
/home/rrekikdi/Bureau/postdoc/pseudo_image/images_npy_ms1/2023_02_17_Validation_LOTS-38-39-40-42_COLI_KLEMIC_KLEOXY_KLEPNE_KLEVAR-100vW_zSWATH_100SPD/KLEOXY-23-AER_100vW_100SPD.npy,KLEOXY-23-AER_100vW_100SPD,KLEOXY,KLEOXY,23,Klebsiella oxytoca,Klebsiella oxytoca,CLASSE,/home/rrekikdi/Bureau/postdoc/pseudo_image/ms1_processed_11classes/Klebsiella oxytoca/KLEOXY-23-AER_100vW_100SPD.npy
/home/rrekikdi/Bureau/postdoc/pseudo_image/images_npy_ms1/2023_02_17_Validation_LOTS-38-39-40-42_COLI_KLEMIC_KLEOXY_KLEPNE_KLEVAR-100vW_zSWATH_100SPD/KLEOXY-23-ANA_100vW_100SPD.npy,KLEOXY-23-ANA_100vW_100SPD,KLEOXY,KLEOXY,23,Klebsiella oxytoca,Klebsiella oxytoca,CLASSE,/home/rrekikdi/Bureau/postdoc/pseudo_image/ms1_processed_11classes/Klebsiella oxytoca/KLEOXY-23-ANA_100vW_100SPD.npy
/home/rrekikdi/Bureau/postdoc/pseudo_image/images_npy_ms1/2023_02_17_Validation_LOTS-38-39-40-42_COLI_KLEMIC_KLEOXY_KLEPNE_KLEVAR-100vW_zSWATH_100SPD/KLEOXY-31-AER_100vW_100SPD.npy,KLEOXY-31-AER_100vW_100SPD,KLEOXY,KLEOXY,31,Klebsiella oxytoca,Klebsiella oxytoca,CLASSE,/home/rrekikdi/Bureau/postdoc/pseudo_image/ms1_processed_11classes/Klebsiella oxytoca/KLEOXY-31-AER_100vW_100SPD.npy
/home/rrekikdi/Bureau/postdoc/pseudo_image/images_npy_ms1/2023_02_17_Validation_LOTS-38-39-40-42_COLI_KLEMIC_KLEOXY_KLEPNE_KLEVAR-100vW_zSWATH_100SPD/KLEOXY-31-ANA_100vW_100SPD.npy,KLEOXY-31-ANA_100vW_100SPD,KLEOXY,KLEOXY,31,Klebsiella oxytoca,Klebsiella oxytoca,CLASSE,/home/rrekikdi/Bureau/postdoc/pseudo_image/ms1_processed_11classes/Klebsiella oxytoca/KLEOXY-31-ANA_100vW_100SPD.npy
/home/rrekikdi/Bureau/postdoc/pseudo_image/images_npy_ms1/2023_02_17_Validation_LOTS-38-39-40-42_COLI_KLEMIC_KLEOXY_KLEPNE_KLEVAR-100vW_zSWATH_100SPD/KLEOXY-32-AER_100vW_100SPD.npy,KLEOXY-32-AER_100vW_100SPD,KLEOXY,KLEOXY,32,Klebsiella oxytoca,Klebsiella oxytoca,CLASSE,/home/rrekikdi/Bureau/postdoc/pseudo_image/ms1_processed_11classes/Klebsiella oxytoca/KLEOXY-32-AER_100vW_100SPD.npy
/home/rrekikdi/Bureau/postdoc/pseudo_image/images_npy_ms1/2023_02_17_Validation_LOTS-38-39-40-42_COLI_KLEMIC_KLEOXY_KLEPNE_KLEVAR-100vW_zSWATH_100SPD/KLEOXY-32-ANA_100vW_100SPD.npy,KLEOXY-32-ANA_100vW_100SPD,KLEOXY,KLEOXY,32,Klebsiella oxytoca,Klebsiella oxytoca,CLASSE,/home/rrekikdi/Bureau/postdoc/pseudo_image/ms1_processed_11classes/Klebsiella oxytoca/KLEOXY-32-ANA_100vW_100SPD.npy
/home/rrekikdi/Bureau/postdoc/pseudo_image/images_npy_ms1/2023_02_17_Validation_LOTS-38-39-40-42_COLI_KLEMIC_KLEOXY_KLEPNE_KLEVAR-100vW_zSWATH_100SPD/KLEOXY-36-AER_100vW_100SPD.npy,KLEOXY-36-AER_100vW_100SPD,KLEOXY,KLEOXY,36,Klebsiella oxytoca,Klebsiella oxytoca,CLASSE,/home/rrekikdi/Bureau/postdoc/pseudo_image/ms1_processed_11classes/Klebsiella oxytoca/KLEOXY-36-AER_100vW_100SPD.npy
/home/rrekikdi/Bureau/postdoc/pseudo_image/images_npy_ms1/2023_02_17_Validation_LOTS-38-39-40-42_COLI_KLEMIC_KLEOXY_KLEPNE_KLEVAR-100vW_zSWATH_100SPD/KLEOXY-36-ANA_100vW_100SPD.npy,KLEOXY-36-ANA_100vW_100SPD,KLEOXY,KLEOXY,36,Klebsiella oxytoca,Klebsiella oxytoca,CLASSE,/home/rrekikdi/Bureau/postdoc/pseudo_image/ms1_processed_11classes/Klebsiella oxytoca/KLEOXY-36-ANA_100vW_100SPD.npy
/home/rrekikdi/Bureau/postdoc/pseudo_image/images_npy_ms1/2023_02_17_Validation_LOTS-38-39-40-42_COLI_KLEMIC_KLEOXY_KLEPNE_KLEVAR-100vW_zSWATH_100SPD/KLEOXY-37-AER_100vW_100SPD.npy,KLEOXY-37-AER_100vW_100SPD,KLEOXY,KLEOXY,37,Klebsiella oxytoca,Klebsiella oxytoca,CLASSE,/home/rrekikdi/Bureau/postdoc/pseudo_image/ms1_processed_11classes/Klebsiella oxytoca/KLEOXY-37-AER_100vW_100SPD.npy
/home/rrekikdi/Bureau/postdoc/pseudo_image/images_npy_ms1/2023_02_17_Validation_LOTS-38-39-40-42_COLI_KLEMIC_KLEOXY_KLEPNE_KLEVAR-100vW_zSWATH_100SPD/KLEOXY-37-ANA_100vW_100SPD.npy,KLEOXY-37-ANA_100vW_100SPD,KLEOXY,KLEOXY,37,Klebsiella oxytoca,Klebsiella oxytoca,CLASSE,/home/rrekikdi/Bureau/postdoc/pseudo_image/ms1_processed_11classes/Klebsiella oxytoca/KLEOXY-37-ANA_100vW_100SPD.npy
/home/rrekikdi/Bureau/postdoc/pseudo_image/images_npy_ms1/2023_02_17_Validation_LOTS-38-39-40-42_COLI_KLEMIC_KLEOXY_KLEPNE_KLEVAR-100vW_zSWATH_100SPD/KLEOXY-42-AER_100vW_100SPD.npy,KLEOXY-42-AER_100vW_100SPD,KLEOXY,KLEOXY,42,Klebsiella oxytoca,Klebsiella oxytoca,CLASSE,/home/rrekikdi/Bureau/postdoc/pseudo_image/ms1_processed_11classes/Klebsiella oxytoca/KLEOXY-42-AER_100vW_100SPD.npy
/home/rrekikdi/Bureau/postdoc/pseudo_image/images_npy_ms1/2023_02_17_Validation_LOTS-38-39-40-42_COLI_KLEMIC_KLEOXY_KLEPNE_KLEVAR-100vW_zSWATH_100SPD/KLEOXY-42-ANA_100vW_100SPD.npy,KLEOXY-42-ANA_100vW_100SPD,KLEOXY,KLEOXY,42,Klebsiella oxytoca,Klebsiella oxytoca,CLASSE,/home/rrekikdi/Bureau/postdoc/pseudo_image/ms1_processed_11classes/Klebsiella oxytoca/KLEOXY-42-ANA_100vW_100SPD.npy
/home/rrekikdi/Bureau/postdoc/pseudo_image/images_npy_ms1/2023_02_17_Validation_LOTS-38-39-40-42_COLI_KLEMIC_KLEOXY_KLEPNE_KLEVAR-100vW_zSWATH_100SPD/KLEOXY-7-AER_100vW_100SPD.npy,KLEOXY-7-AER_100vW_100SPD,KLEOXY,KLEOXY,7,Klebsiella oxytoca,Klebsiella oxytoca,CLASSE,/home/rrekikdi/Bureau/postdoc/pseudo_image/ms1_processed_11classes/Klebsiella oxytoca/KLEOXY-7-AER_100vW_100SPD.npy
/home/rrekikdi/Bureau/postdoc/pseudo_image/images_npy_ms1/2023_02_17_Validation_LOTS-38-39-40-42_COLI_KLEMIC_KLEOXY_KLEPNE_KLEVAR-100vW_zSWATH_100SPD/KLEOXY-7-ANA_100vW_100SPD.npy,KLEOXY-7-ANA_100vW_100SPD,KLEOXY,KLEOXY,7,Klebsiella oxytoca,Klebsiella oxytoca,CLASSE,/home/rrekikdi/Bureau/postdoc/pseudo_image/ms1_processed_11classes/Klebsiella oxytoca/KLEOXY-7-ANA_100vW_100SPD.npy
/home/rrekikdi/Bureau/postdoc/pseudo_image/images_npy_ms1/2023_02_17_Validation_LOTS-38-39-40-42_COLI_KLEMIC_KLEOXY_KLEPNE_KLEVAR-100vW_zSWATH_100SPD/KLEOXY-8-AER_100vW_100SPD.npy,KLEOXY-8-AER_100vW_100SPD,KLEOXY,KLEOXY,8,Klebsiella oxytoca,Klebsiella oxytoca,CLASSE,/home/rrekikdi/Bureau/postdoc/pseudo_image/ms1_processed_11classes/Klebsiella oxytoca/KLEOXY-8-AER_100vW_100SPD.npy
/home/rrekikdi/Bureau/postdoc/pseudo_image/images_npy_ms1/2023_02_17_Validation_LOTS-38-39-40-42_COLI_KLEMIC_KLEOXY_KLEPNE_KLEVAR-100vW_zSWATH_100SPD/KLEOXY-8-ANA_100vW_100SPD.npy,KLEOXY-8-ANA_100vW_100SPD,KLEOXY,KLEOXY,8,Klebsiella oxytoca,Klebsiella oxytoca,CLASSE,/home/rrekikdi/Bureau/postdoc/pseudo_image/ms1_processed_11classes/Klebsiella oxytoca/KLEOXY-8-ANA_100vW_100SPD.npy
/home/rrekikdi/Bureau/postdoc/pseudo_image/images_npy_ms1/2023_02_17_Validation_LOTS-38-39-40-42_COLI_KLEMIC_KLEOXY_KLEPNE_KLEVAR-100vW_zSWATH_100SPD/KLEPNE-123-AER_100vW_100SPD.npy,KLEPNE-123-AER_100vW_100SPD,KLEPNE,KLEPNE,123,Klebsiella pneumoniae,Klebsiella pneumoniae,CLASSE,/home/rrekikdi/Bureau/postdoc/pseudo_image/ms1_processed_11classes/Klebsiella pneumoniae/KLEPNE-123-AER_100vW_100SPD.npy
/home/rrekikdi/Bureau/postdoc/pseudo_image/images_npy_ms1/2023_02_17_Validation_LOTS-38-39-40-42_COLI_KLEMIC_KLEOXY_KLEPNE_KLEVAR-100vW_zSWATH_100SPD/KLEPNE-123-ANA_100vW_100SPD.npy,KLEPNE-123-ANA_100vW_100SPD,KLEPNE,KLEPNE,123,Klebsiella pneumoniae,Klebsiella pneumoniae,CLASSE,/home/rrekikdi/Bureau/postdoc/pseudo_image/ms1_processed_11classes/Klebsiella pneumoniae/KLEPNE-123-ANA_100vW_100SPD.npy
/home/rrekikdi/Bureau/postdoc/pseudo_image/images_npy_ms1/2023_03_06_Validation_LOTS-41-43_COLI_HAFALV_KLEAER_-100vW_zSWATH_100SPD/COLI-120-AER_100vW_100SPD.npy,COLI-120-AER_100vW_100SPD,COLI,ESCCOL,120,Escherichia coli,Escherichia coli,CLASSE (typo corrigee: COLI->ESCCOL),/home/rrekikdi/Bureau/postdoc/pseudo_image/ms1_processed_11classes/Escherichia coli/COLI-120-AER_100vW_100SPD.npy
/home/rrekikdi/Bureau/postdoc/pseudo_image/images_npy_ms1/2023_03_06_Validation_LOTS-41-43_COLI_HAFALV_KLEAER_-100vW_zSWATH_100SPD/COLI-120-ANA_100vW_100SPD.npy,COLI-120-ANA_100vW_100SPD,COLI,ESCCOL,120,Escherichia coli,Escherichia coli,CLASSE (typo corrigee: COLI->ESCCOL),/home/rrekikdi/Bureau/postdoc/pseudo_image/ms1_processed_11classes/Escherichia coli/COLI-120-ANA_100vW_100SPD.npy
/home/rrekikdi/Bureau/postdoc/pseudo_image/images_npy_ms1/2023_03_06_Validation_LOTS-41-43_COLI_HAFALV_KLEAER_-100vW_zSWATH_100SPD/COLI-199-AER_100vW_100SPD.npy,COLI-199-AER_100vW_100SPD,COLI,ESCCOL,199,Escherichia coli,Escherichia coli,CLASSE (typo corrigee: COLI->ESCCOL),/home/rrekikdi/Bureau/postdoc/pseudo_image/ms1_processed_11classes/Escherichia coli/COLI-199-AER_100vW_100SPD.npy
/home/rrekikdi/Bureau/postdoc/pseudo_image/images_npy_ms1/2023_03_06_Validation_LOTS-41-43_COLI_HAFALV_KLEAER_-100vW_zSWATH_100SPD/COLI-199-ANA_100vW_100SPD.npy,COLI-199-ANA_100vW_100SPD,COLI,ESCCOL,199,Escherichia coli,Escherichia coli,CLASSE (typo corrigee: COLI->ESCCOL),/home/rrekikdi/Bureau/postdoc/pseudo_image/ms1_processed_11classes/Escherichia coli/COLI-199-ANA_100vW_100SPD.npy
/home/rrekikdi/Bureau/postdoc/pseudo_image/images_npy_ms1/2023_03_06_Validation_LOTS-41-43_COLI_HAFALV_KLEAER_-100vW_zSWATH_100SPD/COLI-231-AER_100vW_100SPD.npy,COLI-231-AER_100vW_100SPD,COLI,ESCCOL,231,Escherichia coli,Escherichia coli,CLASSE (typo corrigee: COLI->ESCCOL),/home/rrekikdi/Bureau/postdoc/pseudo_image/ms1_processed_11classes/Escherichia coli/COLI-231-AER_100vW_100SPD.npy
/home/rrekikdi/Bureau/postdoc/pseudo_image/images_npy_ms1/2023_03_06_Validation_LOTS-41-43_COLI_HAFALV_KLEAER_-100vW_zSWATH_100SPD/COLI-231-ANA_100vW_100SPD.npy,COLI-231-ANA_100vW_100SPD,COLI,ESCCOL,231,Escherichia coli,Escherichia coli,CLASSE (typo corrigee: COLI->ESCCOL),/home/rrekikdi/Bureau/postdoc/pseudo_image/ms1_processed_11classes/Escherichia coli/COLI-231-ANA_100vW_100SPD.npy
/home/rrekikdi/Bureau/postdoc/pseudo_image/images_npy_ms1/2023_03_06_Validation_LOTS-41-43_COLI_HAFALV_KLEAER_-100vW_zSWATH_100SPD/COLI-232-AER_100vW_100SPD.npy,COLI-232-AER_100vW_100SPD,COLI,ESCCOL,232,Escherichia coli,Escherichia coli,CLASSE (typo corrigee: COLI->ESCCOL),/home/rrekikdi/Bureau/postdoc/pseudo_image/ms1_processed_11classes/Escherichia coli/COLI-232-AER_100vW_100SPD.npy
/home/rrekikdi/Bureau/postdoc/pseudo_image/images_npy_ms1/2023_03_06_Validation_LOTS-41-43_COLI_HAFALV_KLEAER_-100vW_zSWATH_100SPD/COLI-232-ANA_100vW_100SPD.npy,COLI-232-ANA_100vW_100SPD,COLI,ESCCOL,232,Escherichia coli,Escherichia coli,CLASSE (typo corrigee: COLI->ESCCOL),/home/rrekikdi/Bureau/postdoc/pseudo_image/ms1_processed_11classes/Escherichia coli/COLI-232-ANA_100vW_100SPD.npy
/home/rrekikdi/Bureau/postdoc/pseudo_image/images_npy_ms1/2023_03_06_Validation_LOTS-41-43_COLI_HAFALV_KLEAER_-100vW_zSWATH_100SPD/COLI-277-AER_100vW_100SPD.npy,COLI-277-AER_100vW_100SPD,COLI,ESCCOL,277,Escherichia coli,Escherichia coli,CLASSE (typo corrigee: COLI->ESCCOL),/home/rrekikdi/Bureau/postdoc/pseudo_image/ms1_processed_11classes/Escherichia coli/COLI-277-AER_100vW_100SPD.npy
/home/rrekikdi/Bureau/postdoc/pseudo_image/images_npy_ms1/2023_03_06_Validation_LOTS-41-43_COLI_HAFALV_KLEAER_-100vW_zSWATH_100SPD/COLI-277-ANA_100vW_100SPD.npy,COLI-277-ANA_100vW_100SPD,COLI,ESCCOL,277,Escherichia coli,Escherichia coli,CLASSE (typo corrigee: COLI->ESCCOL),/home/rrekikdi/Bureau/postdoc/pseudo_image/ms1_processed_11classes/Escherichia coli/COLI-277-ANA_100vW_100SPD.npy
/home/rrekikdi/Bureau/postdoc/pseudo_image/images_npy_ms1/2023_03_06_Validation_LOTS-41-43_COLI_HAFALV_KLEAER_-100vW_zSWATH_100SPD/KLEAER-17-AER_100vW_100SPD.npy,KLEAER-17-AER_100vW_100SPD,KLEAER,KLEAER,17,Klebsiella aerogenes,Klebsiella aerogenes,CLASSE,/home/rrekikdi/Bureau/postdoc/pseudo_image/ms1_processed_11classes/Klebsiella aerogenes/KLEAER-17-AER_100vW_100SPD.npy
/home/rrekikdi/Bureau/postdoc/pseudo_image/images_npy_ms1/2023_03_06_Validation_LOTS-41-43_COLI_HAFALV_KLEAER_-100vW_zSWATH_100SPD/KLEAER-17-ANA_100vW_100SPD.npy,KLEAER-17-ANA_100vW_100SPD,KLEAER,KLEAER,17,Klebsiella aerogenes,Klebsiella aerogenes,CLASSE,/home/rrekikdi/Bureau/postdoc/pseudo_image/ms1_processed_11classes/Klebsiella aerogenes/KLEAER-17-ANA_100vW_100SPD.npy
/home/rrekikdi/Bureau/postdoc/pseudo_image/images_npy_ms1/2023_03_06_Validation_LOTS-41-43_COLI_HAFALV_KLEAER_-100vW_zSWATH_100SPD/KLEAER-18-AER_100vW_100SPD.npy,KLEAER-18-AER_100vW_100SPD,KLEAER,KLEAER,18,Klebsiella aerogenes,Klebsiella aerogenes,CLASSE,/home/rrekikdi/Bureau/postdoc/pseudo_image/ms1_processed_11classes/Klebsiella aerogenes/KLEAER-18-AER_100vW_100SPD.npy
/home/rrekikdi/Bureau/postdoc/pseudo_image/images_npy_ms1/2023_03_06_Validation_LOTS-41-43_COLI_HAFALV_KLEAER_-100vW_zSWATH_100SPD/KLEAER-18-ANA_100vW_100SPD.npy,KLEAER-18-ANA_100vW_100SPD,KLEAER,KLEAER,18,Klebsiella aerogenes,Klebsiella aerogenes,CLASSE,/home/rrekikdi/Bureau/postdoc/pseudo_image/ms1_processed_11classes/Klebsiella aerogenes/KLEAER-18-ANA_100vW_100SPD.npy
/home/rrekikdi/Bureau/postdoc/pseudo_image/images_npy_ms1/2023_03_06_Validation_LOTS-41-43_COLI_HAFALV_KLEAER_-100vW_zSWATH_100SPD/KLEAER-24-AER_100vW_100SPD.npy,KLEAER-24-AER_100vW_100SPD,KLEAER,KLEAER,24,Klebsiella aerogenes,Klebsiella aerogenes,CLASSE,/home/rrekikdi/Bureau/postdoc/pseudo_image/ms1_processed_11classes/Klebsiella aerogenes/KLEAER-24-AER_100vW_100SPD.npy
/home/rrekikdi/Bureau/postdoc/pseudo_image/images_npy_ms1/2023_03_06_Validation_LOTS-41-43_COLI_HAFALV_KLEAER_-100vW_zSWATH_100SPD/KLEAER-24-ANA_100vW_100SPD.npy,KLEAER-24-ANA_100vW_100SPD,KLEAER,KLEAER,24,Klebsiella aerogenes,Klebsiella aerogenes,CLASSE,/home/rrekikdi/Bureau/postdoc/pseudo_image/ms1_processed_11classes/Klebsiella aerogenes/KLEAER-24-ANA_100vW_100SPD.npy
/home/rrekikdi/Bureau/postdoc/pseudo_image/images_npy_ms1/2023_03_06_Validation_LOTS-41-43_COLI_HAFALV_KLEAER_-100vW_zSWATH_100SPD/KLEAER-25-AER_100vW_100SPD.npy,KLEAER-25-AER_100vW_100SPD,KLEAER,KLEAER,25,Klebsiella aerogenes,Klebsiella aerogenes,CLASSE,/home/rrekikdi/Bureau/postdoc/pseudo_image/ms1_processed_11classes/Klebsiella aerogenes/KLEAER-25-AER_100vW_100SPD.npy
/home/rrekikdi/Bureau/postdoc/pseudo_image/images_npy_ms1/2023_03_06_Validation_LOTS-41-43_COLI_HAFALV_KLEAER_-100vW_zSWATH_100SPD/KLEAER-25-ANA_100vW_100SPD.npy,KLEAER-25-ANA_100vW_100SPD,KLEAER,KLEAER,25,Klebsiella aerogenes,Klebsiella aerogenes,CLASSE,/home/rrekikdi/Bureau/postdoc/pseudo_image/ms1_processed_11classes/Klebsiella aerogenes/KLEAER-25-ANA_100vW_100SPD.npy
/home/rrekikdi/Bureau/postdoc/pseudo_image/images_npy_ms1/2023_03_06_Validation_LOTS-41-43_COLI_HAFALV_KLEAER_-100vW_zSWATH_100SPD/KLEAER-26-AER_100vW_100SPD.npy,KLEAER-26-AER_100vW_100SPD,KLEAER,KLEAER,26,Klebsiella aerogenes,Klebsiella aerogenes,CLASSE,/home/rrekikdi/Bureau/postdoc/pseudo_image/ms1_processed_11classes/Klebsiella aerogenes/KLEAER-26-AER_100vW_100SPD.npy
/home/rrekikdi/Bureau/postdoc/pseudo_image/images_npy_ms1/2023_03_06_Validation_LOTS-41-43_COLI_HAFALV_KLEAER_-100vW_zSWATH_100SPD/KLEAER-26-ANA_100vW_100SPD.npy,KLEAER-26-ANA_100vW_100SPD,KLEAER,KLEAER,26,Klebsiella aerogenes,Klebsiella aerogenes,CLASSE,/home/rrekikdi/Bureau/postdoc/pseudo_image/ms1_processed_11classes/Klebsiella aerogenes/KLEAER-26-ANA_100vW_100SPD.npy
/home/rrekikdi/Bureau/postdoc/pseudo_image/images_npy_ms1/2023_03_06_Validation_LOTS-41-43_COLI_HAFALV_KLEAER_-100vW_zSWATH_100SPD/KLEAER-28-AER_100vW_100SPD.npy,KLEAER-28-AER_100vW_100SPD,KLEAER,KLEAER,28,,Klebsiella aerogenes,"CLASSE (sample_nb absent du excel, classe par code seul)",/home/rrekikdi/Bureau/postdoc/pseudo_image/ms1_processed_11classes/Klebsiella aerogenes/KLEAER-28-AER_100vW_100SPD.npy
/home/rrekikdi/Bureau/postdoc/pseudo_image/images_npy_ms1/2023_03_06_Validation_LOTS-41-43_COLI_HAFALV_KLEAER_-100vW_zSWATH_100SPD/KLEAER-28-ANA_100vW_100SPD.npy,KLEAER-28-ANA_100vW_100SPD,KLEAER,KLEAER,28,,Klebsiella aerogenes,"CLASSE (sample_nb absent du excel, classe par code seul)",/home/rrekikdi/Bureau/postdoc/pseudo_image/ms1_processed_11classes/Klebsiella aerogenes/KLEAER-28-ANA_100vW_100SPD.npy
/home/rrekikdi/Bureau/postdoc/pseudo_image/images_npy_ms1/2023_03_06_Validation_LOTS-41-43_COLI_HAFALV_KLEAER_-100vW_zSWATH_100SPD/KLEAER-5-AER_100vW_100SPD.npy,KLEAER-5-AER_100vW_100SPD,KLEAER,KLEAER,5,Klebsiella aerogenes,Klebsiella aerogenes,CLASSE,/home/rrekikdi/Bureau/postdoc/pseudo_image/ms1_processed_11classes/Klebsiella aerogenes/KLEAER-5-AER_100vW_100SPD.npy
/home/rrekikdi/Bureau/postdoc/pseudo_image/images_npy_ms1/2023_03_06_Validation_LOTS-41-43_COLI_HAFALV_KLEAER_-100vW_zSWATH_100SPD/KLEAER-5-ANA_100vW_100SPD.npy,KLEAER-5-ANA_100vW_100SPD,KLEAER,KLEAER,5,Klebsiella aerogenes,Klebsiella aerogenes,CLASSE,/home/rrekikdi/Bureau/postdoc/pseudo_image/ms1_processed_11classes/Klebsiella aerogenes/KLEAER-5-ANA_100vW_100SPD.npy
/home/rrekikdi/Bureau/postdoc/pseudo_image/images_npy_ms1/2023_03_06_Validation_LOTS-41-43_COLI_HAFALV_KLEAER_-100vW_zSWATH_100SPD/KLEAER-9-AER_100vW_100SPD.npy,KLEAER-9-AER_100vW_100SPD,KLEAER,KLEAER,9,Klebsiella aerogenes,Klebsiella aerogenes,CLASSE,/home/rrekikdi/Bureau/postdoc/pseudo_image/ms1_processed_11classes/Klebsiella aerogenes/KLEAER-9-AER_100vW_100SPD.npy
/home/rrekikdi/Bureau/postdoc/pseudo_image/images_npy_ms1/2023_03_06_Validation_LOTS-41-43_COLI_HAFALV_KLEAER_-100vW_zSWATH_100SPD/KLEAER-9-ANA_100vW_100SPD.npy,KLEAER-9-ANA_100vW_100SPD,KLEAER,KLEAER,9,Klebsiella aerogenes,Klebsiella aerogenes,CLASSE,/home/rrekikdi/Bureau/postdoc/pseudo_image/ms1_processed_11classes/Klebsiella aerogenes/KLEAER-9-ANA_100vW_100SPD.npy
/home/rrekikdi/Bureau/postdoc/pseudo_image/images_npy_ms1/2023_03_06_Validation_LOTS-41-43_COLI_HAFALV_KLEAER_-100vW_zSWATH_100SPD/KLEMIC-1-AER_100vW_100SPD.npy,KLEMIC-1-AER_100vW_100SPD,KLEMIC,KLEMIC,1,Klebsiella michiganensis,Klebsiella michiganensis,CLASSE,/home/rrekikdi/Bureau/postdoc/pseudo_image/ms1_processed_11classes/Klebsiella michiganensis/KLEMIC-1-AER_100vW_100SPD.npy
/home/rrekikdi/Bureau/postdoc/pseudo_image/images_npy_ms1/2023_03_06_Validation_LOTS-41-43_COLI_HAFALV_KLEAER_-100vW_zSWATH_100SPD/KLEMIC-1-ANA_100vW_100SPD.npy,KLEMIC-1-ANA_100vW_100SPD,KLEMIC,KLEMIC,1,Klebsiella michiganensis,Klebsiella michiganensis,CLASSE,/home/rrekikdi/Bureau/postdoc/pseudo_image/ms1_processed_11classes/Klebsiella michiganensis/KLEMIC-1-ANA_100vW_100SPD.npy
/home/rrekikdi/Bureau/postdoc/pseudo_image/images_npy_ms1/2023_03_06_Validation_LOTS-41-43_COLI_HAFALV_KLEAER_-100vW_zSWATH_100SPD/KLEPNE-125-AER_100vW_100SPD.npy,KLEPNE-125-AER_100vW_100SPD,KLEPNE,KLEPNE,125,Klebsiella pneumoniae,Klebsiella pneumoniae,CLASSE,/home/rrekikdi/Bureau/postdoc/pseudo_image/ms1_processed_11classes/Klebsiella pneumoniae/KLEPNE-125-AER_100vW_100SPD.npy
/home/rrekikdi/Bureau/postdoc/pseudo_image/images_npy_ms1/2023_03_06_Validation_LOTS-41-43_COLI_HAFALV_KLEAER_-100vW_zSWATH_100SPD/KLEPNE-125-ANA_100vW_100SPD.npy,KLEPNE-125-ANA_100vW_100SPD,KLEPNE,KLEPNE,125,Klebsiella pneumoniae,Klebsiella pneumoniae,CLASSE,/home/rrekikdi/Bureau/postdoc/pseudo_image/ms1_processed_11classes/Klebsiella pneumoniae/KLEPNE-125-ANA_100vW_100SPD.npy
/home/rrekikdi/Bureau/postdoc/pseudo_image/images_npy_ms1/2023_03_06_Validation_LOTS-41-43_COLI_HAFALV_KLEAER_-100vW_zSWATH_100SPD/KLEPNE-126-AER_100vW_100SPD.npy,KLEPNE-126-AER_100vW_100SPD,KLEPNE,KLEPNE,126,Klebsiella pneumoniae,Klebsiella pneumoniae,CLASSE,/home/rrekikdi/Bureau/postdoc/pseudo_image/ms1_processed_11classes/Klebsiella pneumoniae/KLEPNE-126-AER_100vW_100SPD.npy
/home/rrekikdi/Bureau/postdoc/pseudo_image/images_npy_ms1/2023_03_06_Validation_LOTS-41-43_COLI_HAFALV_KLEAER_-100vW_zSWATH_100SPD/KLEPNE-126-ANA_100vW_100SPD.npy,KLEPNE-126-ANA_100vW_100SPD,KLEPNE,KLEPNE,126,Klebsiella pneumoniae,Klebsiella pneumoniae,CLASSE,/home/rrekikdi/Bureau/postdoc/pseudo_image/ms1_processed_11classes/Klebsiella pneumoniae/KLEPNE-126-ANA_100vW_100SPD.npy
/home/rrekikdi/Bureau/postdoc/pseudo_image/images_npy_ms1/2023_03_06_Validation_LOTS-41-43_COLI_HAFALV_KLEAER_-100vW_zSWATH_100SPD/KLEPNE-127-AER_100vW_100SPD.npy,KLEPNE-127-AER_100vW_100SPD,KLEPNE,KLEPNE,127,Klebsiella pneumoniae,Klebsiella pneumoniae,CLASSE,/home/rrekikdi/Bureau/postdoc/pseudo_image/ms1_processed_11classes/Klebsiella pneumoniae/KLEPNE-127-AER_100vW_100SPD.npy
/home/rrekikdi/Bureau/postdoc/pseudo_image/images_npy_ms1/2023_03_06_Validation_LOTS-41-43_COLI_HAFALV_KLEAER_-100vW_zSWATH_100SPD/KLEPNE-127-ANA_100vW_100SPD.npy,KLEPNE-127-ANA_100vW_100SPD,KLEPNE,KLEPNE,127,Klebsiella pneumoniae,Klebsiella pneumoniae,CLASSE,/home/rrekikdi/Bureau/postdoc/pseudo_image/ms1_processed_11classes/Klebsiella pneumoniae/KLEPNE-127-ANA_100vW_100SPD.npy
/home/rrekikdi/Bureau/postdoc/pseudo_image/images_npy_ms1/2023_03_06_Validation_LOTS-41-43_COLI_HAFALV_KLEAER_-100vW_zSWATH_100SPD/KLEPNE-133-AER_100vW_100SPD.npy,KLEPNE-133-AER_100vW_100SPD,KLEPNE,KLEPNE,133,Klebsiella pneumoniae,Klebsiella pneumoniae,CLASSE,/home/rrekikdi/Bureau/postdoc/pseudo_image/ms1_processed_11classes/Klebsiella pneumoniae/KLEPNE-133-AER_100vW_100SPD.npy
/home/rrekikdi/Bureau/postdoc/pseudo_image/images_npy_ms1/2023_03_06_Validation_LOTS-41-43_COLI_HAFALV_KLEAER_-100vW_zSWATH_100SPD/KLEPNE-133-ANA_100vW_100SPD.npy,KLEPNE-133-ANA_100vW_100SPD,KLEPNE,KLEPNE,133,Klebsiella pneumoniae,Klebsiella pneumoniae,CLASSE,/home/rrekikdi/Bureau/postdoc/pseudo_image/ms1_processed_11classes/Klebsiella pneumoniae/KLEPNE-133-ANA_100vW_100SPD.npy
/home/rrekikdi/Bureau/postdoc/pseudo_image/images_npy_ms1/2023_03_06_Validation_LOTS-41-43_COLI_HAFALV_KLEAER_-100vW_zSWATH_100SPD/KLEPNE-134-AER_100vW_100SPD.npy,KLEPNE-134-AER_100vW_100SPD,KLEPNE,KLEPNE,134,Klebsiella pneumoniae,Klebsiella pneumoniae,CLASSE,/home/rrekikdi/Bureau/postdoc/pseudo_image/ms1_processed_11classes/Klebsiella pneumoniae/KLEPNE-134-AER_100vW_100SPD.npy
/home/rrekikdi/Bureau/postdoc/pseudo_image/images_npy_ms1/2023_03_06_Validation_LOTS-41-43_COLI_HAFALV_KLEAER_-100vW_zSWATH_100SPD/KLEPNE-134-ANA_100vW_100SPD.npy,KLEPNE-134-ANA_100vW_100SPD,KLEPNE,KLEPNE,134,Klebsiella pneumoniae,Klebsiella pneumoniae,CLASSE,/home/rrekikdi/Bureau/postdoc/pseudo_image/ms1_processed_11classes/Klebsiella pneumoniae/KLEPNE-134-ANA_100vW_100SPD.npy
/home/rrekikdi/Bureau/postdoc/pseudo_image/images_npy_ms1/2023_03_06_Validation_LOTS-41-43_COLI_HAFALV_KLEAER_-100vW_zSWATH_100SPD/KLEPNE-135-AER_100vW_100SPD.npy,KLEPNE-135-AER_100vW_100SPD,KLEPNE,KLEPNE,135,Klebsiella pneumoniae,Klebsiella pneumoniae,CLASSE,/home/rrekikdi/Bureau/postdoc/pseudo_image/ms1_processed_11classes/Klebsiella pneumoniae/KLEPNE-135-AER_100vW_100SPD.npy
/home/rrekikdi/Bureau/postdoc/pseudo_image/images_npy_ms1/2023_03_06_Validation_LOTS-41-43_COLI_HAFALV_KLEAER_-100vW_zSWATH_100SPD/KLEPNE-135-ANA_100vW_100SPD.npy,KLEPNE-135-ANA_100vW_100SPD,KLEPNE,KLEPNE,135,Klebsiella pneumoniae,Klebsiella pneumoniae,CLASSE,/home/rrekikdi/Bureau/postdoc/pseudo_image/ms1_processed_11classes/Klebsiella pneumoniae/KLEPNE-135-ANA_100vW_100SPD.npy
/home/rrekikdi/Bureau/postdoc/pseudo_image/images_npy_ms1/2023_03_06_Validation_LOTS-41-43_COLI_HAFALV_KLEAER_-100vW_zSWATH_100SPD/KLEPNE-136-AER_100vW_100SPD.npy,KLEPNE-136-AER_100vW_100SPD,KLEPNE,KLEPNE,136,Klebsiella pneumoniae,Klebsiella pneumoniae,CLASSE,/home/rrekikdi/Bureau/postdoc/pseudo_image/ms1_processed_11classes/Klebsiella pneumoniae/KLEPNE-136-AER_100vW_100SPD.npy
/home/rrekikdi/Bureau/postdoc/pseudo_image/images_npy_ms1/2023_03_06_Validation_LOTS-41-43_COLI_HAFALV_KLEAER_-100vW_zSWATH_100SPD/KLEPNE-136-ANA_100vW_100SPD.npy,KLEPNE-136-ANA_100vW_100SPD,KLEPNE,KLEPNE,136,Klebsiella pneumoniae,Klebsiella pneumoniae,CLASSE,/home/rrekikdi/Bureau/postdoc/pseudo_image/ms1_processed_11classes/Klebsiella pneumoniae/KLEPNE-136-ANA_100vW_100SPD.npy
/home/rrekikdi/Bureau/postdoc/pseudo_image/images_npy_ms1/2023_03_06_Validation_LOTS-41-43_COLI_HAFALV_KLEAER_-100vW_zSWATH_100SPD/KLEPNE-137-AER_100vW_100SPD.npy,KLEPNE-137-AER_100vW_100SPD,KLEPNE,KLEPNE,137,Klebsiella pneumoniae,Klebsiella pneumoniae,CLASSE,/home/rrekikdi/Bureau/postdoc/pseudo_image/ms1_processed_11classes/Klebsiella pneumoniae/KLEPNE-137-AER_100vW_100SPD.npy
/home/rrekikdi/Bureau/postdoc/pseudo_image/images_npy_ms1/2023_03_06_Validation_LOTS-41-43_COLI_HAFALV_KLEAER_-100vW_zSWATH_100SPD/KLEPNE-137-ANA_100vW_100SPD.npy,KLEPNE-137-ANA_100vW_100SPD,KLEPNE,KLEPNE,137,Klebsiella pneumoniae,Klebsiella pneumoniae,CLASSE,/home/rrekikdi/Bureau/postdoc/pseudo_image/ms1_processed_11classes/Klebsiella pneumoniae/KLEPNE-137-ANA_100vW_100SPD.npy
/home/rrekikdi/Bureau/postdoc/pseudo_image/images_npy_ms1/2023_03_06_Validation_LOTS-41-43_COLI_HAFALV_KLEAER_-100vW_zSWATH_100SPD/KLEPNE-138-AER_100vW_100SPD.npy,KLEPNE-138-AER_100vW_100SPD,KLEPNE,KLEPNE,138,Klebsiella pneumoniae,Klebsiella pneumoniae,CLASSE,/home/rrekikdi/Bureau/postdoc/pseudo_image/ms1_processed_11classes/Klebsiella pneumoniae/KLEPNE-138-AER_100vW_100SPD.npy
/home/rrekikdi/Bureau/postdoc/pseudo_image/images_npy_ms1/2023_03_06_Validation_LOTS-41-43_COLI_HAFALV_KLEAER_-100vW_zSWATH_100SPD/KLEPNE-138-ANA_100vW_100SPD.npy,KLEPNE-138-ANA_100vW_100SPD,KLEPNE,KLEPNE,138,Klebsiella pneumoniae,Klebsiella pneumoniae,CLASSE,/home/rrekikdi/Bureau/postdoc/pseudo_image/ms1_processed_11classes/Klebsiella pneumoniae/KLEPNE-138-ANA_100vW_100SPD.npy
/home/rrekikdi/Bureau/postdoc/pseudo_image/images_npy_ms1/2023_03_06_Validation_LOTS-41-43_COLI_HAFALV_KLEAER_-100vW_zSWATH_100SPD/KLEPNE-139-AER_100vW_100SPD.npy,KLEPNE-139-AER_100vW_100SPD,KLEPNE,KLEPNE,139,Klebsiella pneumoniae,Klebsiella pneumoniae,CLASSE,/home/rrekikdi/Bureau/postdoc/pseudo_image/ms1_processed_11classes/Klebsiella pneumoniae/KLEPNE-139-AER_100vW_100SPD.npy
/home/rrekikdi/Bureau/postdoc/pseudo_image/images_npy_ms1/2023_03_06_Validation_LOTS-41-43_COLI_HAFALV_KLEAER_-100vW_zSWATH_100SPD/KLEPNE-139-ANA_100vW_100SPD.npy,KLEPNE-139-ANA_100vW_100SPD,KLEPNE,KLEPNE,139,Klebsiella pneumoniae,Klebsiella pneumoniae,CLASSE,/home/rrekikdi/Bureau/postdoc/pseudo_image/ms1_processed_11classes/Klebsiella pneumoniae/KLEPNE-139-ANA_100vW_100SPD.npy
/home/rrekikdi/Bureau/postdoc/pseudo_image/images_npy_ms1/2023_03_06_Validation_LOTS-41-43_COLI_HAFALV_KLEAER_-100vW_zSWATH_100SPD/KLEPNE-140-AER_100vW_100SPD.npy,KLEPNE-140-AER_100vW_100SPD,KLEPNE,KLEPNE,140,Klebsiella pneumoniae,Klebsiella pneumoniae,CLASSE,/home/rrekikdi/Bureau/postdoc/pseudo_image/ms1_processed_11classes/Klebsiella pneumoniae/KLEPNE-140-AER_100vW_100SPD.npy
/home/rrekikdi/Bureau/postdoc/pseudo_image/images_npy_ms1/2023_03_06_Validation_LOTS-41-43_COLI_HAFALV_KLEAER_-100vW_zSWATH_100SPD/KLEPNE-140-ANA_100vW_100SPD.npy,KLEPNE-140-ANA_100vW_100SPD,KLEPNE,KLEPNE,140,Klebsiella pneumoniae,Klebsiella pneumoniae,CLASSE,/home/rrekikdi/Bureau/postdoc/pseudo_image/ms1_processed_11classes/Klebsiella pneumoniae/KLEPNE-140-ANA_100vW_100SPD.npy
/home/rrekikdi/Bureau/postdoc/pseudo_image/images_npy_ms1/2023_03_06_Validation_LOTS-41-43_COLI_HAFALV_KLEAER_-100vW_zSWATH_100SPD/KLEPNE-141-AER_100vW_100SPD.npy,KLEPNE-141-AER_100vW_100SPD,KLEPNE,KLEPNE,141,Klebsiella pneumoniae,Klebsiella pneumoniae,CLASSE,/home/rrekikdi/Bureau/postdoc/pseudo_image/ms1_processed_11classes/Klebsiella pneumoniae/KLEPNE-141-AER_100vW_100SPD.npy
/home/rrekikdi/Bureau/postdoc/pseudo_image/images_npy_ms1/2023_03_06_Validation_LOTS-41-43_COLI_HAFALV_KLEAER_-100vW_zSWATH_100SPD/KLEPNE-141-ANA_100vW_100SPD.npy,KLEPNE-141-ANA_100vW_100SPD,KLEPNE,KLEPNE,141,Klebsiella pneumoniae,Klebsiella pneumoniae,CLASSE,/home/rrekikdi/Bureau/postdoc/pseudo_image/ms1_processed_11classes/Klebsiella pneumoniae/KLEPNE-141-ANA_100vW_100SPD.npy
/home/rrekikdi/Bureau/postdoc/pseudo_image/images_npy_ms1/2023_03_06_Validation_LOTS-41-43_COLI_HAFALV_KLEAER_-100vW_zSWATH_100SPD/KLEPNE-142-AER_100vW_100SPD.npy,KLEPNE-142-AER_100vW_100SPD,KLEPNE,KLEPNE,142,Klebsiella pneumoniae,Klebsiella pneumoniae,CLASSE,/home/rrekikdi/Bureau/postdoc/pseudo_image/ms1_processed_11classes/Klebsiella pneumoniae/KLEPNE-142-AER_100vW_100SPD.npy
/home/rrekikdi/Bureau/postdoc/pseudo_image/images_npy_ms1/2023_03_06_Validation_LOTS-41-43_COLI_HAFALV_KLEAER_-100vW_zSWATH_100SPD/KLEPNE-142-ANA_100vW_100SPD.npy,KLEPNE-142-ANA_100vW_100SPD,KLEPNE,KLEPNE,142,Klebsiella pneumoniae,Klebsiella pneumoniae,CLASSE,/home/rrekikdi/Bureau/postdoc/pseudo_image/ms1_processed_11classes/Klebsiella pneumoniae/KLEPNE-142-ANA_100vW_100SPD.npy
/home/rrekikdi/Bureau/postdoc/pseudo_image/images_npy_ms1/2023_03_06_Validation_LOTS-41-43_COLI_HAFALV_KLEAER_-100vW_zSWATH_100SPD/KLEQUA-8-AER_100vW_100SPD.npy,KLEQUA-8-AER_100vW_100SPD,KLEQUA,KLEQUA,8,Klebsiella quasipneumoniae similipneumoniae,Klebsiella quasipneumoniae,CLASSE,/home/rrekikdi/Bureau/postdoc/pseudo_image/ms1_processed_11classes/Klebsiella quasipneumoniae/KLEQUA-8-AER_100vW_100SPD.npy
/home/rrekikdi/Bureau/postdoc/pseudo_image/images_npy_ms1/2023_03_06_Validation_LOTS-41-43_COLI_HAFALV_KLEAER_-100vW_zSWATH_100SPD/KLEQUA-8-ANA_100vW_100SPD.npy,KLEQUA-8-ANA_100vW_100SPD,KLEQUA,KLEQUA,8,Klebsiella quasipneumoniae similipneumoniae,Klebsiella quasipneumoniae,CLASSE,/home/rrekikdi/Bureau/postdoc/pseudo_image/ms1_processed_11classes/Klebsiella quasipneumoniae/KLEQUA-8-ANA_100vW_100SPD.npy
/home/rrekikdi/Bureau/postdoc/pseudo_image/images_npy_ms1/2023_03_14_Validation_LOTS-44-45-46-47_123-KLEPNE_KLEQUA-100vW_zSWATH_100SPD/KLEPNE-125-AER_100vW_100SPD.npy,KLEPNE-125-AER_100vW_100SPD,KLEPNE,KLEPNE,125,Klebsiella pneumoniae,Klebsiella pneumoniae,CLASSE,/home/rrekikdi/Bureau/postdoc/pseudo_image/ms1_processed_11classes/Klebsiella pneumoniae/KLEPNE-125-AER_100vW_100SPD.npy
/home/rrekikdi/Bureau/postdoc/pseudo_image/images_npy_ms1/2023_03_14_Validation_LOTS-44-45-46-47_123-KLEPNE_KLEQUA-100vW_zSWATH_100SPD/KLEPNE-125-ANA_100vW_100SPD.npy,KLEPNE-125-ANA_100vW_100SPD,KLEPNE,KLEPNE,125,Klebsiella pneumoniae,Klebsiella pneumoniae,CLASSE,/home/rrekikdi/Bureau/postdoc/pseudo_image/ms1_processed_11classes/Klebsiella pneumoniae/KLEPNE-125-ANA_100vW_100SPD.npy
/home/rrekikdi/Bureau/postdoc/pseudo_image/images_npy_ms1/2023_03_14_Validation_LOTS-44-45-46-47_123-KLEPNE_KLEQUA-100vW_zSWATH_100SPD/KLEPNE-126-AER_100vW_100SPD.npy,KLEPNE-126-AER_100vW_100SPD,KLEPNE,KLEPNE,126,Klebsiella pneumoniae,Klebsiella pneumoniae,CLASSE,/home/rrekikdi/Bureau/postdoc/pseudo_image/ms1_processed_11classes/Klebsiella pneumoniae/KLEPNE-126-AER_100vW_100SPD.npy
/home/rrekikdi/Bureau/postdoc/pseudo_image/images_npy_ms1/2023_03_14_Validation_LOTS-44-45-46-47_123-KLEPNE_KLEQUA-100vW_zSWATH_100SPD/KLEPNE-126-ANA_100vW_100SPD.npy,KLEPNE-126-ANA_100vW_100SPD,KLEPNE,KLEPNE,126,Klebsiella pneumoniae,Klebsiella pneumoniae,CLASSE,/home/rrekikdi/Bureau/postdoc/pseudo_image/ms1_processed_11classes/Klebsiella pneumoniae/KLEPNE-126-ANA_100vW_100SPD.npy
/home/rrekikdi/Bureau/postdoc/pseudo_image/images_npy_ms1/2023_03_14_Validation_LOTS-44-45-46-47_123-KLEPNE_KLEQUA-100vW_zSWATH_100SPD/KLEPNE-127-AER_100vW_100SPD.npy,KLEPNE-127-AER_100vW_100SPD,KLEPNE,KLEPNE,127,Klebsiella pneumoniae,Klebsiella pneumoniae,CLASSE,/home/rrekikdi/Bureau/postdoc/pseudo_image/ms1_processed_11classes/Klebsiella pneumoniae/KLEPNE-127-AER_100vW_100SPD.npy
/home/rrekikdi/Bureau/postdoc/pseudo_image/images_npy_ms1/2023_03_14_Validation_LOTS-44-45-46-47_123-KLEPNE_KLEQUA-100vW_zSWATH_100SPD/KLEPNE-127-ANA_100vW_100SPD.npy,KLEPNE-127-ANA_100vW_100SPD,KLEPNE,KLEPNE,127,Klebsiella pneumoniae,Klebsiella pneumoniae,CLASSE,/home/rrekikdi/Bureau/postdoc/pseudo_image/ms1_processed_11classes/Klebsiella pneumoniae/KLEPNE-127-ANA_100vW_100SPD.npy
/home/rrekikdi/Bureau/postdoc/pseudo_image/images_npy_ms1/2023_03_14_Validation_LOTS-44-45-46-47_123-KLEPNE_KLEQUA-100vW_zSWATH_100SPD/KLEPNE-133-AER_100vW_100SPD.npy,KLEPNE-133-AER_100vW_100SPD,KLEPNE,KLEPNE,133,Klebsiella pneumoniae,Klebsiella pneumoniae,CLASSE,/home/rrekikdi/Bureau/postdoc/pseudo_image/ms1_processed_11classes/Klebsiella pneumoniae/KLEPNE-133-AER_100vW_100SPD.npy
/home/rrekikdi/Bureau/postdoc/pseudo_image/images_npy_ms1/2023_03_14_Validation_LOTS-44-45-46-47_123-KLEPNE_KLEQUA-100vW_zSWATH_100SPD/KLEPNE-133-ANA_100vW_100SPD.npy,KLEPNE-133-ANA_100vW_100SPD,KLEPNE,KLEPNE,133,Klebsiella pneumoniae,Klebsiella pneumoniae,CLASSE,/home/rrekikdi/Bureau/postdoc/pseudo_image/ms1_processed_11classes/Klebsiella pneumoniae/KLEPNE-133-ANA_100vW_100SPD.npy
/home/rrekikdi/Bureau/postdoc/pseudo_image/images_npy_ms1/2023_03_14_Validation_LOTS-44-45-46-47_123-KLEPNE_KLEQUA-100vW_zSWATH_100SPD/KLEPNE-134-AER_100vW_100SPD.npy,KLEPNE-134-AER_100vW_100SPD,KLEPNE,KLEPNE,134,Klebsiella pneumoniae,Klebsiella pneumoniae,CLASSE,/home/rrekikdi/Bureau/postdoc/pseudo_image/ms1_processed_11classes/Klebsiella pneumoniae/KLEPNE-134-AER_100vW_100SPD.npy
/home/rrekikdi/Bureau/postdoc/pseudo_image/images_npy_ms1/2023_03_14_Validation_LOTS-44-45-46-47_123-KLEPNE_KLEQUA-100vW_zSWATH_100SPD/KLEPNE-134-ANA_100vW_100SPD.npy,KLEPNE-134-ANA_100vW_100SPD,KLEPNE,KLEPNE,134,Klebsiella pneumoniae,Klebsiella pneumoniae,CLASSE,/home/rrekikdi/Bureau/postdoc/pseudo_image/ms1_processed_11classes/Klebsiella pneumoniae/KLEPNE-134-ANA_100vW_100SPD.npy
/home/rrekikdi/Bureau/postdoc/pseudo_image/images_npy_ms1/2023_03_14_Validation_LOTS-44-45-46-47_123-KLEPNE_KLEQUA-100vW_zSWATH_100SPD/KLEPNE-135-AER_100vW_100SPD.npy,KLEPNE-135-AER_100vW_100SPD,KLEPNE,KLEPNE,135,Klebsiella pneumoniae,Klebsiella pneumoniae,CLASSE,/home/rrekikdi/Bureau/postdoc/pseudo_image/ms1_processed_11classes/Klebsiella pneumoniae/KLEPNE-135-AER_100vW_100SPD.npy
/home/rrekikdi/Bureau/postdoc/pseudo_image/images_npy_ms1/2023_03_14_Validation_LOTS-44-45-46-47_123-KLEPNE_KLEQUA-100vW_zSWATH_100SPD/KLEPNE-135-ANA_100vW_100SPD.npy,KLEPNE-135-ANA_100vW_100SPD,KLEPNE,KLEPNE,135,Klebsiella pneumoniae,Klebsiella pneumoniae,CLASSE,/home/rrekikdi/Bureau/postdoc/pseudo_image/ms1_processed_11classes/Klebsiella pneumoniae/KLEPNE-135-ANA_100vW_100SPD.npy
/home/rrekikdi/Bureau/postdoc/pseudo_image/images_npy_ms1/2023_03_14_Validation_LOTS-44-45-46-47_123-KLEPNE_KLEQUA-100vW_zSWATH_100SPD/KLEPNE-136-AER_100vW_100SPD.npy,KLEPNE-136-AER_100vW_100SPD,KLEPNE,KLEPNE,136,Klebsiella pneumoniae,Klebsiella pneumoniae,CLASSE,/home/rrekikdi/Bureau/postdoc/pseudo_image/ms1_processed_11classes/Klebsiella pneumoniae/KLEPNE-136-AER_100vW_100SPD.npy
/home/rrekikdi/Bureau/postdoc/pseudo_image/images_npy_ms1/2023_03_14_Validation_LOTS-44-45-46-47_123-KLEPNE_KLEQUA-100vW_zSWATH_100SPD/KLEPNE-136-ANA_100vW_100SPD.npy,KLEPNE-136-ANA_100vW_100SPD,KLEPNE,KLEPNE,136,Klebsiella pneumoniae,Klebsiella pneumoniae,CLASSE,/home/rrekikdi/Bureau/postdoc/pseudo_image/ms1_processed_11classes/Klebsiella pneumoniae/KLEPNE-136-ANA_100vW_100SPD.npy
/home/rrekikdi/Bureau/postdoc/pseudo_image/images_npy_ms1/2023_03_14_Validation_LOTS-44-45-46-47_123-KLEPNE_KLEQUA-100vW_zSWATH_100SPD/KLEPNE-137-AER_100vW_100SPD.npy,KLEPNE-137-AER_100vW_100SPD,KLEPNE,KLEPNE,137,Klebsiella pneumoniae,Klebsiella pneumoniae,CLASSE,/home/rrekikdi/Bureau/postdoc/pseudo_image/ms1_processed_11classes/Klebsiella pneumoniae/KLEPNE-137-AER_100vW_100SPD.npy
/home/rrekikdi/Bureau/postdoc/pseudo_image/images_npy_ms1/2023_03_14_Validation_LOTS-44-45-46-47_123-KLEPNE_KLEQUA-100vW_zSWATH_100SPD/KLEPNE-137-ANA_100vW_100SPD.npy,KLEPNE-137-ANA_100vW_100SPD,KLEPNE,KLEPNE,137,Klebsiella pneumoniae,Klebsiella pneumoniae,CLASSE,/home/rrekikdi/Bureau/postdoc/pseudo_image/ms1_processed_11classes/Klebsiella pneumoniae/KLEPNE-137-ANA_100vW_100SPD.npy
/home/rrekikdi/Bureau/postdoc/pseudo_image/images_npy_ms1/2023_03_14_Validation_LOTS-44-45-46-47_123-KLEPNE_KLEQUA-100vW_zSWATH_100SPD/KLEPNE-138-AER_100vW_100SPD.npy,KLEPNE-138-AER_100vW_100SPD,KLEPNE,KLEPNE,138,Klebsiella pneumoniae,Klebsiella pneumoniae,CLASSE,/home/rrekikdi/Bureau/postdoc/pseudo_image/ms1_processed_11classes/Klebsiella pneumoniae/KLEPNE-138-AER_100vW_100SPD.npy
/home/rrekikdi/Bureau/postdoc/pseudo_image/images_npy_ms1/2023_03_14_Validation_LOTS-44-45-46-47_123-KLEPNE_KLEQUA-100vW_zSWATH_100SPD/KLEPNE-138-ANA_100vW_100SPD.npy,KLEPNE-138-ANA_100vW_100SPD,KLEPNE,KLEPNE,138,Klebsiella pneumoniae,Klebsiella pneumoniae,CLASSE,/home/rrekikdi/Bureau/postdoc/pseudo_image/ms1_processed_11classes/Klebsiella pneumoniae/KLEPNE-138-ANA_100vW_100SPD.npy
/home/rrekikdi/Bureau/postdoc/pseudo_image/images_npy_ms1/2023_03_14_Validation_LOTS-44-45-46-47_123-KLEPNE_KLEQUA-100vW_zSWATH_100SPD/KLEPNE-139-AER_100vW_100SPD.npy,KLEPNE-139-AER_100vW_100SPD,KLEPNE,KLEPNE,139,Klebsiella pneumoniae,Klebsiella pneumoniae,CLASSE,/home/rrekikdi/Bureau/postdoc/pseudo_image/ms1_processed_11classes/Klebsiella pneumoniae/KLEPNE-139-AER_100vW_100SPD.npy
/home/rrekikdi/Bureau/postdoc/pseudo_image/images_npy_ms1/2023_03_14_Validation_LOTS-44-45-46-47_123-KLEPNE_KLEQUA-100vW_zSWATH_100SPD/KLEPNE-139-ANA_100vW_100SPD.npy,KLEPNE-139-ANA_100vW_100SPD,KLEPNE,KLEPNE,139,Klebsiella pneumoniae,Klebsiella pneumoniae,CLASSE,/home/rrekikdi/Bureau/postdoc/pseudo_image/ms1_processed_11classes/Klebsiella pneumoniae/KLEPNE-139-ANA_100vW_100SPD.npy
/home/rrekikdi/Bureau/postdoc/pseudo_image/images_npy_ms1/2023_03_14_Validation_LOTS-44-45-46-47_123-KLEPNE_KLEQUA-100vW_zSWATH_100SPD/KLEPNE-140-AER_100vW_100SPD.npy,KLEPNE-140-AER_100vW_100SPD,KLEPNE,KLEPNE,140,Klebsiella pneumoniae,Klebsiella pneumoniae,CLASSE,/home/rrekikdi/Bureau/postdoc/pseudo_image/ms1_processed_11classes/Klebsiella pneumoniae/KLEPNE-140-AER_100vW_100SPD.npy
/home/rrekikdi/Bureau/postdoc/pseudo_image/images_npy_ms1/2023_03_14_Validation_LOTS-44-45-46-47_123-KLEPNE_KLEQUA-100vW_zSWATH_100SPD/KLEPNE-140-ANA_100vW_100SPD.npy,KLEPNE-140-ANA_100vW_100SPD,KLEPNE,KLEPNE,140,Klebsiella pneumoniae,Klebsiella pneumoniae,CLASSE,/home/rrekikdi/Bureau/postdoc/pseudo_image/ms1_processed_11classes/Klebsiella pneumoniae/KLEPNE-140-ANA_100vW_100SPD.npy
/home/rrekikdi/Bureau/postdoc/pseudo_image/images_npy_ms1/2023_03_14_Validation_LOTS-44-45-46-47_123-KLEPNE_KLEQUA-100vW_zSWATH_100SPD/KLEPNE-141-AER_100vW_100SPD.npy,KLEPNE-141-AER_100vW_100SPD,KLEPNE,KLEPNE,141,Klebsiella pneumoniae,Klebsiella pneumoniae,CLASSE,/home/rrekikdi/Bureau/postdoc/pseudo_image/ms1_processed_11classes/Klebsiella pneumoniae/KLEPNE-141-AER_100vW_100SPD.npy
/home/rrekikdi/Bureau/postdoc/pseudo_image/images_npy_ms1/2023_03_14_Validation_LOTS-44-45-46-47_123-KLEPNE_KLEQUA-100vW_zSWATH_100SPD/KLEPNE-141-ANA_100vW_100SPD.npy,KLEPNE-141-ANA_100vW_100SPD,KLEPNE,KLEPNE,141,Klebsiella pneumoniae,Klebsiella pneumoniae,CLASSE,/home/rrekikdi/Bureau/postdoc/pseudo_image/ms1_processed_11classes/Klebsiella pneumoniae/KLEPNE-141-ANA_100vW_100SPD.npy
/home/rrekikdi/Bureau/postdoc/pseudo_image/images_npy_ms1/2023_03_14_Validation_LOTS-44-45-46-47_123-KLEPNE_KLEQUA-100vW_zSWATH_100SPD/KLEPNE-142-AER_100vW_100SPD.npy,KLEPNE-142-AER_100vW_100SPD,KLEPNE,KLEPNE,142,Klebsiella pneumoniae,Klebsiella pneumoniae,CLASSE,/home/rrekikdi/Bureau/postdoc/pseudo_image/ms1_processed_11classes/Klebsiella pneumoniae/KLEPNE-142-AER_100vW_100SPD.npy
/home/rrekikdi/Bureau/postdoc/pseudo_image/images_npy_ms1/2023_03_14_Validation_LOTS-44-45-46-47_123-KLEPNE_KLEQUA-100vW_zSWATH_100SPD/KLEPNE-142-ANA_100vW_100SPD.npy,KLEPNE-142-ANA_100vW_100SPD,KLEPNE,KLEPNE,142,Klebsiella pneumoniae,Klebsiella pneumoniae,CLASSE,/home/rrekikdi/Bureau/postdoc/pseudo_image/ms1_processed_11classes/Klebsiella pneumoniae/KLEPNE-142-ANA_100vW_100SPD.npy
/home/rrekikdi/Bureau/postdoc/pseudo_image/images_npy_ms1/2023_03_14_Validation_LOTS-44-45-46-47_123-KLEPNE_KLEQUA-100vW_zSWATH_100SPD/KLEPNE-143-AER_100vW_100SPD.npy,KLEPNE-143-AER_100vW_100SPD,KLEPNE,KLEPNE,143,Klebsiella pneumoniae,Klebsiella pneumoniae,CLASSE,/home/rrekikdi/Bureau/postdoc/pseudo_image/ms1_processed_11classes/Klebsiella pneumoniae/KLEPNE-143-AER_100vW_100SPD.npy
/home/rrekikdi/Bureau/postdoc/pseudo_image/images_npy_ms1/2023_03_14_Validation_LOTS-44-45-46-47_123-KLEPNE_KLEQUA-100vW_zSWATH_100SPD/KLEPNE-143-ANA_100vW_100SPD.npy,KLEPNE-143-ANA_100vW_100SPD,KLEPNE,KLEPNE,143,Klebsiella pneumoniae,Klebsiella pneumoniae,CLASSE,/home/rrekikdi/Bureau/postdoc/pseudo_image/ms1_processed_11classes/Klebsiella pneumoniae/KLEPNE-143-ANA_100vW_100SPD.npy
/home/rrekikdi/Bureau/postdoc/pseudo_image/images_npy_ms1/2023_03_14_Validation_LOTS-44-45-46-47_123-KLEPNE_KLEQUA-100vW_zSWATH_100SPD/KLEPNE-144-AER_100vW_100SPD.npy,KLEPNE-144-AER_100vW_100SPD,KLEPNE,KLEPNE,144,Klebsiella pneumoniae,Klebsiella pneumoniae,CLASSE,/home/rrekikdi/Bureau/postdoc/pseudo_image/ms1_processed_11classes/Klebsiella pneumoniae/KLEPNE-144-AER_100vW_100SPD.npy
/home/rrekikdi/Bureau/postdoc/pseudo_image/images_npy_ms1/2023_03_14_Validation_LOTS-44-45-46-47_123-KLEPNE_KLEQUA-100vW_zSWATH_100SPD/KLEPNE-144-ANA_100vW_100SPD.npy,KLEPNE-144-ANA_100vW_100SPD,KLEPNE,KLEPNE,144,Klebsiella pneumoniae,Klebsiella pneumoniae,CLASSE,/home/rrekikdi/Bureau/postdoc/pseudo_image/ms1_processed_11classes/Klebsiella pneumoniae/KLEPNE-144-ANA_100vW_100SPD.npy
/home/rrekikdi/Bureau/postdoc/pseudo_image/images_npy_ms1/2023_03_14_Validation_LOTS-44-45-46-47_123-KLEPNE_KLEQUA-100vW_zSWATH_100SPD/KLEPNE-145-AER_100vW_100SPD.npy,KLEPNE-145-AER_100vW_100SPD,KLEPNE,KLEPNE,145,Klebsiella pneumoniae,Klebsiella pneumoniae,CLASSE,/home/rrekikdi/Bureau/postdoc/pseudo_image/ms1_processed_11classes/Klebsiella pneumoniae/KLEPNE-145-AER_100vW_100SPD.npy
/home/rrekikdi/Bureau/postdoc/pseudo_image/images_npy_ms1/2023_03_14_Validation_LOTS-44-45-46-47_123-KLEPNE_KLEQUA-100vW_zSWATH_100SPD/KLEPNE-145-ANA_100vW_100SPD.npy,KLEPNE-145-ANA_100vW_100SPD,KLEPNE,KLEPNE,145,Klebsiella pneumoniae,Klebsiella pneumoniae,CLASSE,/home/rrekikdi/Bureau/postdoc/pseudo_image/ms1_processed_11classes/Klebsiella pneumoniae/KLEPNE-145-ANA_100vW_100SPD.npy
/home/rrekikdi/Bureau/postdoc/pseudo_image/images_npy_ms1/2023_03_14_Validation_LOTS-44-45-46-47_123-KLEPNE_KLEQUA-100vW_zSWATH_100SPD/KLEPNE-146-AER_100vW_100SPD.npy,KLEPNE-146-AER_100vW_100SPD,KLEPNE,KLEPNE,146,Klebsiella pneumoniae,Klebsiella pneumoniae,CLASSE,/home/rrekikdi/Bureau/postdoc/pseudo_image/ms1_processed_11classes/Klebsiella pneumoniae/KLEPNE-146-AER_100vW_100SPD.npy
/home/rrekikdi/Bureau/postdoc/pseudo_image/images_npy_ms1/2023_03_14_Validation_LOTS-44-45-46-47_123-KLEPNE_KLEQUA-100vW_zSWATH_100SPD/KLEPNE-146-ANA_100vW_100SPD.npy,KLEPNE-146-ANA_100vW_100SPD,KLEPNE,KLEPNE,146,Klebsiella pneumoniae,Klebsiella pneumoniae,CLASSE,/home/rrekikdi/Bureau/postdoc/pseudo_image/ms1_processed_11classes/Klebsiella pneumoniae/KLEPNE-146-ANA_100vW_100SPD.npy
/home/rrekikdi/Bureau/postdoc/pseudo_image/images_npy_ms1/2023_03_14_Validation_LOTS-44-45-46-47_123-KLEPNE_KLEQUA-100vW_zSWATH_100SPD/KLEPNE-147-AER_100vW_100SPD.npy,KLEPNE-147-AER_100vW_100SPD,KLEPNE,KLEPNE,147,Klebsiella pneumoniae,Klebsiella pneumoniae,CLASSE,/home/rrekikdi/Bureau/postdoc/pseudo_image/ms1_processed_11classes/Klebsiella pneumoniae/KLEPNE-147-AER_100vW_100SPD.npy
/home/rrekikdi/Bureau/postdoc/pseudo_image/images_npy_ms1/2023_03_14_Validation_LOTS-44-45-46-47_123-KLEPNE_KLEQUA-100vW_zSWATH_100SPD/KLEPNE-147-ANA_100vW_100SPD.npy,KLEPNE-147-ANA_100vW_100SPD,KLEPNE,KLEPNE,147,Klebsiella pneumoniae,Klebsiella pneumoniae,CLASSE,/home/rrekikdi/Bureau/postdoc/pseudo_image/ms1_processed_11classes/Klebsiella pneumoniae/KLEPNE-147-ANA_100vW_100SPD.npy
/home/rrekikdi/Bureau/postdoc/pseudo_image/images_npy_ms1/2023_03_14_Validation_LOTS-44-45-46-47_123-KLEPNE_KLEQUA-100vW_zSWATH_100SPD/KLEPNE-148-AER_100vW_100SPD.npy,KLEPNE-148-AER_100vW_100SPD,KLEPNE,KLEPNE,148,Klebsiella pneumoniae,Klebsiella pneumoniae,CLASSE,/home/rrekikdi/Bureau/postdoc/pseudo_image/ms1_processed_11classes/Klebsiella pneumoniae/KLEPNE-148-AER_100vW_100SPD.npy
/home/rrekikdi/Bureau/postdoc/pseudo_image/images_npy_ms1/2023_03_14_Validation_LOTS-44-45-46-47_123-KLEPNE_KLEQUA-100vW_zSWATH_100SPD/KLEPNE-148-ANA_100vW_100SPD.npy,KLEPNE-148-ANA_100vW_100SPD,KLEPNE,KLEPNE,148,Klebsiella pneumoniae,Klebsiella pneumoniae,CLASSE,/home/rrekikdi/Bureau/postdoc/pseudo_image/ms1_processed_11classes/Klebsiella pneumoniae/KLEPNE-148-ANA_100vW_100SPD.npy
/home/rrekikdi/Bureau/postdoc/pseudo_image/images_npy_ms1/2023_03_14_Validation_LOTS-44-45-46-47_123-KLEPNE_KLEQUA-100vW_zSWATH_100SPD/KLEPNE-151-AER_100vW_100SPD.npy,KLEPNE-151-AER_100vW_100SPD,KLEPNE,KLEPNE,151,Klebsiella pneumoniae,Klebsiella pneumoniae,CLASSE,/home/rrekikdi/Bureau/postdoc/pseudo_image/ms1_processed_11classes/Klebsiella pneumoniae/KLEPNE-151-AER_100vW_100SPD.npy
/home/rrekikdi/Bureau/postdoc/pseudo_image/images_npy_ms1/2023_03_14_Validation_LOTS-44-45-46-47_123-KLEPNE_KLEQUA-100vW_zSWATH_100SPD/KLEPNE-151-ANA_100vW_100SPD.npy,KLEPNE-151-ANA_100vW_100SPD,KLEPNE,KLEPNE,151,Klebsiella pneumoniae,Klebsiella pneumoniae,CLASSE,/home/rrekikdi/Bureau/postdoc/pseudo_image/ms1_processed_11classes/Klebsiella pneumoniae/KLEPNE-151-ANA_100vW_100SPD.npy
/home/rrekikdi/Bureau/postdoc/pseudo_image/images_npy_ms1/2023_03_14_Validation_LOTS-44-45-46-47_123-KLEPNE_KLEQUA-100vW_zSWATH_100SPD/KLEPNE-152-AER_100vW_100SPD.npy,KLEPNE-152-AER_100vW_100SPD,KLEPNE,KLEPNE,152,Klebsiella pneumoniae,Klebsiella pneumoniae,CLASSE,/home/rrekikdi/Bureau/postdoc/pseudo_image/ms1_processed_11classes/Klebsiella pneumoniae/KLEPNE-152-AER_100vW_100SPD.npy
/home/rrekikdi/Bureau/postdoc/pseudo_image/images_npy_ms1/2023_03_14_Validation_LOTS-44-45-46-47_123-KLEPNE_KLEQUA-100vW_zSWATH_100SPD/KLEPNE-152-ANA_100vW_100SPD.npy,KLEPNE-152-ANA_100vW_100SPD,KLEPNE,KLEPNE,152,Klebsiella pneumoniae,Klebsiella pneumoniae,CLASSE,/home/rrekikdi/Bureau/postdoc/pseudo_image/ms1_processed_11classes/Klebsiella pneumoniae/KLEPNE-152-ANA_100vW_100SPD.npy
/home/rrekikdi/Bureau/postdoc/pseudo_image/images_npy_ms1/2023_03_14_Validation_LOTS-44-45-46-47_123-KLEPNE_KLEQUA-100vW_zSWATH_100SPD/KLEPNE-153-AER_100vW_100SPD.npy,KLEPNE-153-AER_100vW_100SPD,KLEPNE,KLEPNE,153,Klebsiella pneumoniae,Klebsiella pneumoniae,CLASSE,/home/rrekikdi/Bureau/postdoc/pseudo_image/ms1_processed_11classes/Klebsiella pneumoniae/KLEPNE-153-AER_100vW_100SPD.npy
/home/rrekikdi/Bureau/postdoc/pseudo_image/images_npy_ms1/2023_03_14_Validation_LOTS-44-45-46-47_123-KLEPNE_KLEQUA-100vW_zSWATH_100SPD/KLEPNE-153-ANA_100vW_100SPD.npy,KLEPNE-153-ANA_100vW_100SPD,KLEPNE,KLEPNE,153,Klebsiella pneumoniae,Klebsiella pneumoniae,CLASSE,/home/rrekikdi/Bureau/postdoc/pseudo_image/ms1_processed_11classes/Klebsiella pneumoniae/KLEPNE-153-ANA_100vW_100SPD.npy
/home/rrekikdi/Bureau/postdoc/pseudo_image/images_npy_ms1/2023_03_14_Validation_LOTS-44-45-46-47_123-KLEPNE_KLEQUA-100vW_zSWATH_100SPD/KLEPNE-154-AER_100vW_100SPD.npy,KLEPNE-154-AER_100vW_100SPD,KLEPNE,KLEPNE,154,Klebsiella pneumoniae,Klebsiella pneumoniae,CLASSE,/home/rrekikdi/Bureau/postdoc/pseudo_image/ms1_processed_11classes/Klebsiella pneumoniae/KLEPNE-154-AER_100vW_100SPD.npy
/home/rrekikdi/Bureau/postdoc/pseudo_image/images_npy_ms1/2023_03_14_Validation_LOTS-44-45-46-47_123-KLEPNE_KLEQUA-100vW_zSWATH_100SPD/KLEPNE-154-ANA_100vW_100SPD.npy,KLEPNE-154-ANA_100vW_100SPD,KLEPNE,KLEPNE,154,Klebsiella pneumoniae,Klebsiella pneumoniae,CLASSE,/home/rrekikdi/Bureau/postdoc/pseudo_image/ms1_processed_11classes/Klebsiella pneumoniae/KLEPNE-154-ANA_100vW_100SPD.npy
/home/rrekikdi/Bureau/postdoc/pseudo_image/images_npy_ms1/2023_03_14_Validation_LOTS-44-45-46-47_123-KLEPNE_KLEQUA-100vW_zSWATH_100SPD/KLEPNE-156-AER_100vW_100SPD.npy,KLEPNE-156-AER_100vW_100SPD,KLEPNE,KLEPNE,156,Klebsiella pneumoniae,Klebsiella pneumoniae,CLASSE,/home/rrekikdi/Bureau/postdoc/pseudo_image/ms1_processed_11classes/Klebsiella pneumoniae/KLEPNE-156-AER_100vW_100SPD.npy
/home/rrekikdi/Bureau/postdoc/pseudo_image/images_npy_ms1/2023_03_14_Validation_LOTS-44-45-46-47_123-KLEPNE_KLEQUA-100vW_zSWATH_100SPD/KLEPNE-156-ANA_100vW_100SPD.npy,KLEPNE-156-ANA_100vW_100SPD,KLEPNE,KLEPNE,156,Klebsiella pneumoniae,Klebsiella pneumoniae,CLASSE,/home/rrekikdi/Bureau/postdoc/pseudo_image/ms1_processed_11classes/Klebsiella pneumoniae/KLEPNE-156-ANA_100vW_100SPD.npy
/home/rrekikdi/Bureau/postdoc/pseudo_image/images_npy_ms1/2023_03_14_Validation_LOTS-44-45-46-47_123-KLEPNE_KLEQUA-100vW_zSWATH_100SPD/KLEPNE-169-ANA_100vW_100SPD.npy,KLEPNE-169-ANA_100vW_100SPD,KLEPNE,KLEPNE,169,Klebsiella pneumoniae,Klebsiella pneumoniae,CLASSE,/home/rrekikdi/Bureau/postdoc/pseudo_image/ms1_processed_11classes/Klebsiella pneumoniae/KLEPNE-169-ANA_100vW_100SPD.npy
/home/rrekikdi/Bureau/postdoc/pseudo_image/images_npy_ms1/2023_03_14_Validation_LOTS-44-45-46-47_123-KLEPNE_KLEQUA-100vW_zSWATH_100SPD/KLEPNE-170-AER_100vW_100SPD.npy,KLEPNE-170-AER_100vW_100SPD,KLEPNE,KLEPNE,170,Klebsiella pneumoniae,Klebsiella pneumoniae,CLASSE,/home/rrekikdi/Bureau/postdoc/pseudo_image/ms1_processed_11classes/Klebsiella pneumoniae/KLEPNE-170-AER_100vW_100SPD.npy
/home/rrekikdi/Bureau/postdoc/pseudo_image/images_npy_ms1/2023_03_14_Validation_LOTS-44-45-46-47_123-KLEPNE_KLEQUA-100vW_zSWATH_100SPD/KLEPNE-170-ANA_100vW_100SPD.npy,KLEPNE-170-ANA_100vW_100SPD,KLEPNE,KLEPNE,170,Klebsiella pneumoniae,Klebsiella pneumoniae,CLASSE,/home/rrekikdi/Bureau/postdoc/pseudo_image/ms1_processed_11classes/Klebsiella pneumoniae/KLEPNE-170-ANA_100vW_100SPD.npy
/home/rrekikdi/Bureau/postdoc/pseudo_image/images_npy_ms1/2023_03_14_Validation_LOTS-44-45-46-47_123-KLEPNE_KLEQUA-100vW_zSWATH_100SPD/KLEPNE-171-AER_100vW_100SPD.npy,KLEPNE-171-AER_100vW_100SPD,KLEPNE,KLEPNE,171,Klebsiella pneumoniae,Klebsiella pneumoniae,CLASSE,/home/rrekikdi/Bureau/postdoc/pseudo_image/ms1_processed_11classes/Klebsiella pneumoniae/KLEPNE-171-AER_100vW_100SPD.npy
/home/rrekikdi/Bureau/postdoc/pseudo_image/images_npy_ms1/2023_03_14_Validation_LOTS-44-45-46-47_123-KLEPNE_KLEQUA-100vW_zSWATH_100SPD/KLEPNE-171-ANA_100vW_100SPD.npy,KLEPNE-171-ANA_100vW_100SPD,KLEPNE,KLEPNE,171,Klebsiella pneumoniae,Klebsiella pneumoniae,CLASSE,/home/rrekikdi/Bureau/postdoc/pseudo_image/ms1_processed_11classes/Klebsiella pneumoniae/KLEPNE-171-ANA_100vW_100SPD.npy
/home/rrekikdi/Bureau/postdoc/pseudo_image/images_npy_ms1/2023_03_14_Validation_LOTS-44-45-46-47_123-KLEPNE_KLEQUA-100vW_zSWATH_100SPD/KLEPNE-172-AER_100vW_100SPD.npy,KLEPNE-172-AER_100vW_100SPD,KLEPNE,KLEPNE,172,Klebsiella pneumoniae,Klebsiella pneumoniae,CLASSE,/home/rrekikdi/Bureau/postdoc/pseudo_image/ms1_processed_11classes/Klebsiella pneumoniae/KLEPNE-172-AER_100vW_100SPD.npy
/home/rrekikdi/Bureau/postdoc/pseudo_image/images_npy_ms1/2023_03_14_Validation_LOTS-44-45-46-47_123-KLEPNE_KLEQUA-100vW_zSWATH_100SPD/KLEPNE-172-ANA_100vW_100SPD.npy,KLEPNE-172-ANA_100vW_100SPD,KLEPNE,KLEPNE,172,Klebsiella pneumoniae,Klebsiella pneumoniae,CLASSE,/home/rrekikdi/Bureau/postdoc/pseudo_image/ms1_processed_11classes/Klebsiella pneumoniae/KLEPNE-172-ANA_100vW_100SPD.npy
/home/rrekikdi/Bureau/postdoc/pseudo_image/images_npy_ms1/2023_03_14_Validation_LOTS-44-45-46-47_123-KLEPNE_KLEQUA-100vW_zSWATH_100SPD/KLEPNE-173-AER_100vW_100SPD.npy,KLEPNE-173-AER_100vW_100SPD,KLEPNE,KLEPNE,173,Klebsiella pneumoniae,Klebsiella pneumoniae,CLASSE,/home/rrekikdi/Bureau/postdoc/pseudo_image/ms1_processed_11classes/Klebsiella pneumoniae/KLEPNE-173-AER_100vW_100SPD.npy
/home/rrekikdi/Bureau/postdoc/pseudo_image/images_npy_ms1/2023_03_14_Validation_LOTS-44-45-46-47_123-KLEPNE_KLEQUA-100vW_zSWATH_100SPD/KLEPNE-173-ANA_100vW_100SPD.npy,KLEPNE-173-ANA_100vW_100SPD,KLEPNE,KLEPNE,173,Klebsiella pneumoniae,Klebsiella pneumoniae,CLASSE,/home/rrekikdi/Bureau/postdoc/pseudo_image/ms1_processed_11classes/Klebsiella pneumoniae/KLEPNE-173-ANA_100vW_100SPD.npy
/home/rrekikdi/Bureau/postdoc/pseudo_image/images_npy_ms1/2023_03_14_Validation_LOTS-44-45-46-47_123-KLEPNE_KLEQUA-100vW_zSWATH_100SPD/KLEPNE-174-AER_100vW_100SPD.npy,KLEPNE-174-AER_100vW_100SPD,KLEPNE,KLEPNE,174,Klebsiella pneumoniae,Klebsiella pneumoniae,CLASSE,/home/rrekikdi/Bureau/postdoc/pseudo_image/ms1_processed_11classes/Klebsiella pneumoniae/KLEPNE-174-AER_100vW_100SPD.npy
/home/rrekikdi/Bureau/postdoc/pseudo_image/images_npy_ms1/2023_03_14_Validation_LOTS-44-45-46-47_123-KLEPNE_KLEQUA-100vW_zSWATH_100SPD/KLEPNE-174-ANA_100vW_100SPD.npy,KLEPNE-174-ANA_100vW_100SPD,KLEPNE,KLEPNE,174,Klebsiella pneumoniae,Klebsiella pneumoniae,CLASSE,/home/rrekikdi/Bureau/postdoc/pseudo_image/ms1_processed_11classes/Klebsiella pneumoniae/KLEPNE-174-ANA_100vW_100SPD.npy
/home/rrekikdi/Bureau/postdoc/pseudo_image/images_npy_ms1/2023_03_14_Validation_LOTS-44-45-46-47_123-KLEPNE_KLEQUA-100vW_zSWATH_100SPD/KLEPNE-175-AER_100vW_100SPD.npy,KLEPNE-175-AER_100vW_100SPD,KLEPNE,KLEPNE,175,Klebsiella pneumoniae,Klebsiella pneumoniae,CLASSE,/home/rrekikdi/Bureau/postdoc/pseudo_image/ms1_processed_11classes/Klebsiella pneumoniae/KLEPNE-175-AER_100vW_100SPD.npy
/home/rrekikdi/Bureau/postdoc/pseudo_image/images_npy_ms1/2023_03_14_Validation_LOTS-44-45-46-47_123-KLEPNE_KLEQUA-100vW_zSWATH_100SPD/KLEPNE-175-ANA_100vW_100SPD.npy,KLEPNE-175-ANA_100vW_100SPD,KLEPNE,KLEPNE,175,Klebsiella pneumoniae,Klebsiella pneumoniae,CLASSE,/home/rrekikdi/Bureau/postdoc/pseudo_image/ms1_processed_11classes/Klebsiella pneumoniae/KLEPNE-175-ANA_100vW_100SPD.npy
/home/rrekikdi/Bureau/postdoc/pseudo_image/images_npy_ms1/2023_03_14_Validation_LOTS-44-45-46-47_123-KLEPNE_KLEQUA-100vW_zSWATH_100SPD/KLEPNE-176-AER_100vW_100SPD.npy,KLEPNE-176-AER_100vW_100SPD,KLEPNE,KLEPNE,176,Klebsiella pneumoniae,Klebsiella pneumoniae,CLASSE,/home/rrekikdi/Bureau/postdoc/pseudo_image/ms1_processed_11classes/Klebsiella pneumoniae/KLEPNE-176-AER_100vW_100SPD.npy
/home/rrekikdi/Bureau/postdoc/pseudo_image/images_npy_ms1/2023_03_14_Validation_LOTS-44-45-46-47_123-KLEPNE_KLEQUA-100vW_zSWATH_100SPD/KLEPNE-176-ANA_100vW_100SPD.npy,KLEPNE-176-ANA_100vW_100SPD,KLEPNE,KLEPNE,176,Klebsiella pneumoniae,Klebsiella pneumoniae,CLASSE,/home/rrekikdi/Bureau/postdoc/pseudo_image/ms1_processed_11classes/Klebsiella pneumoniae/KLEPNE-176-ANA_100vW_100SPD.npy
/home/rrekikdi/Bureau/postdoc/pseudo_image/images_npy_ms1/2023_03_14_Validation_LOTS-44-45-46-47_123-KLEPNE_KLEQUA-100vW_zSWATH_100SPD/KLEPNE-177-AER_100vW_100SPD.npy,KLEPNE-177-AER_100vW_100SPD,KLEPNE,KLEPNE,177,Klebsiella pneumoniae,Klebsiella pneumoniae,CLASSE,/home/rrekikdi/Bureau/postdoc/pseudo_image/ms1_processed_11classes/Klebsiella pneumoniae/KLEPNE-177-AER_100vW_100SPD.npy
/home/rrekikdi/Bureau/postdoc/pseudo_image/images_npy_ms1/2023_03_14_Validation_LOTS-44-45-46-47_123-KLEPNE_KLEQUA-100vW_zSWATH_100SPD/KLEPNE-177-ANA_100vW_100SPD.npy,KLEPNE-177-ANA_100vW_100SPD,KLEPNE,KLEPNE,177,Klebsiella pneumoniae,Klebsiella pneumoniae,CLASSE,/home/rrekikdi/Bureau/postdoc/pseudo_image/ms1_processed_11classes/Klebsiella pneumoniae/KLEPNE-177-ANA_100vW_100SPD.npy
/home/rrekikdi/Bureau/postdoc/pseudo_image/images_npy_ms1/2023_03_14_Validation_LOTS-44-45-46-47_123-KLEPNE_KLEQUA-100vW_zSWATH_100SPD/KLEPNE-178-AER_100vW_100SPD.npy,KLEPNE-178-AER_100vW_100SPD,KLEPNE,KLEPNE,178,Klebsiella pneumoniae,Klebsiella pneumoniae,CLASSE,/home/rrekikdi/Bureau/postdoc/pseudo_image/ms1_processed_11classes/Klebsiella pneumoniae/KLEPNE-178-AER_100vW_100SPD.npy
/home/rrekikdi/Bureau/postdoc/pseudo_image/images_npy_ms1/2023_03_14_Validation_LOTS-44-45-46-47_123-KLEPNE_KLEQUA-100vW_zSWATH_100SPD/KLEPNE-178-ANA_100vW_100SPD.npy,KLEPNE-178-ANA_100vW_100SPD,KLEPNE,KLEPNE,178,Klebsiella pneumoniae,Klebsiella pneumoniae,CLASSE,/home/rrekikdi/Bureau/postdoc/pseudo_image/ms1_processed_11classes/Klebsiella pneumoniae/KLEPNE-178-ANA_100vW_100SPD.npy
/home/rrekikdi/Bureau/postdoc/pseudo_image/images_npy_ms1/2023_03_14_Validation_LOTS-44-45-46-47_123-KLEPNE_KLEQUA-100vW_zSWATH_100SPD/KLEPNE-179-AER_100vW_100SPD.npy,KLEPNE-179-AER_100vW_100SPD,KLEPNE,KLEPNE,179,Klebsiella pneumoniae,Klebsiella pneumoniae,CLASSE,/home/rrekikdi/Bureau/postdoc/pseudo_image/ms1_processed_11classes/Klebsiella pneumoniae/KLEPNE-179-AER_100vW_100SPD.npy
/home/rrekikdi/Bureau/postdoc/pseudo_image/images_npy_ms1/2023_03_14_Validation_LOTS-44-45-46-47_123-KLEPNE_KLEQUA-100vW_zSWATH_100SPD/KLEPNE-179-ANA_100vW_100SPD.npy,KLEPNE-179-ANA_100vW_100SPD,KLEPNE,KLEPNE,179,Klebsiella pneumoniae,Klebsiella pneumoniae,CLASSE,/home/rrekikdi/Bureau/postdoc/pseudo_image/ms1_processed_11classes/Klebsiella pneumoniae/KLEPNE-179-ANA_100vW_100SPD.npy
/home/rrekikdi/Bureau/postdoc/pseudo_image/images_npy_ms1/2023_03_14_Validation_LOTS-44-45-46-47_123-KLEPNE_KLEQUA-100vW_zSWATH_100SPD/KLEPNE-180-AER_100vW_100SPD.npy,KLEPNE-180-AER_100vW_100SPD,KLEPNE,KLEPNE,180,Klebsiella pneumoniae,Klebsiella pneumoniae,CLASSE,/home/rrekikdi/Bureau/postdoc/pseudo_image/ms1_processed_11classes/Klebsiella pneumoniae/KLEPNE-180-AER_100vW_100SPD.npy
/home/rrekikdi/Bureau/postdoc/pseudo_image/images_npy_ms1/2023_03_14_Validation_LOTS-44-45-46-47_123-KLEPNE_KLEQUA-100vW_zSWATH_100SPD/KLEPNE-180-ANA_100vW_100SPD.npy,KLEPNE-180-ANA_100vW_100SPD,KLEPNE,KLEPNE,180,Klebsiella pneumoniae,Klebsiella pneumoniae,CLASSE,/home/rrekikdi/Bureau/postdoc/pseudo_image/ms1_processed_11classes/Klebsiella pneumoniae/KLEPNE-180-ANA_100vW_100SPD.npy
/home/rrekikdi/Bureau/postdoc/pseudo_image/images_npy_ms1/2023_03_14_Validation_LOTS-44-45-46-47_123-KLEPNE_KLEQUA-100vW_zSWATH_100SPD/KLEPNE-181-AER_100vW_100SPD.npy,KLEPNE-181-AER_100vW_100SPD,KLEPNE,KLEPNE,181,Klebsiella pneumoniae,Klebsiella pneumoniae,CLASSE,/home/rrekikdi/Bureau/postdoc/pseudo_image/ms1_processed_11classes/Klebsiella pneumoniae/KLEPNE-181-AER_100vW_100SPD.npy
/home/rrekikdi/Bureau/postdoc/pseudo_image/images_npy_ms1/2023_03_14_Validation_LOTS-44-45-46-47_123-KLEPNE_KLEQUA-100vW_zSWATH_100SPD/KLEPNE-181-ANA_100vW_100SPD.npy,KLEPNE-181-ANA_100vW_100SPD,KLEPNE,KLEPNE,181,Klebsiella pneumoniae,Klebsiella pneumoniae,CLASSE,/home/rrekikdi/Bureau/postdoc/pseudo_image/ms1_processed_11classes/Klebsiella pneumoniae/KLEPNE-181-ANA_100vW_100SPD.npy
/home/rrekikdi/Bureau/postdoc/pseudo_image/images_npy_ms1/2023_03_14_Validation_LOTS-44-45-46-47_123-KLEPNE_KLEQUA-100vW_zSWATH_100SPD/KLEPNE-23-AER_100vW_100SPD.npy,KLEPNE-23-AER_100vW_100SPD,KLEPNE,KLEPNE,23,Klebsiella pneumoniae,Klebsiella pneumoniae,CLASSE,/home/rrekikdi/Bureau/postdoc/pseudo_image/ms1_processed_11classes/Klebsiella pneumoniae/KLEPNE-23-AER_100vW_100SPD.npy
/home/rrekikdi/Bureau/postdoc/pseudo_image/images_npy_ms1/2023_03_14_Validation_LOTS-44-45-46-47_123-KLEPNE_KLEQUA-100vW_zSWATH_100SPD/KLEPNE-23-ANA_100vW_100SPD.npy,KLEPNE-23-ANA_100vW_100SPD,KLEPNE,KLEPNE,23,Klebsiella pneumoniae,Klebsiella pneumoniae,CLASSE,/home/rrekikdi/Bureau/postdoc/pseudo_image/ms1_processed_11classes/Klebsiella pneumoniae/KLEPNE-23-ANA_100vW_100SPD.npy
/home/rrekikdi/Bureau/postdoc/pseudo_image/images_npy_ms1/2023_03_14_Validation_LOTS-44-45-46-47_123-KLEPNE_KLEQUA-100vW_zSWATH_100SPD/KLEPNE-33-AER_100vW_100SPD.npy,KLEPNE-33-AER_100vW_100SPD,KLEPNE,KLEPNE,33,Klebsiella pneumoniae,Klebsiella pneumoniae,CLASSE,/home/rrekikdi/Bureau/postdoc/pseudo_image/ms1_processed_11classes/Klebsiella pneumoniae/KLEPNE-33-AER_100vW_100SPD.npy
/home/rrekikdi/Bureau/postdoc/pseudo_image/images_npy_ms1/2023_03_14_Validation_LOTS-44-45-46-47_123-KLEPNE_KLEQUA-100vW_zSWATH_100SPD/KLEPNE-33-ANA_100vW_100SPD.npy,KLEPNE-33-ANA_100vW_100SPD,KLEPNE,KLEPNE,33,Klebsiella pneumoniae,Klebsiella pneumoniae,CLASSE,/home/rrekikdi/Bureau/postdoc/pseudo_image/ms1_processed_11classes/Klebsiella pneumoniae/KLEPNE-33-ANA_100vW_100SPD.npy
/home/rrekikdi/Bureau/postdoc/pseudo_image/images_npy_ms1/2023_03_14_Validation_LOTS-44-45-46-47_123-KLEPNE_KLEQUA-100vW_zSWATH_100SPD/KLEPNE-34-AER_100vW_100SPD.npy,KLEPNE-34-AER_100vW_100SPD,KLEPNE,KLEPNE,34,Klebsiella pneumoniae,Klebsiella pneumoniae,CLASSE,/home/rrekikdi/Bureau/postdoc/pseudo_image/ms1_processed_11classes/Klebsiella pneumoniae/KLEPNE-34-AER_100vW_100SPD.npy
/home/rrekikdi/Bureau/postdoc/pseudo_image/images_npy_ms1/2023_03_14_Validation_LOTS-44-45-46-47_123-KLEPNE_KLEQUA-100vW_zSWATH_100SPD/KLEPNE-34-ANA_100vW_100SPD.npy,KLEPNE-34-ANA_100vW_100SPD,KLEPNE,KLEPNE,34,Klebsiella pneumoniae,Klebsiella pneumoniae,CLASSE,/home/rrekikdi/Bureau/postdoc/pseudo_image/ms1_processed_11classes/Klebsiella pneumoniae/KLEPNE-34-ANA_100vW_100SPD.npy
/home/rrekikdi/Bureau/postdoc/pseudo_image/images_npy_ms1/2023_03_14_Validation_LOTS-44-45-46-47_123-KLEPNE_KLEQUA-100vW_zSWATH_100SPD/KLEPNE-38-AER_100vW_100SPD.npy,KLEPNE-38-AER_100vW_100SPD,KLEPNE,KLEPNE,38,Klebsiella pneumoniae,Klebsiella pneumoniae,CLASSE,/home/rrekikdi/Bureau/postdoc/pseudo_image/ms1_processed_11classes/Klebsiella pneumoniae/KLEPNE-38-AER_100vW_100SPD.npy
/home/rrekikdi/Bureau/postdoc/pseudo_image/images_npy_ms1/2023_03_14_Validation_LOTS-44-45-46-47_123-KLEPNE_KLEQUA-100vW_zSWATH_100SPD/KLEPNE-38-ANA_100vW_100SPD.npy,KLEPNE-38-ANA_100vW_100SPD,KLEPNE,KLEPNE,38,Klebsiella pneumoniae,Klebsiella pneumoniae,CLASSE,/home/rrekikdi/Bureau/postdoc/pseudo_image/ms1_processed_11classes/Klebsiella pneumoniae/KLEPNE-38-ANA_100vW_100SPD.npy
/home/rrekikdi/Bureau/postdoc/pseudo_image/images_npy_ms1/2023_03_14_Validation_LOTS-44-45-46-47_123-KLEPNE_KLEQUA-100vW_zSWATH_100SPD/KLEPNE-39-AER_100vW_100SPD.npy,KLEPNE-39-AER_100vW_100SPD,KLEPNE,KLEPNE,39,Klebsiella pneumoniae,Klebsiella pneumoniae,CLASSE,/home/rrekikdi/Bureau/postdoc/pseudo_image/ms1_processed_11classes/Klebsiella pneumoniae/KLEPNE-39-AER_100vW_100SPD.npy
/home/rrekikdi/Bureau/postdoc/pseudo_image/images_npy_ms1/2023_03_14_Validation_LOTS-44-45-46-47_123-KLEPNE_KLEQUA-100vW_zSWATH_100SPD/KLEPNE-39-ANA_100vW_100SPD.npy,KLEPNE-39-ANA_100vW_100SPD,KLEPNE,KLEPNE,39,Klebsiella pneumoniae,Klebsiella pneumoniae,CLASSE,/home/rrekikdi/Bureau/postdoc/pseudo_image/ms1_processed_11classes/Klebsiella pneumoniae/KLEPNE-39-ANA_100vW_100SPD.npy
/home/rrekikdi/Bureau/postdoc/pseudo_image/images_npy_ms1/2023_03_14_Validation_LOTS-44-45-46-47_123-KLEPNE_KLEQUA-100vW_zSWATH_100SPD/KLEPNE-40-AER_100vW_100SPD.npy,KLEPNE-40-AER_100vW_100SPD,KLEPNE,KLEPNE,40,Klebsiella pneumoniae,Klebsiella pneumoniae,CLASSE,/home/rrekikdi/Bureau/postdoc/pseudo_image/ms1_processed_11classes/Klebsiella pneumoniae/KLEPNE-40-AER_100vW_100SPD.npy
/home/rrekikdi/Bureau/postdoc/pseudo_image/images_npy_ms1/2023_03_14_Validation_LOTS-44-45-46-47_123-KLEPNE_KLEQUA-100vW_zSWATH_100SPD/KLEPNE-40-ANA_100vW_100SPD.npy,KLEPNE-40-ANA_100vW_100SPD,KLEPNE,KLEPNE,40,Klebsiella pneumoniae,Klebsiella pneumoniae,CLASSE,/home/rrekikdi/Bureau/postdoc/pseudo_image/ms1_processed_11classes/Klebsiella pneumoniae/KLEPNE-40-ANA_100vW_100SPD.npy
/home/rrekikdi/Bureau/postdoc/pseudo_image/images_npy_ms1/2023_03_14_Validation_LOTS-44-45-46-47_123-KLEPNE_KLEQUA-100vW_zSWATH_100SPD/KLEPNE-42-AER_100vW_100SPD.npy,KLEPNE-42-AER_100vW_100SPD,KLEPNE,KLEPNE,42,Klebsiella pneumoniae,Klebsiella pneumoniae,CLASSE,/home/rrekikdi/Bureau/postdoc/pseudo_image/ms1_processed_11classes/Klebsiella pneumoniae/KLEPNE-42-AER_100vW_100SPD.npy
/home/rrekikdi/Bureau/postdoc/pseudo_image/images_npy_ms1/2023_03_14_Validation_LOTS-44-45-46-47_123-KLEPNE_KLEQUA-100vW_zSWATH_100SPD/KLEPNE-42-ANA_100vW_100SPD.npy,KLEPNE-42-ANA_100vW_100SPD,KLEPNE,KLEPNE,42,Klebsiella pneumoniae,Klebsiella pneumoniae,CLASSE,/home/rrekikdi/Bureau/postdoc/pseudo_image/ms1_processed_11classes/Klebsiella pneumoniae/KLEPNE-42-ANA_100vW_100SPD.npy
/home/rrekikdi/Bureau/postdoc/pseudo_image/images_npy_ms1/2023_03_14_Validation_LOTS-44-45-46-47_123-KLEPNE_KLEQUA-100vW_zSWATH_100SPD/KLEPNE-43-AER_100vW_100SPD.npy,KLEPNE-43-AER_100vW_100SPD,KLEPNE,KLEPNE,43,,Klebsiella pneumoniae,"CLASSE (sample_nb absent du excel, classe par code seul)",/home/rrekikdi/Bureau/postdoc/pseudo_image/ms1_processed_11classes/Klebsiella pneumoniae/KLEPNE-43-AER_100vW_100SPD.npy
/home/rrekikdi/Bureau/postdoc/pseudo_image/images_npy_ms1/2023_03_14_Validation_LOTS-44-45-46-47_123-KLEPNE_KLEQUA-100vW_zSWATH_100SPD/KLEPNE-43-ANA_100vW_100SPD.npy,KLEPNE-43-ANA_100vW_100SPD,KLEPNE,KLEPNE,43,,Klebsiella pneumoniae,"CLASSE (sample_nb absent du excel, classe par code seul)",/home/rrekikdi/Bureau/postdoc/pseudo_image/ms1_processed_11classes/Klebsiella pneumoniae/KLEPNE-43-ANA_100vW_100SPD.npy
/home/rrekikdi/Bureau/postdoc/pseudo_image/images_npy_ms1/2023_03_14_Validation_LOTS-44-45-46-47_123-KLEPNE_KLEQUA-100vW_zSWATH_100SPD/KLEPNE-44-AER_100vW_100SPD.npy,KLEPNE-44-AER_100vW_100SPD,KLEPNE,KLEPNE,44,Klebsiella pneumoniae,Klebsiella pneumoniae,CLASSE,/home/rrekikdi/Bureau/postdoc/pseudo_image/ms1_processed_11classes/Klebsiella pneumoniae/KLEPNE-44-AER_100vW_100SPD.npy
/home/rrekikdi/Bureau/postdoc/pseudo_image/images_npy_ms1/2023_03_14_Validation_LOTS-44-45-46-47_123-KLEPNE_KLEQUA-100vW_zSWATH_100SPD/KLEPNE-44-ANA_100vW_100SPD.npy,KLEPNE-44-ANA_100vW_100SPD,KLEPNE,KLEPNE,44,Klebsiella pneumoniae,Klebsiella pneumoniae,CLASSE,/home/rrekikdi/Bureau/postdoc/pseudo_image/ms1_processed_11classes/Klebsiella pneumoniae/KLEPNE-44-ANA_100vW_100SPD.npy
/home/rrekikdi/Bureau/postdoc/pseudo_image/images_npy_ms1/2023_03_14_Validation_LOTS-44-45-46-47_123-KLEPNE_KLEQUA-100vW_zSWATH_100SPD/KLEPNE-45-AER_100vW_100SPD.npy,KLEPNE-45-AER_100vW_100SPD,KLEPNE,KLEPNE,45,Klebsiella pneumoniae,Klebsiella pneumoniae,CLASSE,/home/rrekikdi/Bureau/postdoc/pseudo_image/ms1_processed_11classes/Klebsiella pneumoniae/KLEPNE-45-AER_100vW_100SPD.npy
/home/rrekikdi/Bureau/postdoc/pseudo_image/images_npy_ms1/2023_03_14_Validation_LOTS-44-45-46-47_123-KLEPNE_KLEQUA-100vW_zSWATH_100SPD/KLEPNE-45-ANA_100vW_100SPD.npy,KLEPNE-45-ANA_100vW_100SPD,KLEPNE,KLEPNE,45,Klebsiella pneumoniae,Klebsiella pneumoniae,CLASSE,/home/rrekikdi/Bureau/postdoc/pseudo_image/ms1_processed_11classes/Klebsiella pneumoniae/KLEPNE-45-ANA_100vW_100SPD.npy
/home/rrekikdi/Bureau/postdoc/pseudo_image/images_npy_ms1/2023_03_14_Validation_LOTS-44-45-46-47_123-KLEPNE_KLEQUA-100vW_zSWATH_100SPD/KLEPNE-46-AER_100vW_100SPD.npy,KLEPNE-46-AER_100vW_100SPD,KLEPNE,KLEPNE,46,Klebsiella pneumoniae,Klebsiella pneumoniae,CLASSE,/home/rrekikdi/Bureau/postdoc/pseudo_image/ms1_processed_11classes/Klebsiella pneumoniae/KLEPNE-46-AER_100vW_100SPD.npy
/home/rrekikdi/Bureau/postdoc/pseudo_image/images_npy_ms1/2023_03_14_Validation_LOTS-44-45-46-47_123-KLEPNE_KLEQUA-100vW_zSWATH_100SPD/KLEPNE-46-ANA_100vW_100SPD.npy,KLEPNE-46-ANA_100vW_100SPD,KLEPNE,KLEPNE,46,Klebsiella pneumoniae,Klebsiella pneumoniae,CLASSE,/home/rrekikdi/Bureau/postdoc/pseudo_image/ms1_processed_11classes/Klebsiella pneumoniae/KLEPNE-46-ANA_100vW_100SPD.npy
/home/rrekikdi/Bureau/postdoc/pseudo_image/images_npy_ms1/2023_03_14_Validation_LOTS-44-45-46-47_123-KLEPNE_KLEQUA-100vW_zSWATH_100SPD/KLEPNE-47-AER_100vW_100SPD.npy,KLEPNE-47-AER_100vW_100SPD,KLEPNE,KLEPNE,47,Klebsiella pneumoniae,Klebsiella pneumoniae,CLASSE,/home/rrekikdi/Bureau/postdoc/pseudo_image/ms1_processed_11classes/Klebsiella pneumoniae/KLEPNE-47-AER_100vW_100SPD.npy
/home/rrekikdi/Bureau/postdoc/pseudo_image/images_npy_ms1/2023_03_14_Validation_LOTS-44-45-46-47_123-KLEPNE_KLEQUA-100vW_zSWATH_100SPD/KLEPNE-47-ANA_100vW_100SPD.npy,KLEPNE-47-ANA_100vW_100SPD,KLEPNE,KLEPNE,47,Klebsiella pneumoniae,Klebsiella pneumoniae,CLASSE,/home/rrekikdi/Bureau/postdoc/pseudo_image/ms1_processed_11classes/Klebsiella pneumoniae/KLEPNE-47-ANA_100vW_100SPD.npy
/home/rrekikdi/Bureau/postdoc/pseudo_image/images_npy_ms1/2023_03_14_Validation_LOTS-44-45-46-47_123-KLEPNE_KLEQUA-100vW_zSWATH_100SPD/KLEPNE-48-AER_100vW_100SPD.npy,KLEPNE-48-AER_100vW_100SPD,KLEPNE,KLEPNE,48,Klebsiella pneumoniae,Klebsiella pneumoniae,CLASSE,/home/rrekikdi/Bureau/postdoc/pseudo_image/ms1_processed_11classes/Klebsiella pneumoniae/KLEPNE-48-AER_100vW_100SPD.npy
/home/rrekikdi/Bureau/postdoc/pseudo_image/images_npy_ms1/2023_03_14_Validation_LOTS-44-45-46-47_123-KLEPNE_KLEQUA-100vW_zSWATH_100SPD/KLEPNE-48-ANA_100vW_100SPD.npy,KLEPNE-48-ANA_100vW_100SPD,KLEPNE,KLEPNE,48,Klebsiella pneumoniae,Klebsiella pneumoniae,CLASSE,/home/rrekikdi/Bureau/postdoc/pseudo_image/ms1_processed_11classes/Klebsiella pneumoniae/KLEPNE-48-ANA_100vW_100SPD.npy
/home/rrekikdi/Bureau/postdoc/pseudo_image/images_npy_ms1/2023_03_14_Validation_LOTS-44-45-46-47_123-KLEPNE_KLEQUA-100vW_zSWATH_100SPD/KLEPNE-49-AER_100vW_100SPD.npy,KLEPNE-49-AER_100vW_100SPD,KLEPNE,KLEPNE,49,Klebsiella pneumoniae,Klebsiella pneumoniae,CLASSE,/home/rrekikdi/Bureau/postdoc/pseudo_image/ms1_processed_11classes/Klebsiella pneumoniae/KLEPNE-49-AER_100vW_100SPD.npy
/home/rrekikdi/Bureau/postdoc/pseudo_image/images_npy_ms1/2023_03_14_Validation_LOTS-44-45-46-47_123-KLEPNE_KLEQUA-100vW_zSWATH_100SPD/KLEPNE-49-ANA_100vW_100SPD.npy,KLEPNE-49-ANA_100vW_100SPD,KLEPNE,KLEPNE,49,Klebsiella pneumoniae,Klebsiella pneumoniae,CLASSE,/home/rrekikdi/Bureau/postdoc/pseudo_image/ms1_processed_11classes/Klebsiella pneumoniae/KLEPNE-49-ANA_100vW_100SPD.npy
/home/rrekikdi/Bureau/postdoc/pseudo_image/images_npy_ms1/2023_03_14_Validation_LOTS-44-45-46-47_123-KLEPNE_KLEQUA-100vW_zSWATH_100SPD/KLEPNE-50-AER_100vW_100SPD.npy,KLEPNE-50-AER_100vW_100SPD,KLEPNE,KLEPNE,50,Klebsiella pneumoniae,Klebsiella pneumoniae,CLASSE,/home/rrekikdi/Bureau/postdoc/pseudo_image/ms1_processed_11classes/Klebsiella pneumoniae/KLEPNE-50-AER_100vW_100SPD.npy
/home/rrekikdi/Bureau/postdoc/pseudo_image/images_npy_ms1/2023_03_14_Validation_LOTS-44-45-46-47_123-KLEPNE_KLEQUA-100vW_zSWATH_100SPD/KLEPNE-50-ANA_100vW_100SPD.npy,KLEPNE-50-ANA_100vW_100SPD,KLEPNE,KLEPNE,50,Klebsiella pneumoniae,Klebsiella pneumoniae,CLASSE,/home/rrekikdi/Bureau/postdoc/pseudo_image/ms1_processed_11classes/Klebsiella pneumoniae/KLEPNE-50-ANA_100vW_100SPD.npy
/home/rrekikdi/Bureau/postdoc/pseudo_image/images_npy_ms1/2023_03_14_Validation_LOTS-44-45-46-47_123-KLEPNE_KLEQUA-100vW_zSWATH_100SPD/KLEPNE-53-AER_100vW_100SPD.npy,KLEPNE-53-AER_100vW_100SPD,KLEPNE,KLEPNE,53,Klebsiella pneumoniae,Klebsiella pneumoniae,CLASSE,/home/rrekikdi/Bureau/postdoc/pseudo_image/ms1_processed_11classes/Klebsiella pneumoniae/KLEPNE-53-AER_100vW_100SPD.npy
/home/rrekikdi/Bureau/postdoc/pseudo_image/images_npy_ms1/2023_03_14_Validation_LOTS-44-45-46-47_123-KLEPNE_KLEQUA-100vW_zSWATH_100SPD/KLEPNE-53-ANA_100vW_100SPD.npy,KLEPNE-53-ANA_100vW_100SPD,KLEPNE,KLEPNE,53,Klebsiella pneumoniae,Klebsiella pneumoniae,CLASSE,/home/rrekikdi/Bureau/postdoc/pseudo_image/ms1_processed_11classes/Klebsiella pneumoniae/KLEPNE-53-ANA_100vW_100SPD.npy
/home/rrekikdi/Bureau/postdoc/pseudo_image/images_npy_ms1/2023_03_14_Validation_LOTS-44-45-46-47_123-KLEPNE_KLEQUA-100vW_zSWATH_100SPD/KLEPNE-58-AER_100vW_100SPD.npy,KLEPNE-58-AER_100vW_100SPD,KLEPNE,KLEPNE,58,Klebsiella pneumoniae,Klebsiella pneumoniae,CLASSE,/home/rrekikdi/Bureau/postdoc/pseudo_image/ms1_processed_11classes/Klebsiella pneumoniae/KLEPNE-58-AER_100vW_100SPD.npy
/home/rrekikdi/Bureau/postdoc/pseudo_image/images_npy_ms1/2023_03_14_Validation_LOTS-44-45-46-47_123-KLEPNE_KLEQUA-100vW_zSWATH_100SPD/KLEPNE-58-ANA_100vW_100SPD.npy,KLEPNE-58-ANA_100vW_100SPD,KLEPNE,KLEPNE,58,Klebsiella pneumoniae,Klebsiella pneumoniae,CLASSE,/home/rrekikdi/Bureau/postdoc/pseudo_image/ms1_processed_11classes/Klebsiella pneumoniae/KLEPNE-58-ANA_100vW_100SPD.npy
/home/rrekikdi/Bureau/postdoc/pseudo_image/images_npy_ms1/2023_03_14_Validation_LOTS-44-45-46-47_123-KLEPNE_KLEQUA-100vW_zSWATH_100SPD/KLEPNE-60-AER_100vW_100SPD.npy,KLEPNE-60-AER_100vW_100SPD,KLEPNE,KLEPNE,60,Klebsiella pneumoniae,Klebsiella pneumoniae,CLASSE,/home/rrekikdi/Bureau/postdoc/pseudo_image/ms1_processed_11classes/Klebsiella pneumoniae/KLEPNE-60-AER_100vW_100SPD.npy
/home/rrekikdi/Bureau/postdoc/pseudo_image/images_npy_ms1/2023_03_14_Validation_LOTS-44-45-46-47_123-KLEPNE_KLEQUA-100vW_zSWATH_100SPD/KLEPNE-60-ANA_100vW_100SPD.npy,KLEPNE-60-ANA_100vW_100SPD,KLEPNE,KLEPNE,60,Klebsiella pneumoniae,Klebsiella pneumoniae,CLASSE,/home/rrekikdi/Bureau/postdoc/pseudo_image/ms1_processed_11classes/Klebsiella pneumoniae/KLEPNE-60-ANA_100vW_100SPD.npy
/home/rrekikdi/Bureau/postdoc/pseudo_image/images_npy_ms1/2023_03_14_Validation_LOTS-44-45-46-47_123-KLEPNE_KLEQUA-100vW_zSWATH_100SPD/KLEPNE-61-AER_100vW_100SPD.npy,KLEPNE-61-AER_100vW_100SPD,KLEPNE,KLEPNE,61,Klebsiella pneumoniae,Klebsiella pneumoniae,CLASSE,/home/rrekikdi/Bureau/postdoc/pseudo_image/ms1_processed_11classes/Klebsiella pneumoniae/KLEPNE-61-AER_100vW_100SPD.npy
/home/rrekikdi/Bureau/postdoc/pseudo_image/images_npy_ms1/2023_03_14_Validation_LOTS-44-45-46-47_123-KLEPNE_KLEQUA-100vW_zSWATH_100SPD/KLEPNE-61-ANA_100vW_100SPD.npy,KLEPNE-61-ANA_100vW_100SPD,KLEPNE,KLEPNE,61,Klebsiella pneumoniae,Klebsiella pneumoniae,CLASSE,/home/rrekikdi/Bureau/postdoc/pseudo_image/ms1_processed_11classes/Klebsiella pneumoniae/KLEPNE-61-ANA_100vW_100SPD.npy
/home/rrekikdi/Bureau/postdoc/pseudo_image/images_npy_ms1/2023_03_14_Validation_LOTS-44-45-46-47_123-KLEPNE_KLEQUA-100vW_zSWATH_100SPD/KLEPNE-62-AER_100vW_100SPD.npy,KLEPNE-62-AER_100vW_100SPD,KLEPNE,KLEPNE,62,Klebsiella pneumoniae,Klebsiella pneumoniae,CLASSE,/home/rrekikdi/Bureau/postdoc/pseudo_image/ms1_processed_11classes/Klebsiella pneumoniae/KLEPNE-62-AER_100vW_100SPD.npy
/home/rrekikdi/Bureau/postdoc/pseudo_image/images_npy_ms1/2023_03_14_Validation_LOTS-44-45-46-47_123-KLEPNE_KLEQUA-100vW_zSWATH_100SPD/KLEPNE-62-ANA_100vW_100SPD.npy,KLEPNE-62-ANA_100vW_100SPD,KLEPNE,KLEPNE,62,Klebsiella pneumoniae,Klebsiella pneumoniae,CLASSE,/home/rrekikdi/Bureau/postdoc/pseudo_image/ms1_processed_11classes/Klebsiella pneumoniae/KLEPNE-62-ANA_100vW_100SPD.npy
/home/rrekikdi/Bureau/postdoc/pseudo_image/images_npy_ms1/2023_03_14_Validation_LOTS-44-45-46-47_123-KLEPNE_KLEQUA-100vW_zSWATH_100SPD/KLEPNE-71-AER_100vW_100SPD.npy,KLEPNE-71-AER_100vW_100SPD,KLEPNE,KLEPNE,71,Klebsiella pneumoniae,Klebsiella pneumoniae,CLASSE,/home/rrekikdi/Bureau/postdoc/pseudo_image/ms1_processed_11classes/Klebsiella pneumoniae/KLEPNE-71-AER_100vW_100SPD.npy
/home/rrekikdi/Bureau/postdoc/pseudo_image/images_npy_ms1/2023_03_14_Validation_LOTS-44-45-46-47_123-KLEPNE_KLEQUA-100vW_zSWATH_100SPD/KLEPNE-71-ANA_100vW_100SPD.npy,KLEPNE-71-ANA_100vW_100SPD,KLEPNE,KLEPNE,71,Klebsiella pneumoniae,Klebsiella pneumoniae,CLASSE,/home/rrekikdi/Bureau/postdoc/pseudo_image/ms1_processed_11classes/Klebsiella pneumoniae/KLEPNE-71-ANA_100vW_100SPD.npy
/home/rrekikdi/Bureau/postdoc/pseudo_image/images_npy_ms1/2023_03_14_Validation_LOTS-44-45-46-47_123-KLEPNE_KLEQUA-100vW_zSWATH_100SPD/KLEPNE-72-AER_100vW_100SPD.npy,KLEPNE-72-AER_100vW_100SPD,KLEPNE,KLEPNE,72,Klebsiella pneumoniae,Klebsiella pneumoniae,CLASSE,/home/rrekikdi/Bureau/postdoc/pseudo_image/ms1_processed_11classes/Klebsiella pneumoniae/KLEPNE-72-AER_100vW_100SPD.npy
/home/rrekikdi/Bureau/postdoc/pseudo_image/images_npy_ms1/2023_03_14_Validation_LOTS-44-45-46-47_123-KLEPNE_KLEQUA-100vW_zSWATH_100SPD/KLEPNE-72-ANA_100vW_100SPD.npy,KLEPNE-72-ANA_100vW_100SPD,KLEPNE,KLEPNE,72,Klebsiella pneumoniae,Klebsiella pneumoniae,CLASSE,/home/rrekikdi/Bureau/postdoc/pseudo_image/ms1_processed_11classes/Klebsiella pneumoniae/KLEPNE-72-ANA_100vW_100SPD.npy
/home/rrekikdi/Bureau/postdoc/pseudo_image/images_npy_ms1/2023_03_14_Validation_LOTS-44-45-46-47_123-KLEPNE_KLEQUA-100vW_zSWATH_100SPD/KLEQUA-11-AER_100vW_100SPD.npy,KLEQUA-11-AER_100vW_100SPD,KLEQUA,KLEQUA,11,Klebsiella quasipneumoniae similipneumoniae,Klebsiella quasipneumoniae,CLASSE,/home/rrekikdi/Bureau/postdoc/pseudo_image/ms1_processed_11classes/Klebsiella quasipneumoniae/KLEQUA-11-AER_100vW_100SPD.npy
/home/rrekikdi/Bureau/postdoc/pseudo_image/images_npy_ms1/2023_03_14_Validation_LOTS-44-45-46-47_123-KLEPNE_KLEQUA-100vW_zSWATH_100SPD/KLEQUA-11-ANA_100vW_100SPD.npy,KLEQUA-11-ANA_100vW_100SPD,KLEQUA,KLEQUA,11,Klebsiella quasipneumoniae similipneumoniae,Klebsiella quasipneumoniae,CLASSE,/home/rrekikdi/Bureau/postdoc/pseudo_image/ms1_processed_11classes/Klebsiella quasipneumoniae/KLEQUA-11-ANA_100vW_100SPD.npy
/home/rrekikdi/Bureau/postdoc/pseudo_image/images_npy_ms1/2023_03_14_Validation_LOTS-44-45-46-47_123-KLEPNE_KLEQUA-100vW_zSWATH_100SPD/KLEQUA-5-AER_100vW_100SPD.npy,KLEQUA-5-AER_100vW_100SPD,KLEQUA,KLEQUA,5,Klebsiella quasipneumoniae similipneumoniae,Klebsiella quasipneumoniae,CLASSE,/home/rrekikdi/Bureau/postdoc/pseudo_image/ms1_processed_11classes/Klebsiella quasipneumoniae/KLEQUA-5-AER_100vW_100SPD.npy
/home/rrekikdi/Bureau/postdoc/pseudo_image/images_npy_ms1/2023_03_14_Validation_LOTS-44-45-46-47_123-KLEPNE_KLEQUA-100vW_zSWATH_100SPD/KLEQUA-5-ANA_100vW_100SPD.npy,KLEQUA-5-ANA_100vW_100SPD,KLEQUA,KLEQUA,5,Klebsiella quasipneumoniae similipneumoniae,Klebsiella quasipneumoniae,CLASSE,/home/rrekikdi/Bureau/postdoc/pseudo_image/ms1_processed_11classes/Klebsiella quasipneumoniae/KLEQUA-5-ANA_100vW_100SPD.npy
/home/rrekikdi/Bureau/postdoc/pseudo_image/images_npy_ms1/2023_03_14_Validation_LOTS-44-45-46-47_123-KLEPNE_KLEQUA-100vW_zSWATH_100SPD/KLEQUA-8-AER_100vW_100SPD.npy,KLEQUA-8-AER_100vW_100SPD,KLEQUA,KLEQUA,8,Klebsiella quasipneumoniae similipneumoniae,Klebsiella quasipneumoniae,CLASSE,/home/rrekikdi/Bureau/postdoc/pseudo_image/ms1_processed_11classes/Klebsiella quasipneumoniae/KLEQUA-8-AER_100vW_100SPD.npy
/home/rrekikdi/Bureau/postdoc/pseudo_image/images_npy_ms1/2023_03_14_Validation_LOTS-44-45-46-47_123-KLEPNE_KLEQUA-100vW_zSWATH_100SPD/KLEQUA-8-ANA_100vW_100SPD.npy,KLEQUA-8-ANA_100vW_100SPD,KLEQUA,KLEQUA,8,Klebsiella quasipneumoniae similipneumoniae,Klebsiella quasipneumoniae,CLASSE,/home/rrekikdi/Bureau/postdoc/pseudo_image/ms1_processed_11classes/Klebsiella quasipneumoniae/KLEQUA-8-ANA_100vW_100SPD.npy
/home/rrekikdi/Bureau/postdoc/pseudo_image/images_npy_ms1/2023_03_27_Validation_LOTS-51-52-53_KLEPNE_KLEQUA_KLEVAR_MORMOG_PRTMIR-100vW_zSWATH_100SPD/KLEPNE-100-AER_100vW_100SPD.npy,KLEPNE-100-AER_100vW_100SPD,KLEPNE,KLEPNE,100,Klebsiella pneumoniae,Klebsiella pneumoniae,CLASSE,/home/rrekikdi/Bureau/postdoc/pseudo_image/ms1_processed_11classes/Klebsiella pneumoniae/KLEPNE-100-AER_100vW_100SPD.npy
/home/rrekikdi/Bureau/postdoc/pseudo_image/images_npy_ms1/2023_03_27_Validation_LOTS-51-52-53_KLEPNE_KLEQUA_KLEVAR_MORMOG_PRTMIR-100vW_zSWATH_100SPD/KLEPNE-100-ANA_100vW_100SPD.npy,KLEPNE-100-ANA_100vW_100SPD,KLEPNE,KLEPNE,100,Klebsiella pneumoniae,Klebsiella pneumoniae,CLASSE,/home/rrekikdi/Bureau/postdoc/pseudo_image/ms1_processed_11classes/Klebsiella pneumoniae/KLEPNE-100-ANA_100vW_100SPD.npy
/home/rrekikdi/Bureau/postdoc/pseudo_image/images_npy_ms1/2023_03_27_Validation_LOTS-51-52-53_KLEPNE_KLEQUA_KLEVAR_MORMOG_PRTMIR-100vW_zSWATH_100SPD/KLEPNE-102-AER_100vW_100SPD.npy,KLEPNE-102-AER_100vW_100SPD,KLEPNE,KLEPNE,102,Klebsiella pneumoniae,Klebsiella pneumoniae,CLASSE,/home/rrekikdi/Bureau/postdoc/pseudo_image/ms1_processed_11classes/Klebsiella pneumoniae/KLEPNE-102-AER_100vW_100SPD.npy
/home/rrekikdi/Bureau/postdoc/pseudo_image/images_npy_ms1/2023_03_27_Validation_LOTS-51-52-53_KLEPNE_KLEQUA_KLEVAR_MORMOG_PRTMIR-100vW_zSWATH_100SPD/KLEPNE-102-ANA_100vW_100SPD.npy,KLEPNE-102-ANA_100vW_100SPD,KLEPNE,KLEPNE,102,Klebsiella pneumoniae,Klebsiella pneumoniae,CLASSE,/home/rrekikdi/Bureau/postdoc/pseudo_image/ms1_processed_11classes/Klebsiella pneumoniae/KLEPNE-102-ANA_100vW_100SPD.npy
/home/rrekikdi/Bureau/postdoc/pseudo_image/images_npy_ms1/2023_03_27_Validation_LOTS-51-52-53_KLEPNE_KLEQUA_KLEVAR_MORMOG_PRTMIR-100vW_zSWATH_100SPD/KLEPNE-103-AER_100vW_100SPD.npy,KLEPNE-103-AER_100vW_100SPD,KLEPNE,KLEPNE,103,Klebsiella pneumoniae,Klebsiella pneumoniae,CLASSE,/home/rrekikdi/Bureau/postdoc/pseudo_image/ms1_processed_11classes/Klebsiella pneumoniae/KLEPNE-103-AER_100vW_100SPD.npy
/home/rrekikdi/Bureau/postdoc/pseudo_image/images_npy_ms1/2023_03_27_Validation_LOTS-51-52-53_KLEPNE_KLEQUA_KLEVAR_MORMOG_PRTMIR-100vW_zSWATH_100SPD/KLEPNE-103-ANA_100vW_100SPD.npy,KLEPNE-103-ANA_100vW_100SPD,KLEPNE,KLEPNE,103,Klebsiella pneumoniae,Klebsiella pneumoniae,CLASSE,/home/rrekikdi/Bureau/postdoc/pseudo_image/ms1_processed_11classes/Klebsiella pneumoniae/KLEPNE-103-ANA_100vW_100SPD.npy
/home/rrekikdi/Bureau/postdoc/pseudo_image/images_npy_ms1/2023_03_27_Validation_LOTS-51-52-53_KLEPNE_KLEQUA_KLEVAR_MORMOG_PRTMIR-100vW_zSWATH_100SPD/KLEPNE-105-AER_100vW_100SPD.npy,KLEPNE-105-AER_100vW_100SPD,KLEPNE,KLEPNE,105,Klebsiella pneumoniae,Klebsiella pneumoniae,CLASSE,/home/rrekikdi/Bureau/postdoc/pseudo_image/ms1_processed_11classes/Klebsiella pneumoniae/KLEPNE-105-AER_100vW_100SPD.npy
/home/rrekikdi/Bureau/postdoc/pseudo_image/images_npy_ms1/2023_03_27_Validation_LOTS-51-52-53_KLEPNE_KLEQUA_KLEVAR_MORMOG_PRTMIR-100vW_zSWATH_100SPD/KLEPNE-105-ANA_100vW_100SPD.npy,KLEPNE-105-ANA_100vW_100SPD,KLEPNE,KLEPNE,105,Klebsiella pneumoniae,Klebsiella pneumoniae,CLASSE,/home/rrekikdi/Bureau/postdoc/pseudo_image/ms1_processed_11classes/Klebsiella pneumoniae/KLEPNE-105-ANA_100vW_100SPD.npy
/home/rrekikdi/Bureau/postdoc/pseudo_image/images_npy_ms1/2023_03_27_Validation_LOTS-51-52-53_KLEPNE_KLEQUA_KLEVAR_MORMOG_PRTMIR-100vW_zSWATH_100SPD/KLEPNE-106-AER_100vW_100SPD.npy,KLEPNE-106-AER_100vW_100SPD,KLEPNE,KLEPNE,106,Klebsiella pneumoniae,Klebsiella pneumoniae,CLASSE,/home/rrekikdi/Bureau/postdoc/pseudo_image/ms1_processed_11classes/Klebsiella pneumoniae/KLEPNE-106-AER_100vW_100SPD.npy
/home/rrekikdi/Bureau/postdoc/pseudo_image/images_npy_ms1/2023_03_27_Validation_LOTS-51-52-53_KLEPNE_KLEQUA_KLEVAR_MORMOG_PRTMIR-100vW_zSWATH_100SPD/KLEPNE-106-ANA_100vW_100SPD.npy,KLEPNE-106-ANA_100vW_100SPD,KLEPNE,KLEPNE,106,Klebsiella pneumoniae,Klebsiella pneumoniae,CLASSE,/home/rrekikdi/Bureau/postdoc/pseudo_image/ms1_processed_11classes/Klebsiella pneumoniae/KLEPNE-106-ANA_100vW_100SPD.npy
/home/rrekikdi/Bureau/postdoc/pseudo_image/images_npy_ms1/2023_03_27_Validation_LOTS-51-52-53_KLEPNE_KLEQUA_KLEVAR_MORMOG_PRTMIR-100vW_zSWATH_100SPD/KLEPNE-108-AER_100vW_100SPD.npy,KLEPNE-108-AER_100vW_100SPD,KLEPNE,KLEPNE,108,Klebsiella pneumoniae,Klebsiella pneumoniae,CLASSE,/home/rrekikdi/Bureau/postdoc/pseudo_image/ms1_processed_11classes/Klebsiella pneumoniae/KLEPNE-108-AER_100vW_100SPD.npy
/home/rrekikdi/Bureau/postdoc/pseudo_image/images_npy_ms1/2023_03_27_Validation_LOTS-51-52-53_KLEPNE_KLEQUA_KLEVAR_MORMOG_PRTMIR-100vW_zSWATH_100SPD/KLEPNE-108-ANA_100vW_100SPD.npy,KLEPNE-108-ANA_100vW_100SPD,KLEPNE,KLEPNE,108,Klebsiella pneumoniae,Klebsiella pneumoniae,CLASSE,/home/rrekikdi/Bureau/postdoc/pseudo_image/ms1_processed_11classes/Klebsiella pneumoniae/KLEPNE-108-ANA_100vW_100SPD.npy
/home/rrekikdi/Bureau/postdoc/pseudo_image/images_npy_ms1/2023_03_27_Validation_LOTS-51-52-53_KLEPNE_KLEQUA_KLEVAR_MORMOG_PRTMIR-100vW_zSWATH_100SPD/KLEPNE-109-AER_100vW_100SPD.npy,KLEPNE-109-AER_100vW_100SPD,KLEPNE,KLEPNE,109,Klebsiella pneumoniae,Klebsiella pneumoniae,CLASSE,/home/rrekikdi/Bureau/postdoc/pseudo_image/ms1_processed_11classes/Klebsiella pneumoniae/KLEPNE-109-AER_100vW_100SPD.npy
/home/rrekikdi/Bureau/postdoc/pseudo_image/images_npy_ms1/2023_03_27_Validation_LOTS-51-52-53_KLEPNE_KLEQUA_KLEVAR_MORMOG_PRTMIR-100vW_zSWATH_100SPD/KLEPNE-109-ANA_100vW_100SPD.npy,KLEPNE-109-ANA_100vW_100SPD,KLEPNE,KLEPNE,109,Klebsiella pneumoniae,Klebsiella pneumoniae,CLASSE,/home/rrekikdi/Bureau/postdoc/pseudo_image/ms1_processed_11classes/Klebsiella pneumoniae/KLEPNE-109-ANA_100vW_100SPD.npy
/home/rrekikdi/Bureau/postdoc/pseudo_image/images_npy_ms1/2023_03_27_Validation_LOTS-51-52-53_KLEPNE_KLEQUA_KLEVAR_MORMOG_PRTMIR-100vW_zSWATH_100SPD/KLEPNE-113-AER_100vW_100SPD.npy,KLEPNE-113-AER_100vW_100SPD,KLEPNE,KLEPNE,113,Klebsiella pneumoniae,Klebsiella pneumoniae,CLASSE,/home/rrekikdi/Bureau/postdoc/pseudo_image/ms1_processed_11classes/Klebsiella pneumoniae/KLEPNE-113-AER_100vW_100SPD.npy
/home/rrekikdi/Bureau/postdoc/pseudo_image/images_npy_ms1/2023_03_27_Validation_LOTS-51-52-53_KLEPNE_KLEQUA_KLEVAR_MORMOG_PRTMIR-100vW_zSWATH_100SPD/KLEPNE-113-ANA_100vW_100SPD.npy,KLEPNE-113-ANA_100vW_100SPD,KLEPNE,KLEPNE,113,Klebsiella pneumoniae,Klebsiella pneumoniae,CLASSE,/home/rrekikdi/Bureau/postdoc/pseudo_image/ms1_processed_11classes/Klebsiella pneumoniae/KLEPNE-113-ANA_100vW_100SPD.npy
/home/rrekikdi/Bureau/postdoc/pseudo_image/images_npy_ms1/2023_03_27_Validation_LOTS-51-52-53_KLEPNE_KLEQUA_KLEVAR_MORMOG_PRTMIR-100vW_zSWATH_100SPD/KLEPNE-114-AER_100vW_100SPD.npy,KLEPNE-114-AER_100vW_100SPD,KLEPNE,KLEPNE,114,Klebsiella pneumoniae,Klebsiella pneumoniae,CLASSE,/home/rrekikdi/Bureau/postdoc/pseudo_image/ms1_processed_11classes/Klebsiella pneumoniae/KLEPNE-114-AER_100vW_100SPD.npy
/home/rrekikdi/Bureau/postdoc/pseudo_image/images_npy_ms1/2023_03_27_Validation_LOTS-51-52-53_KLEPNE_KLEQUA_KLEVAR_MORMOG_PRTMIR-100vW_zSWATH_100SPD/KLEPNE-114-ANA_100vW_100SPD.npy,KLEPNE-114-ANA_100vW_100SPD,KLEPNE,KLEPNE,114,Klebsiella pneumoniae,Klebsiella pneumoniae,CLASSE,/home/rrekikdi/Bureau/postdoc/pseudo_image/ms1_processed_11classes/Klebsiella pneumoniae/KLEPNE-114-ANA_100vW_100SPD.npy
/home/rrekikdi/Bureau/postdoc/pseudo_image/images_npy_ms1/2023_03_27_Validation_LOTS-51-52-53_KLEPNE_KLEQUA_KLEVAR_MORMOG_PRTMIR-100vW_zSWATH_100SPD/KLEPNE-115-AER_100vW_100SPD.npy,KLEPNE-115-AER_100vW_100SPD,KLEPNE,KLEPNE,115,Klebsiella pneumoniae,Klebsiella pneumoniae,CLASSE,/home/rrekikdi/Bureau/postdoc/pseudo_image/ms1_processed_11classes/Klebsiella pneumoniae/KLEPNE-115-AER_100vW_100SPD.npy
/home/rrekikdi/Bureau/postdoc/pseudo_image/images_npy_ms1/2023_03_27_Validation_LOTS-51-52-53_KLEPNE_KLEQUA_KLEVAR_MORMOG_PRTMIR-100vW_zSWATH_100SPD/KLEPNE-115-ANA_100vW_100SPD.npy,KLEPNE-115-ANA_100vW_100SPD,KLEPNE,KLEPNE,115,Klebsiella pneumoniae,Klebsiella pneumoniae,CLASSE,/home/rrekikdi/Bureau/postdoc/pseudo_image/ms1_processed_11classes/Klebsiella pneumoniae/KLEPNE-115-ANA_100vW_100SPD.npy
/home/rrekikdi/Bureau/postdoc/pseudo_image/images_npy_ms1/2023_03_27_Validation_LOTS-51-52-53_KLEPNE_KLEQUA_KLEVAR_MORMOG_PRTMIR-100vW_zSWATH_100SPD/KLEPNE-116-AER_100vW_100SPD.npy,KLEPNE-116-AER_100vW_100SPD,KLEPNE,KLEPNE,116,Klebsiella pneumoniae,Klebsiella pneumoniae,CLASSE,/home/rrekikdi/Bureau/postdoc/pseudo_image/ms1_processed_11classes/Klebsiella pneumoniae/KLEPNE-116-AER_100vW_100SPD.npy
/home/rrekikdi/Bureau/postdoc/pseudo_image/images_npy_ms1/2023_03_27_Validation_LOTS-51-52-53_KLEPNE_KLEQUA_KLEVAR_MORMOG_PRTMIR-100vW_zSWATH_100SPD/KLEPNE-116-ANA_100vW_100SPD.npy,KLEPNE-116-ANA_100vW_100SPD,KLEPNE,KLEPNE,116,Klebsiella pneumoniae,Klebsiella pneumoniae,CLASSE,/home/rrekikdi/Bureau/postdoc/pseudo_image/ms1_processed_11classes/Klebsiella pneumoniae/KLEPNE-116-ANA_100vW_100SPD.npy
/home/rrekikdi/Bureau/postdoc/pseudo_image/images_npy_ms1/2023_03_27_Validation_LOTS-51-52-53_KLEPNE_KLEQUA_KLEVAR_MORMOG_PRTMIR-100vW_zSWATH_100SPD/KLEPNE-119-AER_100vW_100SPD.npy,KLEPNE-119-AER_100vW_100SPD,KLEPNE,KLEPNE,119,Klebsiella pneumoniae,Klebsiella pneumoniae,CLASSE,/home/rrekikdi/Bureau/postdoc/pseudo_image/ms1_processed_11classes/Klebsiella pneumoniae/KLEPNE-119-AER_100vW_100SPD.npy
/home/rrekikdi/Bureau/postdoc/pseudo_image/images_npy_ms1/2023_03_27_Validation_LOTS-51-52-53_KLEPNE_KLEQUA_KLEVAR_MORMOG_PRTMIR-100vW_zSWATH_100SPD/KLEPNE-119-ANA_100vW_100SPD.npy,KLEPNE-119-ANA_100vW_100SPD,KLEPNE,KLEPNE,119,Klebsiella pneumoniae,Klebsiella pneumoniae,CLASSE,/home/rrekikdi/Bureau/postdoc/pseudo_image/ms1_processed_11classes/Klebsiella pneumoniae/KLEPNE-119-ANA_100vW_100SPD.npy
/home/rrekikdi/Bureau/postdoc/pseudo_image/images_npy_ms1/2023_03_27_Validation_LOTS-51-52-53_KLEPNE_KLEQUA_KLEVAR_MORMOG_PRTMIR-100vW_zSWATH_100SPD/KLEPNE-81-AER_100vW_100SPD.npy,KLEPNE-81-AER_100vW_100SPD,KLEPNE,KLEPNE,81,Klebsiella pneumoniae,Klebsiella pneumoniae,CLASSE,/home/rrekikdi/Bureau/postdoc/pseudo_image/ms1_processed_11classes/Klebsiella pneumoniae/KLEPNE-81-AER_100vW_100SPD.npy
/home/rrekikdi/Bureau/postdoc/pseudo_image/images_npy_ms1/2023_03_27_Validation_LOTS-51-52-53_KLEPNE_KLEQUA_KLEVAR_MORMOG_PRTMIR-100vW_zSWATH_100SPD/KLEPNE-81-ANA_100vW_100SPD.npy,KLEPNE-81-ANA_100vW_100SPD,KLEPNE,KLEPNE,81,Klebsiella pneumoniae,Klebsiella pneumoniae,CLASSE,/home/rrekikdi/Bureau/postdoc/pseudo_image/ms1_processed_11classes/Klebsiella pneumoniae/KLEPNE-81-ANA_100vW_100SPD.npy
/home/rrekikdi/Bureau/postdoc/pseudo_image/images_npy_ms1/2023_03_27_Validation_LOTS-51-52-53_KLEPNE_KLEQUA_KLEVAR_MORMOG_PRTMIR-100vW_zSWATH_100SPD/KLEPNE-87-AER_100vW_100SPD.npy,KLEPNE-87-AER_100vW_100SPD,KLEPNE,KLEPNE,87,Klebsiella pneumoniae,Klebsiella pneumoniae,CLASSE,/home/rrekikdi/Bureau/postdoc/pseudo_image/ms1_processed_11classes/Klebsiella pneumoniae/KLEPNE-87-AER_100vW_100SPD.npy
/home/rrekikdi/Bureau/postdoc/pseudo_image/images_npy_ms1/2023_03_27_Validation_LOTS-51-52-53_KLEPNE_KLEQUA_KLEVAR_MORMOG_PRTMIR-100vW_zSWATH_100SPD/KLEPNE-87-ANA_100vW_100SPD.npy,KLEPNE-87-ANA_100vW_100SPD,KLEPNE,KLEPNE,87,Klebsiella pneumoniae,Klebsiella pneumoniae,CLASSE,/home/rrekikdi/Bureau/postdoc/pseudo_image/ms1_processed_11classes/Klebsiella pneumoniae/KLEPNE-87-ANA_100vW_100SPD.npy
/home/rrekikdi/Bureau/postdoc/pseudo_image/images_npy_ms1/2023_03_27_Validation_LOTS-51-52-53_KLEPNE_KLEQUA_KLEVAR_MORMOG_PRTMIR-100vW_zSWATH_100SPD/KLEPNE-88-AER_100vW_100SPD.npy,KLEPNE-88-AER_100vW_100SPD,KLEPNE,KLEPNE,88,Klebsiella pneumoniae,Klebsiella pneumoniae,CLASSE,/home/rrekikdi/Bureau/postdoc/pseudo_image/ms1_processed_11classes/Klebsiella pneumoniae/KLEPNE-88-AER_100vW_100SPD.npy
/home/rrekikdi/Bureau/postdoc/pseudo_image/images_npy_ms1/2023_03_27_Validation_LOTS-51-52-53_KLEPNE_KLEQUA_KLEVAR_MORMOG_PRTMIR-100vW_zSWATH_100SPD/KLEPNE-88-ANA_100vW_100SPD.npy,KLEPNE-88-ANA_100vW_100SPD,KLEPNE,KLEPNE,88,Klebsiella pneumoniae,Klebsiella pneumoniae,CLASSE,/home/rrekikdi/Bureau/postdoc/pseudo_image/ms1_processed_11classes/Klebsiella pneumoniae/KLEPNE-88-ANA_100vW_100SPD.npy
/home/rrekikdi/Bureau/postdoc/pseudo_image/images_npy_ms1/2023_03_27_Validation_LOTS-51-52-53_KLEPNE_KLEQUA_KLEVAR_MORMOG_PRTMIR-100vW_zSWATH_100SPD/KLEPNE-89-AER_100vW_100SPD.npy,KLEPNE-89-AER_100vW_100SPD,KLEPNE,KLEPNE,89,Klebsiella pneumoniae,Klebsiella pneumoniae,CLASSE,/home/rrekikdi/Bureau/postdoc/pseudo_image/ms1_processed_11classes/Klebsiella pneumoniae/KLEPNE-89-AER_100vW_100SPD.npy
/home/rrekikdi/Bureau/postdoc/pseudo_image/images_npy_ms1/2023_03_27_Validation_LOTS-51-52-53_KLEPNE_KLEQUA_KLEVAR_MORMOG_PRTMIR-100vW_zSWATH_100SPD/KLEPNE-89-ANA_100vW_100SPD.npy,KLEPNE-89-ANA_100vW_100SPD,KLEPNE,KLEPNE,89,Klebsiella pneumoniae,Klebsiella pneumoniae,CLASSE,/home/rrekikdi/Bureau/postdoc/pseudo_image/ms1_processed_11classes/Klebsiella pneumoniae/KLEPNE-89-ANA_100vW_100SPD.npy
/home/rrekikdi/Bureau/postdoc/pseudo_image/images_npy_ms1/2023_03_27_Validation_LOTS-51-52-53_KLEPNE_KLEQUA_KLEVAR_MORMOG_PRTMIR-100vW_zSWATH_100SPD/KLEPNE-91-AER_100vW_100SPD.npy,KLEPNE-91-AER_100vW_100SPD,KLEPNE,KLEPNE,91,Klebsiella pneumoniae,Klebsiella pneumoniae,CLASSE,/home/rrekikdi/Bureau/postdoc/pseudo_image/ms1_processed_11classes/Klebsiella pneumoniae/KLEPNE-91-AER_100vW_100SPD.npy
/home/rrekikdi/Bureau/postdoc/pseudo_image/images_npy_ms1/2023_03_27_Validation_LOTS-51-52-53_KLEPNE_KLEQUA_KLEVAR_MORMOG_PRTMIR-100vW_zSWATH_100SPD/KLEPNE-91-ANA_100vW_100SPD.npy,KLEPNE-91-ANA_100vW_100SPD,KLEPNE,KLEPNE,91,Klebsiella pneumoniae,Klebsiella pneumoniae,CLASSE,/home/rrekikdi/Bureau/postdoc/pseudo_image/ms1_processed_11classes/Klebsiella pneumoniae/KLEPNE-91-ANA_100vW_100SPD.npy
/home/rrekikdi/Bureau/postdoc/pseudo_image/images_npy_ms1/2023_03_27_Validation_LOTS-51-52-53_KLEPNE_KLEQUA_KLEVAR_MORMOG_PRTMIR-100vW_zSWATH_100SPD/KLEPNE-92-AER_100vW_100SPD.npy,KLEPNE-92-AER_100vW_100SPD,KLEPNE,KLEPNE,92,Klebsiella pneumoniae,Klebsiella pneumoniae,CLASSE,/home/rrekikdi/Bureau/postdoc/pseudo_image/ms1_processed_11classes/Klebsiella pneumoniae/KLEPNE-92-AER_100vW_100SPD.npy
/home/rrekikdi/Bureau/postdoc/pseudo_image/images_npy_ms1/2023_03_27_Validation_LOTS-51-52-53_KLEPNE_KLEQUA_KLEVAR_MORMOG_PRTMIR-100vW_zSWATH_100SPD/KLEPNE-92-ANA_100vW_100SPD.npy,KLEPNE-92-ANA_100vW_100SPD,KLEPNE,KLEPNE,92,Klebsiella pneumoniae,Klebsiella pneumoniae,CLASSE,/home/rrekikdi/Bureau/postdoc/pseudo_image/ms1_processed_11classes/Klebsiella pneumoniae/KLEPNE-92-ANA_100vW_100SPD.npy
/home/rrekikdi/Bureau/postdoc/pseudo_image/images_npy_ms1/2023_03_27_Validation_LOTS-51-52-53_KLEPNE_KLEQUA_KLEVAR_MORMOG_PRTMIR-100vW_zSWATH_100SPD/KLEPNE-93-AER_100vW_100SPD.npy,KLEPNE-93-AER_100vW_100SPD,KLEPNE,KLEPNE,93,Klebsiella pneumoniae,Klebsiella pneumoniae,CLASSE,/home/rrekikdi/Bureau/postdoc/pseudo_image/ms1_processed_11classes/Klebsiella pneumoniae/KLEPNE-93-AER_100vW_100SPD.npy
/home/rrekikdi/Bureau/postdoc/pseudo_image/images_npy_ms1/2023_03_27_Validation_LOTS-51-52-53_KLEPNE_KLEQUA_KLEVAR_MORMOG_PRTMIR-100vW_zSWATH_100SPD/KLEPNE-93-ANA_100vW_100SPD.npy,KLEPNE-93-ANA_100vW_100SPD,KLEPNE,KLEPNE,93,Klebsiella pneumoniae,Klebsiella pneumoniae,CLASSE,/home/rrekikdi/Bureau/postdoc/pseudo_image/ms1_processed_11classes/Klebsiella pneumoniae/KLEPNE-93-ANA_100vW_100SPD.npy
/home/rrekikdi/Bureau/postdoc/pseudo_image/images_npy_ms1/2023_03_27_Validation_LOTS-51-52-53_KLEPNE_KLEQUA_KLEVAR_MORMOG_PRTMIR-100vW_zSWATH_100SPD/KLEPNE-94-AER_100vW_100SPD.npy,KLEPNE-94-AER_100vW_100SPD,KLEPNE,KLEPNE,94,Klebsiella pneumoniae,Klebsiella pneumoniae,CLASSE,/home/rrekikdi/Bureau/postdoc/pseudo_image/ms1_processed_11classes/Klebsiella pneumoniae/KLEPNE-94-AER_100vW_100SPD.npy
/home/rrekikdi/Bureau/postdoc/pseudo_image/images_npy_ms1/2023_03_27_Validation_LOTS-51-52-53_KLEPNE_KLEQUA_KLEVAR_MORMOG_PRTMIR-100vW_zSWATH_100SPD/KLEPNE-95-AER_100vW_100SPD.npy,KLEPNE-95-AER_100vW_100SPD,KLEPNE,KLEPNE,95,Klebsiella pneumoniae,Klebsiella pneumoniae,CLASSE,/home/rrekikdi/Bureau/postdoc/pseudo_image/ms1_processed_11classes/Klebsiella pneumoniae/KLEPNE-95-AER_100vW_100SPD.npy
/home/rrekikdi/Bureau/postdoc/pseudo_image/images_npy_ms1/2023_03_27_Validation_LOTS-51-52-53_KLEPNE_KLEQUA_KLEVAR_MORMOG_PRTMIR-100vW_zSWATH_100SPD/KLEPNE-95-ANA_100vW_100SPD.npy,KLEPNE-95-ANA_100vW_100SPD,KLEPNE,KLEPNE,95,Klebsiella pneumoniae,Klebsiella pneumoniae,CLASSE,/home/rrekikdi/Bureau/postdoc/pseudo_image/ms1_processed_11classes/Klebsiella pneumoniae/KLEPNE-95-ANA_100vW_100SPD.npy
/home/rrekikdi/Bureau/postdoc/pseudo_image/images_npy_ms1/2023_03_27_Validation_LOTS-51-52-53_KLEPNE_KLEQUA_KLEVAR_MORMOG_PRTMIR-100vW_zSWATH_100SPD/KLEPNE-98-AER_100vW_100SPD.npy,KLEPNE-98-AER_100vW_100SPD,KLEPNE,KLEPNE,98,Klebsiella pneumoniae,Klebsiella pneumoniae,CLASSE,/home/rrekikdi/Bureau/postdoc/pseudo_image/ms1_processed_11classes/Klebsiella pneumoniae/KLEPNE-98-AER_100vW_100SPD.npy
/home/rrekikdi/Bureau/postdoc/pseudo_image/images_npy_ms1/2023_03_27_Validation_LOTS-51-52-53_KLEPNE_KLEQUA_KLEVAR_MORMOG_PRTMIR-100vW_zSWATH_100SPD/KLEPNE-98-ANA_100vW_100SPD.npy,KLEPNE-98-ANA_100vW_100SPD,KLEPNE,KLEPNE,98,Klebsiella pneumoniae,Klebsiella pneumoniae,CLASSE,/home/rrekikdi/Bureau/postdoc/pseudo_image/ms1_processed_11classes/Klebsiella pneumoniae/KLEPNE-98-ANA_100vW_100SPD.npy
/home/rrekikdi/Bureau/postdoc/pseudo_image/images_npy_ms1/2023_03_27_Validation_LOTS-51-52-53_KLEPNE_KLEQUA_KLEVAR_MORMOG_PRTMIR-100vW_zSWATH_100SPD/KLEPNE-99-AER_100vW_100SPD.npy,KLEPNE-99-AER_100vW_100SPD,KLEPNE,KLEPNE,99,Klebsiella pneumoniae,Klebsiella pneumoniae,CLASSE,/home/rrekikdi/Bureau/postdoc/pseudo_image/ms1_processed_11classes/Klebsiella pneumoniae/KLEPNE-99-AER_100vW_100SPD.npy
/home/rrekikdi/Bureau/postdoc/pseudo_image/images_npy_ms1/2023_03_27_Validation_LOTS-51-52-53_KLEPNE_KLEQUA_KLEVAR_MORMOG_PRTMIR-100vW_zSWATH_100SPD/KLEPNE-99-ANA_100vW_100SPD.npy,KLEPNE-99-ANA_100vW_100SPD,KLEPNE,KLEPNE,99,Klebsiella pneumoniae,Klebsiella pneumoniae,CLASSE,/home/rrekikdi/Bureau/postdoc/pseudo_image/ms1_processed_11classes/Klebsiella pneumoniae/KLEPNE-99-ANA_100vW_100SPD.npy
/home/rrekikdi/Bureau/postdoc/pseudo_image/images_npy_ms1/2023_03_27_Validation_LOTS-51-52-53_KLEPNE_KLEQUA_KLEVAR_MORMOG_PRTMIR-100vW_zSWATH_100SPD/KLEQUA-3-AER_100vW_100SPD.npy,KLEQUA-3-AER_100vW_100SPD,KLEQUA,KLEQUA,3,Klebsiella quasipneumoniae quasipneumoniae,Klebsiella quasipneumoniae,CLASSE,/home/rrekikdi/Bureau/postdoc/pseudo_image/ms1_processed_11classes/Klebsiella quasipneumoniae/KLEQUA-3-AER_100vW_100SPD.npy
/home/rrekikdi/Bureau/postdoc/pseudo_image/images_npy_ms1/2023_03_27_Validation_LOTS-51-52-53_KLEPNE_KLEQUA_KLEVAR_MORMOG_PRTMIR-100vW_zSWATH_100SPD/KLEQUA-3-ANA_100vW_100SPD.npy,KLEQUA-3-ANA_100vW_100SPD,KLEQUA,KLEQUA,3,Klebsiella quasipneumoniae quasipneumoniae,Klebsiella quasipneumoniae,CLASSE,/home/rrekikdi/Bureau/postdoc/pseudo_image/ms1_processed_11classes/Klebsiella quasipneumoniae/KLEQUA-3-ANA_100vW_100SPD.npy
/home/rrekikdi/Bureau/postdoc/pseudo_image/images_npy_ms1/2023_03_27_Validation_LOTS-51-52-53_KLEPNE_KLEQUA_KLEVAR_MORMOG_PRTMIR-100vW_zSWATH_100SPD/KLEQUA-9-AER_100vW_100SPD.npy,KLEQUA-9-AER_100vW_100SPD,KLEQUA,KLEQUA,9,Klebsiella quasipneumoniae similipneumoniae,Klebsiella quasipneumoniae,CLASSE,/home/rrekikdi/Bureau/postdoc/pseudo_image/ms1_processed_11classes/Klebsiella quasipneumoniae/KLEQUA-9-AER_100vW_100SPD.npy
/home/rrekikdi/Bureau/postdoc/pseudo_image/images_npy_ms1/2023_03_27_Validation_LOTS-51-52-53_KLEPNE_KLEQUA_KLEVAR_MORMOG_PRTMIR-100vW_zSWATH_100SPD/KLEQUA-9-ANA_100vW_100SPD.npy,KLEQUA-9-ANA_100vW_100SPD,KLEQUA,KLEQUA,9,Klebsiella quasipneumoniae similipneumoniae,Klebsiella quasipneumoniae,CLASSE,/home/rrekikdi/Bureau/postdoc/pseudo_image/ms1_processed_11classes/Klebsiella quasipneumoniae/KLEQUA-9-ANA_100vW_100SPD.npy
/home/rrekikdi/Bureau/postdoc/pseudo_image/images_npy_ms1/2023_03_27_Validation_LOTS-51-52-53_KLEPNE_KLEQUA_KLEVAR_MORMOG_PRTMIR-100vW_zSWATH_100SPD/PRTMIR-14-AER_100vW_100SPD.npy,PRTMIR-14-AER_100vW_100SPD,PRTMIR,PRTMIR,14,Proteus mirabilis,Proteus mirabilis,CLASSE,/home/rrekikdi/Bureau/postdoc/pseudo_image/ms1_processed_11classes/Proteus mirabilis/PRTMIR-14-AER_100vW_100SPD.npy
/home/rrekikdi/Bureau/postdoc/pseudo_image/images_npy_ms1/2023_03_27_Validation_LOTS-51-52-53_KLEPNE_KLEQUA_KLEVAR_MORMOG_PRTMIR-100vW_zSWATH_100SPD/PRTMIR-14-ANA_100vW_100SPD.npy,PRTMIR-14-ANA_100vW_100SPD,PRTMIR,PRTMIR,14,Proteus mirabilis,Proteus mirabilis,CLASSE,/home/rrekikdi/Bureau/postdoc/pseudo_image/ms1_processed_11classes/Proteus mirabilis/PRTMIR-14-ANA_100vW_100SPD.npy
/home/rrekikdi/Bureau/postdoc/pseudo_image/images_npy_ms1/2023_03_27_Validation_LOTS-51-52-53_KLEPNE_KLEQUA_KLEVAR_MORMOG_PRTMIR-100vW_zSWATH_100SPD/PRTMIR-16-AER_100vW_100SPD.npy,PRTMIR-16-AER_100vW_100SPD,PRTMIR,PRTMIR,16,Proteus mirabilis,Proteus mirabilis,CLASSE,/home/rrekikdi/Bureau/postdoc/pseudo_image/ms1_processed_11classes/Proteus mirabilis/PRTMIR-16-AER_100vW_100SPD.npy
/home/rrekikdi/Bureau/postdoc/pseudo_image/images_npy_ms1/2023_03_27_Validation_LOTS-51-52-53_KLEPNE_KLEQUA_KLEVAR_MORMOG_PRTMIR-100vW_zSWATH_100SPD/PRTMIR-16-ANA_100vW_100SPD.npy,PRTMIR-16-ANA_100vW_100SPD,PRTMIR,PRTMIR,16,Proteus mirabilis,Proteus mirabilis,CLASSE,/home/rrekikdi/Bureau/postdoc/pseudo_image/ms1_processed_11classes/Proteus mirabilis/PRTMIR-16-ANA_100vW_100SPD.npy
/home/rrekikdi/Bureau/postdoc/pseudo_image/images_npy_ms1/2023_03_27_Validation_LOTS-51-52-53_KLEPNE_KLEQUA_KLEVAR_MORMOG_PRTMIR-100vW_zSWATH_100SPD/PRTMIR-17-AER_100vW_100SPD.npy,PRTMIR-17-AER_100vW_100SPD,PRTMIR,PRTMIR,17,Proteus mirabilis,Proteus mirabilis,CLASSE,/home/rrekikdi/Bureau/postdoc/pseudo_image/ms1_processed_11classes/Proteus mirabilis/PRTMIR-17-AER_100vW_100SPD.npy
/home/rrekikdi/Bureau/postdoc/pseudo_image/images_npy_ms1/2023_03_27_Validation_LOTS-51-52-53_KLEPNE_KLEQUA_KLEVAR_MORMOG_PRTMIR-100vW_zSWATH_100SPD/PRTMIR-17-ANA_100vW_100SPD.npy,PRTMIR-17-ANA_100vW_100SPD,PRTMIR,PRTMIR,17,Proteus mirabilis,Proteus mirabilis,CLASSE,/home/rrekikdi/Bureau/postdoc/pseudo_image/ms1_processed_11classes/Proteus mirabilis/PRTMIR-17-ANA_100vW_100SPD.npy
/home/rrekikdi/Bureau/postdoc/pseudo_image/images_npy_ms1/2023_03_27_Validation_LOTS-51-52-53_KLEPNE_KLEQUA_KLEVAR_MORMOG_PRTMIR-100vW_zSWATH_100SPD/PRTMIR-19-AER_100vW_100SPD.npy,PRTMIR-19-AER_100vW_100SPD,PRTMIR,PRTMIR,19,Proteus mirabilis,Proteus mirabilis,CLASSE,/home/rrekikdi/Bureau/postdoc/pseudo_image/ms1_processed_11classes/Proteus mirabilis/PRTMIR-19-AER_100vW_100SPD.npy
/home/rrekikdi/Bureau/postdoc/pseudo_image/images_npy_ms1/2023_03_27_Validation_LOTS-51-52-53_KLEPNE_KLEQUA_KLEVAR_MORMOG_PRTMIR-100vW_zSWATH_100SPD/PRTMIR-19-ANA_100vW_100SPD.npy,PRTMIR-19-ANA_100vW_100SPD,PRTMIR,PRTMIR,19,Proteus mirabilis,Proteus mirabilis,CLASSE,/home/rrekikdi/Bureau/postdoc/pseudo_image/ms1_processed_11classes/Proteus mirabilis/PRTMIR-19-ANA_100vW_100SPD.npy
/home/rrekikdi/Bureau/postdoc/pseudo_image/images_npy_ms1/2023_03_27_Validation_LOTS-51-52-53_KLEPNE_KLEQUA_KLEVAR_MORMOG_PRTMIR-100vW_zSWATH_100SPD/PRTMIR-27-AER_100vW_100SPD.npy,PRTMIR-27-AER_100vW_100SPD,PRTMIR,PRTMIR,27,Proteus mirabilis,Proteus mirabilis,CLASSE,/home/rrekikdi/Bureau/postdoc/pseudo_image/ms1_processed_11classes/Proteus mirabilis/PRTMIR-27-AER_100vW_100SPD.npy
/home/rrekikdi/Bureau/postdoc/pseudo_image/images_npy_ms1/2023_03_27_Validation_LOTS-51-52-53_KLEPNE_KLEQUA_KLEVAR_MORMOG_PRTMIR-100vW_zSWATH_100SPD/PRTMIR-27-ANA_100vW_100SPD.npy,PRTMIR-27-ANA_100vW_100SPD,PRTMIR,PRTMIR,27,Proteus mirabilis,Proteus mirabilis,CLASSE,/home/rrekikdi/Bureau/postdoc/pseudo_image/ms1_processed_11classes/Proteus mirabilis/PRTMIR-27-ANA_100vW_100SPD.npy
/home/rrekikdi/Bureau/postdoc/pseudo_image/images_npy_ms1/2023_03_27_Validation_LOTS-51-52-53_KLEPNE_KLEQUA_KLEVAR_MORMOG_PRTMIR-100vW_zSWATH_100SPD/PRTMIR-28-AER_100vW_100SPD.npy,PRTMIR-28-AER_100vW_100SPD,PRTMIR,PRTMIR,28,Proteus mirabilis,Proteus mirabilis,CLASSE,/home/rrekikdi/Bureau/postdoc/pseudo_image/ms1_processed_11classes/Proteus mirabilis/PRTMIR-28-AER_100vW_100SPD.npy
/home/rrekikdi/Bureau/postdoc/pseudo_image/images_npy_ms1/2023_03_27_Validation_LOTS-51-52-53_KLEPNE_KLEQUA_KLEVAR_MORMOG_PRTMIR-100vW_zSWATH_100SPD/PRTMIR-28-ANA_100vW_100SPD.npy,PRTMIR-28-ANA_100vW_100SPD,PRTMIR,PRTMIR,28,Proteus mirabilis,Proteus mirabilis,CLASSE,/home/rrekikdi/Bureau/postdoc/pseudo_image/ms1_processed_11classes/Proteus mirabilis/PRTMIR-28-ANA_100vW_100SPD.npy
/home/rrekikdi/Bureau/postdoc/pseudo_image/images_npy_ms1/2023_03_27_Validation_LOTS-51-52-53_KLEPNE_KLEQUA_KLEVAR_MORMOG_PRTMIR-100vW_zSWATH_100SPD/PRTMIR-36-AER_100vW_100SPD.npy,PRTMIR-36-AER_100vW_100SPD,PRTMIR,PRTMIR,36,Proteus mirabilis,Proteus mirabilis,CLASSE,/home/rrekikdi/Bureau/postdoc/pseudo_image/ms1_processed_11classes/Proteus mirabilis/PRTMIR-36-AER_100vW_100SPD.npy
/home/rrekikdi/Bureau/postdoc/pseudo_image/images_npy_ms1/2023_03_27_Validation_LOTS-51-52-53_KLEPNE_KLEQUA_KLEVAR_MORMOG_PRTMIR-100vW_zSWATH_100SPD/PRTMIR-36-ANA_100vW_100SPD.npy,PRTMIR-36-ANA_100vW_100SPD,PRTMIR,PRTMIR,36,Proteus mirabilis,Proteus mirabilis,CLASSE,/home/rrekikdi/Bureau/postdoc/pseudo_image/ms1_processed_11classes/Proteus mirabilis/PRTMIR-36-ANA_100vW_100SPD.npy
/home/rrekikdi/Bureau/postdoc/pseudo_image/images_npy_ms1/2023_03_27_Validation_LOTS-51-52-53_KLEPNE_KLEQUA_KLEVAR_MORMOG_PRTMIR-100vW_zSWATH_100SPD/PRTMIR-41-AER_100vW_100SPD.npy,PRTMIR-41-AER_100vW_100SPD,PRTMIR,PRTMIR,41,Proteus mirabilis,Proteus mirabilis,CLASSE,/home/rrekikdi/Bureau/postdoc/pseudo_image/ms1_processed_11classes/Proteus mirabilis/PRTMIR-41-AER_100vW_100SPD.npy
/home/rrekikdi/Bureau/postdoc/pseudo_image/images_npy_ms1/2023_03_27_Validation_LOTS-51-52-53_KLEPNE_KLEQUA_KLEVAR_MORMOG_PRTMIR-100vW_zSWATH_100SPD/PRTMIR-41-ANA_100vW_100SPD.npy,PRTMIR-41-ANA_100vW_100SPD,PRTMIR,PRTMIR,41,Proteus mirabilis,Proteus mirabilis,CLASSE,/home/rrekikdi/Bureau/postdoc/pseudo_image/ms1_processed_11classes/Proteus mirabilis/PRTMIR-41-ANA_100vW_100SPD.npy
/home/rrekikdi/Bureau/postdoc/pseudo_image/images_npy_ms1/2023_03_27_Validation_LOTS-51-52-53_KLEPNE_KLEQUA_KLEVAR_MORMOG_PRTMIR-100vW_zSWATH_100SPD/PRTMIR-43-AER_100vW_100SPD.npy,PRTMIR-43-AER_100vW_100SPD,PRTMIR,PRTMIR,43,Proteus mirabilis,Proteus mirabilis,CLASSE,/home/rrekikdi/Bureau/postdoc/pseudo_image/ms1_processed_11classes/Proteus mirabilis/PRTMIR-43-AER_100vW_100SPD.npy
/home/rrekikdi/Bureau/postdoc/pseudo_image/images_npy_ms1/2023_03_27_Validation_LOTS-51-52-53_KLEPNE_KLEQUA_KLEVAR_MORMOG_PRTMIR-100vW_zSWATH_100SPD/PRTMIR-43-ANA_100vW_100SPD.npy,PRTMIR-43-ANA_100vW_100SPD,PRTMIR,PRTMIR,43,Proteus mirabilis,Proteus mirabilis,CLASSE,/home/rrekikdi/Bureau/postdoc/pseudo_image/ms1_processed_11classes/Proteus mirabilis/PRTMIR-43-ANA_100vW_100SPD.npy
/home/rrekikdi/Bureau/postdoc/pseudo_image/images_npy_ms1/2023_03_27_Validation_LOTS-51-52-53_KLEPNE_KLEQUA_KLEVAR_MORMOG_PRTMIR-100vW_zSWATH_100SPD/PRTMIR-47-AER_100vW_100SPD.npy,PRTMIR-47-AER_100vW_100SPD,PRTMIR,PRTMIR,47,Proteus mirabilis,Proteus mirabilis,CLASSE,/home/rrekikdi/Bureau/postdoc/pseudo_image/ms1_processed_11classes/Proteus mirabilis/PRTMIR-47-AER_100vW_100SPD.npy
/home/rrekikdi/Bureau/postdoc/pseudo_image/images_npy_ms1/2023_03_27_Validation_LOTS-51-52-53_KLEPNE_KLEQUA_KLEVAR_MORMOG_PRTMIR-100vW_zSWATH_100SPD/PRTMIR-47-ANA_100vW_100SPD.npy,PRTMIR-47-ANA_100vW_100SPD,PRTMIR,PRTMIR,47,Proteus mirabilis,Proteus mirabilis,CLASSE,/home/rrekikdi/Bureau/postdoc/pseudo_image/ms1_processed_11classes/Proteus mirabilis/PRTMIR-47-ANA_100vW_100SPD.npy
/home/rrekikdi/Bureau/postdoc/pseudo_image/images_npy_ms1/2023_03_27_Validation_LOTS-51-52-53_KLEPNE_KLEQUA_KLEVAR_MORMOG_PRTMIR-100vW_zSWATH_100SPD/PRTMIR-48-AER_100vW_100SPD.npy,PRTMIR-48-AER_100vW_100SPD,PRTMIR,PRTMIR,48,Proteus mirabilis,Proteus mirabilis,CLASSE,/home/rrekikdi/Bureau/postdoc/pseudo_image/ms1_processed_11classes/Proteus mirabilis/PRTMIR-48-AER_100vW_100SPD.npy
/home/rrekikdi/Bureau/postdoc/pseudo_image/images_npy_ms1/2023_03_27_Validation_LOTS-51-52-53_KLEPNE_KLEQUA_KLEVAR_MORMOG_PRTMIR-100vW_zSWATH_100SPD/PRTMIR-48-ANA_100vW_100SPD.npy,PRTMIR-48-ANA_100vW_100SPD,PRTMIR,PRTMIR,48,Proteus mirabilis,Proteus mirabilis,CLASSE,/home/rrekikdi/Bureau/postdoc/pseudo_image/ms1_processed_11classes/Proteus mirabilis/PRTMIR-48-ANA_100vW_100SPD.npy
/home/rrekikdi/Bureau/postdoc/pseudo_image/images_npy_ms1/2023_03_27_Validation_LOTS-51-52-53_KLEPNE_KLEQUA_KLEVAR_MORMOG_PRTMIR-100vW_zSWATH_100SPD/PRTMIR-49-AER_100vW_100SPD.npy,PRTMIR-49-AER_100vW_100SPD,PRTMIR,PRTMIR,49,Proteus mirabilis,Proteus mirabilis,CLASSE,/home/rrekikdi/Bureau/postdoc/pseudo_image/ms1_processed_11classes/Proteus mirabilis/PRTMIR-49-AER_100vW_100SPD.npy
/home/rrekikdi/Bureau/postdoc/pseudo_image/images_npy_ms1/2023_03_27_Validation_LOTS-51-52-53_KLEPNE_KLEQUA_KLEVAR_MORMOG_PRTMIR-100vW_zSWATH_100SPD/PRTMIR-49-ANA_100vW_100SPD.npy,PRTMIR-49-ANA_100vW_100SPD,PRTMIR,PRTMIR,49,Proteus mirabilis,Proteus mirabilis,CLASSE,/home/rrekikdi/Bureau/postdoc/pseudo_image/ms1_processed_11classes/Proteus mirabilis/PRTMIR-49-ANA_100vW_100SPD.npy
/home/rrekikdi/Bureau/postdoc/pseudo_image/images_npy_ms1/2023_03_27_Validation_LOTS-51-52-53_KLEPNE_KLEQUA_KLEVAR_MORMOG_PRTMIR-100vW_zSWATH_100SPD/PRTMIR-50-AER_100vW_100SPD.npy,PRTMIR-50-AER_100vW_100SPD,PRTMIR,PRTMIR,50,Proteus mirabilis,Proteus mirabilis,CLASSE,/home/rrekikdi/Bureau/postdoc/pseudo_image/ms1_processed_11classes/Proteus mirabilis/PRTMIR-50-AER_100vW_100SPD.npy
/home/rrekikdi/Bureau/postdoc/pseudo_image/images_npy_ms1/2023_03_27_Validation_LOTS-51-52-53_KLEPNE_KLEQUA_KLEVAR_MORMOG_PRTMIR-100vW_zSWATH_100SPD/PRTMIR-50-ANA_100vW_100SPD.npy,PRTMIR-50-ANA_100vW_100SPD,PRTMIR,PRTMIR,50,Proteus mirabilis,Proteus mirabilis,CLASSE,/home/rrekikdi/Bureau/postdoc/pseudo_image/ms1_processed_11classes/Proteus mirabilis/PRTMIR-50-ANA_100vW_100SPD.npy
/home/rrekikdi/Bureau/postdoc/pseudo_image/images_npy_ms1/2023_03_27_Validation_LOTS-51-52-53_KLEPNE_KLEQUA_KLEVAR_MORMOG_PRTMIR-100vW_zSWATH_100SPD/PRTMIR-53-AER_100vW_100SPD.npy,PRTMIR-53-AER_100vW_100SPD,PRTMIR,PRTMIR,53,Proteus mirabilis,Proteus mirabilis,CLASSE,/home/rrekikdi/Bureau/postdoc/pseudo_image/ms1_processed_11classes/Proteus mirabilis/PRTMIR-53-AER_100vW_100SPD.npy
/home/rrekikdi/Bureau/postdoc/pseudo_image/images_npy_ms1/2023_03_27_Validation_LOTS-51-52-53_KLEPNE_KLEQUA_KLEVAR_MORMOG_PRTMIR-100vW_zSWATH_100SPD/PRTMIR-53-ANA_100vW_100SPD.npy,PRTMIR-53-ANA_100vW_100SPD,PRTMIR,PRTMIR,53,Proteus mirabilis,Proteus mirabilis,CLASSE,/home/rrekikdi/Bureau/postdoc/pseudo_image/ms1_processed_11classes/Proteus mirabilis/PRTMIR-53-ANA_100vW_100SPD.npy
/home/rrekikdi/Bureau/postdoc/pseudo_image/images_npy_ms1/2023_04_04_Validation_ESCCOL_KLEPNE_PRTMIR_PRVSTU_RAOORN_SALENT-100vW_zSWATH_100SPD/ESCCOL-283-AER_100vW_100SPD.npy,ESCCOL-283-AER_100vW_100SPD,ESCCOL,ESCCOL,283,Escherichia coli,Escherichia coli,CLASSE,/home/rrekikdi/Bureau/postdoc/pseudo_image/ms1_processed_11classes/Escherichia coli/ESCCOL-283-AER_100vW_100SPD.npy
/home/rrekikdi/Bureau/postdoc/pseudo_image/images_npy_ms1/2023_04_04_Validation_ESCCOL_KLEPNE_PRTMIR_PRVSTU_RAOORN_SALENT-100vW_zSWATH_100SPD/ESCCOL-283-ANA_100vW_100SPD.npy,ESCCOL-283-ANA_100vW_100SPD,ESCCOL,ESCCOL,283,Escherichia coli,Escherichia coli,CLASSE,/home/rrekikdi/Bureau/postdoc/pseudo_image/ms1_processed_11classes/Escherichia coli/ESCCOL-283-ANA_100vW_100SPD.npy
/home/rrekikdi/Bureau/postdoc/pseudo_image/images_npy_ms1/2023_04_04_Validation_ESCCOL_KLEPNE_PRTMIR_PRVSTU_RAOORN_SALENT-100vW_zSWATH_100SPD/ESCCOL-284-AER_100vW_100SPD.npy,ESCCOL-284-AER_100vW_100SPD,ESCCOL,ESCCOL,284,Escherichia coli,Escherichia coli,CLASSE,/home/rrekikdi/Bureau/postdoc/pseudo_image/ms1_processed_11classes/Escherichia coli/ESCCOL-284-AER_100vW_100SPD.npy
/home/rrekikdi/Bureau/postdoc/pseudo_image/images_npy_ms1/2023_04_04_Validation_ESCCOL_KLEPNE_PRTMIR_PRVSTU_RAOORN_SALENT-100vW_zSWATH_100SPD/ESCCOL-284-ANA_100vW_100SPD.npy,ESCCOL-284-ANA_100vW_100SPD,ESCCOL,ESCCOL,284,Escherichia coli,Escherichia coli,CLASSE,/home/rrekikdi/Bureau/postdoc/pseudo_image/ms1_processed_11classes/Escherichia coli/ESCCOL-284-ANA_100vW_100SPD.npy
/home/rrekikdi/Bureau/postdoc/pseudo_image/images_npy_ms1/2023_04_04_Validation_ESCCOL_KLEPNE_PRTMIR_PRVSTU_RAOORN_SALENT-100vW_zSWATH_100SPD/KLEPNE-157-AER_100vW_100SPD.npy,KLEPNE-157-AER_100vW_100SPD,KLEPNE,KLEPNE,157,Klebsiella pneumoniae,Klebsiella pneumoniae,CLASSE,/home/rrekikdi/Bureau/postdoc/pseudo_image/ms1_processed_11classes/Klebsiella pneumoniae/KLEPNE-157-AER_100vW_100SPD.npy
/home/rrekikdi/Bureau/postdoc/pseudo_image/images_npy_ms1/2023_04_04_Validation_ESCCOL_KLEPNE_PRTMIR_PRVSTU_RAOORN_SALENT-100vW_zSWATH_100SPD/KLEPNE-157-ANA_100vW_100SPD.npy,KLEPNE-157-ANA_100vW_100SPD,KLEPNE,KLEPNE,157,Klebsiella pneumoniae,Klebsiella pneumoniae,CLASSE,/home/rrekikdi/Bureau/postdoc/pseudo_image/ms1_processed_11classes/Klebsiella pneumoniae/KLEPNE-157-ANA_100vW_100SPD.npy
/home/rrekikdi/Bureau/postdoc/pseudo_image/images_npy_ms1/2023_04_04_Validation_ESCCOL_KLEPNE_PRTMIR_PRVSTU_RAOORN_SALENT-100vW_zSWATH_100SPD/KLEPNE-158-AER_100vW_100SPD.npy,KLEPNE-158-AER_100vW_100SPD,KLEPNE,KLEPNE,158,Klebsiella pneumoniae,Klebsiella pneumoniae,CLASSE,/home/rrekikdi/Bureau/postdoc/pseudo_image/ms1_processed_11classes/Klebsiella pneumoniae/KLEPNE-158-AER_100vW_100SPD.npy
/home/rrekikdi/Bureau/postdoc/pseudo_image/images_npy_ms1/2023_04_04_Validation_ESCCOL_KLEPNE_PRTMIR_PRVSTU_RAOORN_SALENT-100vW_zSWATH_100SPD/KLEPNE-158-ANA_100vW_100SPD.npy,KLEPNE-158-ANA_100vW_100SPD,KLEPNE,KLEPNE,158,Klebsiella pneumoniae,Klebsiella pneumoniae,CLASSE,/home/rrekikdi/Bureau/postdoc/pseudo_image/ms1_processed_11classes/Klebsiella pneumoniae/KLEPNE-158-ANA_100vW_100SPD.npy
/home/rrekikdi/Bureau/postdoc/pseudo_image/images_npy_ms1/2023_04_04_Validation_ESCCOL_KLEPNE_PRTMIR_PRVSTU_RAOORN_SALENT-100vW_zSWATH_100SPD/KLEPNE-159-AER_100vW_100SPD.npy,KLEPNE-159-AER_100vW_100SPD,KLEPNE,KLEPNE,159,Klebsiella pneumoniae,Klebsiella pneumoniae,CLASSE,/home/rrekikdi/Bureau/postdoc/pseudo_image/ms1_processed_11classes/Klebsiella pneumoniae/KLEPNE-159-AER_100vW_100SPD.npy
/home/rrekikdi/Bureau/postdoc/pseudo_image/images_npy_ms1/2023_04_04_Validation_ESCCOL_KLEPNE_PRTMIR_PRVSTU_RAOORN_SALENT-100vW_zSWATH_100SPD/KLEPNE-159-ANA_100vW_100SPD.npy,KLEPNE-159-ANA_100vW_100SPD,KLEPNE,KLEPNE,159,Klebsiella pneumoniae,Klebsiella pneumoniae,CLASSE,/home/rrekikdi/Bureau/postdoc/pseudo_image/ms1_processed_11classes/Klebsiella pneumoniae/KLEPNE-159-ANA_100vW_100SPD.npy
/home/rrekikdi/Bureau/postdoc/pseudo_image/images_npy_ms1/2023_04_04_Validation_ESCCOL_KLEPNE_PRTMIR_PRVSTU_RAOORN_SALENT-100vW_zSWATH_100SPD/KLEPNE-160-AER_100vW_100SPD.npy,KLEPNE-160-AER_100vW_100SPD,KLEPNE,KLEPNE,160,Klebsiella pneumoniae,Klebsiella pneumoniae,CLASSE,/home/rrekikdi/Bureau/postdoc/pseudo_image/ms1_processed_11classes/Klebsiella pneumoniae/KLEPNE-160-AER_100vW_100SPD.npy
/home/rrekikdi/Bureau/postdoc/pseudo_image/images_npy_ms1/2023_04_04_Validation_ESCCOL_KLEPNE_PRTMIR_PRVSTU_RAOORN_SALENT-100vW_zSWATH_100SPD/KLEPNE-160-ANA_100vW_100SPD.npy,KLEPNE-160-ANA_100vW_100SPD,KLEPNE,KLEPNE,160,Klebsiella pneumoniae,Klebsiella pneumoniae,CLASSE,/home/rrekikdi/Bureau/postdoc/pseudo_image/ms1_processed_11classes/Klebsiella pneumoniae/KLEPNE-160-ANA_100vW_100SPD.npy
/home/rrekikdi/Bureau/postdoc/pseudo_image/images_npy_ms1/2023_04_04_Validation_ESCCOL_KLEPNE_PRTMIR_PRVSTU_RAOORN_SALENT-100vW_zSWATH_100SPD/KLEPNE-161-AER_100vW_100SPD.npy,KLEPNE-161-AER_100vW_100SPD,KLEPNE,KLEPNE,161,Klebsiella pneumoniae,Klebsiella pneumoniae,CLASSE,/home/rrekikdi/Bureau/postdoc/pseudo_image/ms1_processed_11classes/Klebsiella pneumoniae/KLEPNE-161-AER_100vW_100SPD.npy
/home/rrekikdi/Bureau/postdoc/pseudo_image/images_npy_ms1/2023_04_04_Validation_ESCCOL_KLEPNE_PRTMIR_PRVSTU_RAOORN_SALENT-100vW_zSWATH_100SPD/KLEPNE-161-ANA_100vW_100SPD.npy,KLEPNE-161-ANA_100vW_100SPD,KLEPNE,KLEPNE,161,Klebsiella pneumoniae,Klebsiella pneumoniae,CLASSE,/home/rrekikdi/Bureau/postdoc/pseudo_image/ms1_processed_11classes/Klebsiella pneumoniae/KLEPNE-161-ANA_100vW_100SPD.npy
/home/rrekikdi/Bureau/postdoc/pseudo_image/images_npy_ms1/2023_04_04_Validation_ESCCOL_KLEPNE_PRTMIR_PRVSTU_RAOORN_SALENT-100vW_zSWATH_100SPD/KLEPNE-162-AER_100vW_100SPD.npy,KLEPNE-162-AER_100vW_100SPD,KLEPNE,KLEPNE,162,Klebsiella pneumoniae,Klebsiella pneumoniae,CLASSE,/home/rrekikdi/Bureau/postdoc/pseudo_image/ms1_processed_11classes/Klebsiella pneumoniae/KLEPNE-162-AER_100vW_100SPD.npy
/home/rrekikdi/Bureau/postdoc/pseudo_image/images_npy_ms1/2023_04_04_Validation_ESCCOL_KLEPNE_PRTMIR_PRVSTU_RAOORN_SALENT-100vW_zSWATH_100SPD/KLEPNE-162-ANA_100vW_100SPD.npy,KLEPNE-162-ANA_100vW_100SPD,KLEPNE,KLEPNE,162,Klebsiella pneumoniae,Klebsiella pneumoniae,CLASSE,/home/rrekikdi/Bureau/postdoc/pseudo_image/ms1_processed_11classes/Klebsiella pneumoniae/KLEPNE-162-ANA_100vW_100SPD.npy
/home/rrekikdi/Bureau/postdoc/pseudo_image/images_npy_ms1/2023_04_04_Validation_ESCCOL_KLEPNE_PRTMIR_PRVSTU_RAOORN_SALENT-100vW_zSWATH_100SPD/KLEPNE-163-AER_100vW_100SPD.npy,KLEPNE-163-AER_100vW_100SPD,KLEPNE,KLEPNE,163,Klebsiella pneumoniae,Klebsiella pneumoniae,CLASSE,/home/rrekikdi/Bureau/postdoc/pseudo_image/ms1_processed_11classes/Klebsiella pneumoniae/KLEPNE-163-AER_100vW_100SPD.npy
/home/rrekikdi/Bureau/postdoc/pseudo_image/images_npy_ms1/2023_04_04_Validation_ESCCOL_KLEPNE_PRTMIR_PRVSTU_RAOORN_SALENT-100vW_zSWATH_100SPD/KLEPNE-163-ANA_100vW_100SPD.npy,KLEPNE-163-ANA_100vW_100SPD,KLEPNE,KLEPNE,163,Klebsiella pneumoniae,Klebsiella pneumoniae,CLASSE,/home/rrekikdi/Bureau/postdoc/pseudo_image/ms1_processed_11classes/Klebsiella pneumoniae/KLEPNE-163-ANA_100vW_100SPD.npy
/home/rrekikdi/Bureau/postdoc/pseudo_image/images_npy_ms1/2023_04_04_Validation_ESCCOL_KLEPNE_PRTMIR_PRVSTU_RAOORN_SALENT-100vW_zSWATH_100SPD/KLEPNE-164-AER_100vW_100SPD.npy,KLEPNE-164-AER_100vW_100SPD,KLEPNE,KLEPNE,164,Klebsiella pneumoniae,Klebsiella pneumoniae,CLASSE,/home/rrekikdi/Bureau/postdoc/pseudo_image/ms1_processed_11classes/Klebsiella pneumoniae/KLEPNE-164-AER_100vW_100SPD.npy
/home/rrekikdi/Bureau/postdoc/pseudo_image/images_npy_ms1/2023_04_04_Validation_ESCCOL_KLEPNE_PRTMIR_PRVSTU_RAOORN_SALENT-100vW_zSWATH_100SPD/KLEPNE-164-ANA_100vW_100SPD.npy,KLEPNE-164-ANA_100vW_100SPD,KLEPNE,KLEPNE,164,Klebsiella pneumoniae,Klebsiella pneumoniae,CLASSE,/home/rrekikdi/Bureau/postdoc/pseudo_image/ms1_processed_11classes/Klebsiella pneumoniae/KLEPNE-164-ANA_100vW_100SPD.npy
/home/rrekikdi/Bureau/postdoc/pseudo_image/images_npy_ms1/2023_04_04_Validation_ESCCOL_KLEPNE_PRTMIR_PRVSTU_RAOORN_SALENT-100vW_zSWATH_100SPD/KLEPNE-165-AER_100vW_100SPD.npy,KLEPNE-165-AER_100vW_100SPD,KLEPNE,KLEPNE,165,Klebsiella pneumoniae,Klebsiella pneumoniae,CLASSE,/home/rrekikdi/Bureau/postdoc/pseudo_image/ms1_processed_11classes/Klebsiella pneumoniae/KLEPNE-165-AER_100vW_100SPD.npy
/home/rrekikdi/Bureau/postdoc/pseudo_image/images_npy_ms1/2023_04_04_Validation_ESCCOL_KLEPNE_PRTMIR_PRVSTU_RAOORN_SALENT-100vW_zSWATH_100SPD/KLEPNE-165-ANA_100vW_100SPD.npy,KLEPNE-165-ANA_100vW_100SPD,KLEPNE,KLEPNE,165,Klebsiella pneumoniae,Klebsiella pneumoniae,CLASSE,/home/rrekikdi/Bureau/postdoc/pseudo_image/ms1_processed_11classes/Klebsiella pneumoniae/KLEPNE-165-ANA_100vW_100SPD.npy
/home/rrekikdi/Bureau/postdoc/pseudo_image/images_npy_ms1/2023_04_04_Validation_ESCCOL_KLEPNE_PRTMIR_PRVSTU_RAOORN_SALENT-100vW_zSWATH_100SPD/KLEPNE-166-AER_100vW_100SPD.npy,KLEPNE-166-AER_100vW_100SPD,KLEPNE,KLEPNE,166,Klebsiella pneumoniae,Klebsiella pneumoniae,CLASSE,/home/rrekikdi/Bureau/postdoc/pseudo_image/ms1_processed_11classes/Klebsiella pneumoniae/KLEPNE-166-AER_100vW_100SPD.npy
/home/rrekikdi/Bureau/postdoc/pseudo_image/images_npy_ms1/2023_04_04_Validation_ESCCOL_KLEPNE_PRTMIR_PRVSTU_RAOORN_SALENT-100vW_zSWATH_100SPD/KLEPNE-166-ANA_100vW_100SPD.npy,KLEPNE-166-ANA_100vW_100SPD,KLEPNE,KLEPNE,166,Klebsiella pneumoniae,Klebsiella pneumoniae,CLASSE,/home/rrekikdi/Bureau/postdoc/pseudo_image/ms1_processed_11classes/Klebsiella pneumoniae/KLEPNE-166-ANA_100vW_100SPD.npy
/home/rrekikdi/Bureau/postdoc/pseudo_image/images_npy_ms1/2023_04_04_Validation_ESCCOL_KLEPNE_PRTMIR_PRVSTU_RAOORN_SALENT-100vW_zSWATH_100SPD/KLEPNE-167-AER_100vW_100SPD.npy,KLEPNE-167-AER_100vW_100SPD,KLEPNE,KLEPNE,167,Klebsiella pneumoniae,Klebsiella pneumoniae,CLASSE,/home/rrekikdi/Bureau/postdoc/pseudo_image/ms1_processed_11classes/Klebsiella pneumoniae/KLEPNE-167-AER_100vW_100SPD.npy
/home/rrekikdi/Bureau/postdoc/pseudo_image/images_npy_ms1/2023_04_04_Validation_ESCCOL_KLEPNE_PRTMIR_PRVSTU_RAOORN_SALENT-100vW_zSWATH_100SPD/KLEPNE-167-ANA_100vW_100SPD.npy,KLEPNE-167-ANA_100vW_100SPD,KLEPNE,KLEPNE,167,Klebsiella pneumoniae,Klebsiella pneumoniae,CLASSE,/home/rrekikdi/Bureau/postdoc/pseudo_image/ms1_processed_11classes/Klebsiella pneumoniae/KLEPNE-167-ANA_100vW_100SPD.npy
/home/rrekikdi/Bureau/postdoc/pseudo_image/images_npy_ms1/2023_04_04_Validation_ESCCOL_KLEPNE_PRTMIR_PRVSTU_RAOORN_SALENT-100vW_zSWATH_100SPD/KLEPNE-55-AER_100vW_100SPD.npy,KLEPNE-55-AER_100vW_100SPD,KLEPNE,KLEPNE,55,Klebsiella pneumoniae,Klebsiella pneumoniae,CLASSE,/home/rrekikdi/Bureau/postdoc/pseudo_image/ms1_processed_11classes/Klebsiella pneumoniae/KLEPNE-55-AER_100vW_100SPD.npy
/home/rrekikdi/Bureau/postdoc/pseudo_image/images_npy_ms1/2023_04_04_Validation_ESCCOL_KLEPNE_PRTMIR_PRVSTU_RAOORN_SALENT-100vW_zSWATH_100SPD/KLEPNE-55-ANA_100vW_100SPD.npy,KLEPNE-55-ANA_100vW_100SPD,KLEPNE,KLEPNE,55,Klebsiella pneumoniae,Klebsiella pneumoniae,CLASSE,/home/rrekikdi/Bureau/postdoc/pseudo_image/ms1_processed_11classes/Klebsiella pneumoniae/KLEPNE-55-ANA_100vW_100SPD.npy
/home/rrekikdi/Bureau/postdoc/pseudo_image/images_npy_ms1/2023_04_04_Validation_ESCCOL_KLEPNE_PRTMIR_PRVSTU_RAOORN_SALENT-100vW_zSWATH_100SPD/KLEPNE-68-AER_100vW_100SPD.npy,KLEPNE-68-AER_100vW_100SPD,KLEPNE,KLEPNE,68,Klebsiella pneumoniae,Klebsiella pneumoniae,CLASSE,/home/rrekikdi/Bureau/postdoc/pseudo_image/ms1_processed_11classes/Klebsiella pneumoniae/KLEPNE-68-AER_100vW_100SPD.npy
/home/rrekikdi/Bureau/postdoc/pseudo_image/images_npy_ms1/2023_04_04_Validation_ESCCOL_KLEPNE_PRTMIR_PRVSTU_RAOORN_SALENT-100vW_zSWATH_100SPD/KLEPNE-68-ANA_100vW_100SPD.npy,KLEPNE-68-ANA_100vW_100SPD,KLEPNE,KLEPNE,68,Klebsiella pneumoniae,Klebsiella pneumoniae,CLASSE,/home/rrekikdi/Bureau/postdoc/pseudo_image/ms1_processed_11classes/Klebsiella pneumoniae/KLEPNE-68-ANA_100vW_100SPD.npy
/home/rrekikdi/Bureau/postdoc/pseudo_image/images_npy_ms1/2023_04_04_Validation_ESCCOL_KLEPNE_PRTMIR_PRVSTU_RAOORN_SALENT-100vW_zSWATH_100SPD/PRTMIR-23-AER_100vW_100SPD.npy,PRTMIR-23-AER_100vW_100SPD,PRTMIR,PRTMIR,23,Proteus mirabilis,Proteus mirabilis,CLASSE,/home/rrekikdi/Bureau/postdoc/pseudo_image/ms1_processed_11classes/Proteus mirabilis/PRTMIR-23-AER_100vW_100SPD.npy
/home/rrekikdi/Bureau/postdoc/pseudo_image/images_npy_ms1/2023_04_04_Validation_ESCCOL_KLEPNE_PRTMIR_PRVSTU_RAOORN_SALENT-100vW_zSWATH_100SPD/PRTMIR-23-ANA_100vW_100SPD.npy,PRTMIR-23-ANA_100vW_100SPD,PRTMIR,PRTMIR,23,Proteus mirabilis,Proteus mirabilis,CLASSE,/home/rrekikdi/Bureau/postdoc/pseudo_image/ms1_processed_11classes/Proteus mirabilis/PRTMIR-23-ANA_100vW_100SPD.npy
/home/rrekikdi/Bureau/postdoc/pseudo_image/images_npy_ms1/2023_04_04_Validation_ESCCOL_KLEPNE_PRTMIR_PRVSTU_RAOORN_SALENT-100vW_zSWATH_100SPD/PRTMIR-29-AER_100vW_100SPD.npy,PRTMIR-29-AER_100vW_100SPD,PRTMIR,PRTMIR,29,Proteus mirabilis,Proteus mirabilis,CLASSE,/home/rrekikdi/Bureau/postdoc/pseudo_image/ms1_processed_11classes/Proteus mirabilis/PRTMIR-29-AER_100vW_100SPD.npy
/home/rrekikdi/Bureau/postdoc/pseudo_image/images_npy_ms1/2023_04_04_Validation_ESCCOL_KLEPNE_PRTMIR_PRVSTU_RAOORN_SALENT-100vW_zSWATH_100SPD/PRTMIR-29-ANA_100vW_100SPD.npy,PRTMIR-29-ANA_100vW_100SPD,PRTMIR,PRTMIR,29,Proteus mirabilis,Proteus mirabilis,CLASSE,/home/rrekikdi/Bureau/postdoc/pseudo_image/ms1_processed_11classes/Proteus mirabilis/PRTMIR-29-ANA_100vW_100SPD.npy
/home/rrekikdi/Bureau/postdoc/pseudo_image/images_npy_ms1/2023_04_04_Validation_ESCCOL_KLEPNE_PRTMIR_PRVSTU_RAOORN_SALENT-100vW_zSWATH_100SPD/PRTMIR-30-AER_100vW_100SPD.npy,PRTMIR-30-AER_100vW_100SPD,PRTMIR,PRTMIR,30,Proteus mirabilis,Proteus mirabilis,CLASSE,/home/rrekikdi/Bureau/postdoc/pseudo_image/ms1_processed_11classes/Proteus mirabilis/PRTMIR-30-AER_100vW_100SPD.npy
/home/rrekikdi/Bureau/postdoc/pseudo_image/images_npy_ms1/2023_04_04_Validation_ESCCOL_KLEPNE_PRTMIR_PRVSTU_RAOORN_SALENT-100vW_zSWATH_100SPD/PRTMIR-30-ANA_100vW_100SPD.npy,PRTMIR-30-ANA_100vW_100SPD,PRTMIR,PRTMIR,30,Proteus mirabilis,Proteus mirabilis,CLASSE,/home/rrekikdi/Bureau/postdoc/pseudo_image/ms1_processed_11classes/Proteus mirabilis/PRTMIR-30-ANA_100vW_100SPD.npy
/home/rrekikdi/Bureau/postdoc/pseudo_image/images_npy_ms1/2023_04_04_Validation_ESCCOL_KLEPNE_PRTMIR_PRVSTU_RAOORN_SALENT-100vW_zSWATH_100SPD/PRTMIR-32-AER_100vW_100SPD.npy,PRTMIR-32-AER_100vW_100SPD,PRTMIR,PRTMIR,32,Proteus mirabilis,Proteus mirabilis,CLASSE,/home/rrekikdi/Bureau/postdoc/pseudo_image/ms1_processed_11classes/Proteus mirabilis/PRTMIR-32-AER_100vW_100SPD.npy
/home/rrekikdi/Bureau/postdoc/pseudo_image/images_npy_ms1/2023_04_04_Validation_ESCCOL_KLEPNE_PRTMIR_PRVSTU_RAOORN_SALENT-100vW_zSWATH_100SPD/PRTMIR-32-ANA_100vW_100SPD.npy,PRTMIR-32-ANA_100vW_100SPD,PRTMIR,PRTMIR,32,Proteus mirabilis,Proteus mirabilis,CLASSE,/home/rrekikdi/Bureau/postdoc/pseudo_image/ms1_processed_11classes/Proteus mirabilis/PRTMIR-32-ANA_100vW_100SPD.npy
/home/rrekikdi/Bureau/postdoc/pseudo_image/images_npy_ms1/2023_04_04_Validation_ESCCOL_KLEPNE_PRTMIR_PRVSTU_RAOORN_SALENT-100vW_zSWATH_100SPD/PRTMIR-33-AER_100vW_100SPD.npy,PRTMIR-33-AER_100vW_100SPD,PRTMIR,PRTMIR,33,Proteus mirabilis,Proteus mirabilis,CLASSE,/home/rrekikdi/Bureau/postdoc/pseudo_image/ms1_processed_11classes/Proteus mirabilis/PRTMIR-33-AER_100vW_100SPD.npy
/home/rrekikdi/Bureau/postdoc/pseudo_image/images_npy_ms1/2023_04_04_Validation_ESCCOL_KLEPNE_PRTMIR_PRVSTU_RAOORN_SALENT-100vW_zSWATH_100SPD/PRTMIR-33-ANA_100vW_100SPD.npy,PRTMIR-33-ANA_100vW_100SPD,PRTMIR,PRTMIR,33,Proteus mirabilis,Proteus mirabilis,CLASSE,/home/rrekikdi/Bureau/postdoc/pseudo_image/ms1_processed_11classes/Proteus mirabilis/PRTMIR-33-ANA_100vW_100SPD.npy
/home/rrekikdi/Bureau/postdoc/pseudo_image/images_npy_ms1/2023_04_04_Validation_ESCCOL_KLEPNE_PRTMIR_PRVSTU_RAOORN_SALENT-100vW_zSWATH_100SPD/PRTMIR-34-AER_100vW_100SPD.npy,PRTMIR-34-AER_100vW_100SPD,PRTMIR,PRTMIR,34,Proteus mirabilis,Proteus mirabilis,CLASSE,/home/rrekikdi/Bureau/postdoc/pseudo_image/ms1_processed_11classes/Proteus mirabilis/PRTMIR-34-AER_100vW_100SPD.npy
/home/rrekikdi/Bureau/postdoc/pseudo_image/images_npy_ms1/2023_04_04_Validation_ESCCOL_KLEPNE_PRTMIR_PRVSTU_RAOORN_SALENT-100vW_zSWATH_100SPD/PRTMIR-34-ANA_100vW_100SPD.npy,PRTMIR-34-ANA_100vW_100SPD,PRTMIR,PRTMIR,34,Proteus mirabilis,Proteus mirabilis,CLASSE,/home/rrekikdi/Bureau/postdoc/pseudo_image/ms1_processed_11classes/Proteus mirabilis/PRTMIR-34-ANA_100vW_100SPD.npy
/home/rrekikdi/Bureau/postdoc/pseudo_image/images_npy_ms1/2023_04_04_Validation_ESCCOL_KLEPNE_PRTMIR_PRVSTU_RAOORN_SALENT-100vW_zSWATH_100SPD/SALENT-1-AER_100vW_100SPD.npy,SALENT-1-AER_100vW_100SPD,SALENT,SALENT,1,Salmonella enterica enterica,Salmonella enterica,CLASSE,/home/rrekikdi/Bureau/postdoc/pseudo_image/ms1_processed_11classes/Salmonella enterica/SALENT-1-AER_100vW_100SPD.npy
/home/rrekikdi/Bureau/postdoc/pseudo_image/images_npy_ms1/2023_04_04_Validation_ESCCOL_KLEPNE_PRTMIR_PRVSTU_RAOORN_SALENT-100vW_zSWATH_100SPD/SALENT-1-ANA_100vW_100SPD.npy,SALENT-1-ANA_100vW_100SPD,SALENT,SALENT,1,Salmonella enterica enterica,Salmonella enterica,CLASSE,/home/rrekikdi/Bureau/postdoc/pseudo_image/ms1_processed_11classes/Salmonella enterica/SALENT-1-ANA_100vW_100SPD.npy
/home/rrekikdi/Bureau/postdoc/pseudo_image/images_npy_ms1/2023_04_04_Validation_ESCCOL_KLEPNE_PRTMIR_PRVSTU_RAOORN_SALENT-100vW_zSWATH_100SPD/SALENT-10-AER_100vW_100SPD.npy,SALENT-10-AER_100vW_100SPD,SALENT,SALENT,10,Salmonella enterica enterica,Salmonella enterica,CLASSE,/home/rrekikdi/Bureau/postdoc/pseudo_image/ms1_processed_11classes/Salmonella enterica/SALENT-10-AER_100vW_100SPD.npy
/home/rrekikdi/Bureau/postdoc/pseudo_image/images_npy_ms1/2023_04_04_Validation_ESCCOL_KLEPNE_PRTMIR_PRVSTU_RAOORN_SALENT-100vW_zSWATH_100SPD/SALENT-10-ANA_100vW_100SPD.npy,SALENT-10-ANA_100vW_100SPD,SALENT,SALENT,10,Salmonella enterica enterica,Salmonella enterica,CLASSE,/home/rrekikdi/Bureau/postdoc/pseudo_image/ms1_processed_11classes/Salmonella enterica/SALENT-10-ANA_100vW_100SPD.npy
/home/rrekikdi/Bureau/postdoc/pseudo_image/images_npy_ms1/2023_04_04_Validation_ESCCOL_KLEPNE_PRTMIR_PRVSTU_RAOORN_SALENT-100vW_zSWATH_100SPD/SALENT-3-AER_100vW_100SPD.npy,SALENT-3-AER_100vW_100SPD,SALENT,SALENT,3,Salmonella enterica,Salmonella enterica,CLASSE,/home/rrekikdi/Bureau/postdoc/pseudo_image/ms1_processed_11classes/Salmonella enterica/SALENT-3-AER_100vW_100SPD.npy
/home/rrekikdi/Bureau/postdoc/pseudo_image/images_npy_ms1/2023_04_04_Validation_ESCCOL_KLEPNE_PRTMIR_PRVSTU_RAOORN_SALENT-100vW_zSWATH_100SPD/SALENT-3-ANA_100vW_100SPD.npy,SALENT-3-ANA_100vW_100SPD,SALENT,SALENT,3,Salmonella enterica,Salmonella enterica,CLASSE,/home/rrekikdi/Bureau/postdoc/pseudo_image/ms1_processed_11classes/Salmonella enterica/SALENT-3-ANA_100vW_100SPD.npy
/home/rrekikdi/Bureau/postdoc/pseudo_image/images_npy_ms1/2023_04_04_Validation_ESCCOL_KLEPNE_PRTMIR_PRVSTU_RAOORN_SALENT-100vW_zSWATH_100SPD/SALENT-5-AER_100vW_100SPD.npy,SALENT-5-AER_100vW_100SPD,SALENT,SALENT,5,Salmonella enterica,Salmonella enterica,CLASSE,/home/rrekikdi/Bureau/postdoc/pseudo_image/ms1_processed_11classes/Salmonella enterica/SALENT-5-AER_100vW_100SPD.npy
/home/rrekikdi/Bureau/postdoc/pseudo_image/images_npy_ms1/2023_04_04_Validation_ESCCOL_KLEPNE_PRTMIR_PRVSTU_RAOORN_SALENT-100vW_zSWATH_100SPD/SALENT-5-ANA_100vW_100SPD.npy,SALENT-5-ANA_100vW_100SPD,SALENT,SALENT,5,Salmonella enterica,Salmonella enterica,CLASSE,/home/rrekikdi/Bureau/postdoc/pseudo_image/ms1_processed_11classes/Salmonella enterica/SALENT-5-ANA_100vW_100SPD.npy
/home/rrekikdi/Bureau/postdoc/pseudo_image/images_npy_ms1/2023_04_04_Validation_ESCCOL_KLEPNE_PRTMIR_PRVSTU_RAOORN_SALENT-100vW_zSWATH_100SPD/SALENT-7-AER_100vW_100SPD.npy,SALENT-7-AER_100vW_100SPD,SALENT,SALENT,7,Salmonella enterica enterica,Salmonella enterica,CLASSE,/home/rrekikdi/Bureau/postdoc/pseudo_image/ms1_processed_11classes/Salmonella enterica/SALENT-7-AER_100vW_100SPD.npy
/home/rrekikdi/Bureau/postdoc/pseudo_image/images_npy_ms1/2023_04_04_Validation_ESCCOL_KLEPNE_PRTMIR_PRVSTU_RAOORN_SALENT-100vW_zSWATH_100SPD/SALENT-7-ANA_100vW_100SPD.npy,SALENT-7-ANA_100vW_100SPD,SALENT,SALENT,7,Salmonella enterica enterica,Salmonella enterica,CLASSE,/home/rrekikdi/Bureau/postdoc/pseudo_image/ms1_processed_11classes/Salmonella enterica/SALENT-7-ANA_100vW_100SPD.npy
/home/rrekikdi/Bureau/postdoc/pseudo_image/images_npy_ms1/2023_04_04_Validation_ESCCOL_KLEPNE_PRTMIR_PRVSTU_RAOORN_SALENT-100vW_zSWATH_100SPD/SALENT-8-AER_100vW_100SPD.npy,SALENT-8-AER_100vW_100SPD,SALENT,SALENT,8,Salmonella enterica enterica,Salmonella enterica,CLASSE,/home/rrekikdi/Bureau/postdoc/pseudo_image/ms1_processed_11classes/Salmonella enterica/SALENT-8-AER_100vW_100SPD.npy
/home/rrekikdi/Bureau/postdoc/pseudo_image/images_npy_ms1/2023_04_04_Validation_ESCCOL_KLEPNE_PRTMIR_PRVSTU_RAOORN_SALENT-100vW_zSWATH_100SPD/SALENT-8-ANA_100vW_100SPD.npy,SALENT-8-ANA_100vW_100SPD,SALENT,SALENT,8,Salmonella enterica enterica,Salmonella enterica,CLASSE,/home/rrekikdi/Bureau/postdoc/pseudo_image/ms1_processed_11classes/Salmonella enterica/SALENT-8-ANA_100vW_100SPD.npy
/home/rrekikdi/Bureau/postdoc/pseudo_image/images_npy_ms1/2023_12_12_Validation_Discordants_CITFRE_COLI_ENTCLO_ENTHOR_HAF_KLEAER_KLEOXY_KLEPNE_MORMOG_PANAPP_PANPLE_PRT_PRTVUL_SER-100vW_zSWATH_100SPD/CITFRE-20_100vW_100SPD.npy,CITFRE-20_100vW_100SPD,CITFRE,CITFRE,20,Citrobacter freundii,Citrobacter freundii,CLASSE,/home/rrekikdi/Bureau/postdoc/pseudo_image/ms1_processed_11classes/Citrobacter freundii/CITFRE-20_100vW_100SPD.npy
/home/rrekikdi/Bureau/postdoc/pseudo_image/images_npy_ms1/2023_12_12_Validation_Discordants_CITFRE_COLI_ENTCLO_ENTHOR_HAF_KLEAER_KLEOXY_KLEPNE_MORMOG_PANAPP_PANPLE_PRT_PRTVUL_SER-100vW_zSWATH_100SPD/CITFRE-21_100vW_100SPD.npy,CITFRE-21_100vW_100SPD,CITFRE,CITFRE,21,Citrobacter freundii,Citrobacter freundii,CLASSE,/home/rrekikdi/Bureau/postdoc/pseudo_image/ms1_processed_11classes/Citrobacter freundii/CITFRE-21_100vW_100SPD.npy
/home/rrekikdi/Bureau/postdoc/pseudo_image/images_npy_ms1/2023_12_12_Validation_Discordants_CITFRE_COLI_ENTCLO_ENTHOR_HAF_KLEAER_KLEOXY_KLEPNE_MORMOG_PANAPP_PANPLE_PRT_PRTVUL_SER-100vW_zSWATH_100SPD/CITFRE-22_100vW_100SPD.npy,CITFRE-22_100vW_100SPD,CITFRE,CITFRE,22,Citrobacter freundii,Citrobacter freundii,CLASSE,/home/rrekikdi/Bureau/postdoc/pseudo_image/ms1_processed_11classes/Citrobacter freundii/CITFRE-22_100vW_100SPD.npy
/home/rrekikdi/Bureau/postdoc/pseudo_image/images_npy_ms1/2023_12_12_Validation_Discordants_CITFRE_COLI_ENTCLO_ENTHOR_HAF_KLEAER_KLEOXY_KLEPNE_MORMOG_PANAPP_PANPLE_PRT_PRTVUL_SER-100vW_zSWATH_100SPD/CITFRE-74-AER_100vW_100SPD.npy,CITFRE-74-AER_100vW_100SPD,CITFRE,CITFRE,74,Citrobacter freundii,Citrobacter freundii,CLASSE,/home/rrekikdi/Bureau/postdoc/pseudo_image/ms1_processed_11classes/Citrobacter freundii/CITFRE-74-AER_100vW_100SPD.npy
/home/rrekikdi/Bureau/postdoc/pseudo_image/images_npy_ms1/2023_12_12_Validation_Discordants_CITFRE_COLI_ENTCLO_ENTHOR_HAF_KLEAER_KLEOXY_KLEPNE_MORMOG_PANAPP_PANPLE_PRT_PRTVUL_SER-100vW_zSWATH_100SPD/CITFRE-74-ANA_100vW_100SPD.npy,CITFRE-74-ANA_100vW_100SPD,CITFRE,CITFRE,74,Citrobacter freundii,Citrobacter freundii,CLASSE,/home/rrekikdi/Bureau/postdoc/pseudo_image/ms1_processed_11classes/Citrobacter freundii/CITFRE-74-ANA_100vW_100SPD.npy
/home/rrekikdi/Bureau/postdoc/pseudo_image/images_npy_ms1/2023_12_12_Validation_Discordants_CITFRE_COLI_ENTCLO_ENTHOR_HAF_KLEAER_KLEOXY_KLEPNE_MORMOG_PANAPP_PANPLE_PRT_PRTVUL_SER-100vW_zSWATH_100SPD/COLI-100-AER_100vW_100SPD.npy,COLI-100-AER_100vW_100SPD,COLI,ESCCOL,100,Escherichia coli,Escherichia coli,CLASSE (typo corrigee: COLI->ESCCOL),/home/rrekikdi/Bureau/postdoc/pseudo_image/ms1_processed_11classes/Escherichia coli/COLI-100-AER_100vW_100SPD.npy
/home/rrekikdi/Bureau/postdoc/pseudo_image/images_npy_ms1/2023_12_12_Validation_Discordants_CITFRE_COLI_ENTCLO_ENTHOR_HAF_KLEAER_KLEOXY_KLEPNE_MORMOG_PANAPP_PANPLE_PRT_PRTVUL_SER-100vW_zSWATH_100SPD/COLI-100-ANA_100vW_100SPD.npy,COLI-100-ANA_100vW_100SPD,COLI,ESCCOL,100,Escherichia coli,Escherichia coli,CLASSE (typo corrigee: COLI->ESCCOL),/home/rrekikdi/Bureau/postdoc/pseudo_image/ms1_processed_11classes/Escherichia coli/COLI-100-ANA_100vW_100SPD.npy
/home/rrekikdi/Bureau/postdoc/pseudo_image/images_npy_ms1/2023_12_12_Validation_Discordants_CITFRE_COLI_ENTCLO_ENTHOR_HAF_KLEAER_KLEOXY_KLEPNE_MORMOG_PANAPP_PANPLE_PRT_PRTVUL_SER-100vW_zSWATH_100SPD/COLI-121_100vW_100SPD.npy,COLI-121_100vW_100SPD,COLI,ESCCOL,121,Escherichia coli,Escherichia coli,CLASSE (typo corrigee: COLI->ESCCOL),/home/rrekikdi/Bureau/postdoc/pseudo_image/ms1_processed_11classes/Escherichia coli/COLI-121_100vW_100SPD.npy
/home/rrekikdi/Bureau/postdoc/pseudo_image/images_npy_ms1/2023_12_12_Validation_Discordants_CITFRE_COLI_ENTCLO_ENTHOR_HAF_KLEAER_KLEOXY_KLEPNE_MORMOG_PANAPP_PANPLE_PRT_PRTVUL_SER-100vW_zSWATH_100SPD/COLI-169-AER_100vW_100SPD.npy,COLI-169-AER_100vW_100SPD,COLI,ESCCOL,169,Escherichia coli,Escherichia coli,CLASSE (typo corrigee: COLI->ESCCOL),/home/rrekikdi/Bureau/postdoc/pseudo_image/ms1_processed_11classes/Escherichia coli/COLI-169-AER_100vW_100SPD.npy
/home/rrekikdi/Bureau/postdoc/pseudo_image/images_npy_ms1/2023_12_12_Validation_Discordants_CITFRE_COLI_ENTCLO_ENTHOR_HAF_KLEAER_KLEOXY_KLEPNE_MORMOG_PANAPP_PANPLE_PRT_PRTVUL_SER-100vW_zSWATH_100SPD/COLI-169-ANA_100vW_100SPD.npy,COLI-169-ANA_100vW_100SPD,COLI,ESCCOL,169,Escherichia coli,Escherichia coli,CLASSE (typo corrigee: COLI->ESCCOL),/home/rrekikdi/Bureau/postdoc/pseudo_image/ms1_processed_11classes/Escherichia coli/COLI-169-ANA_100vW_100SPD.npy
/home/rrekikdi/Bureau/postdoc/pseudo_image/images_npy_ms1/2023_12_12_Validation_Discordants_CITFRE_COLI_ENTCLO_ENTHOR_HAF_KLEAER_KLEOXY_KLEPNE_MORMOG_PANAPP_PANPLE_PRT_PRTVUL_SER-100vW_zSWATH_100SPD/COLI-189-AER_100vW_100SPD.npy,COLI-189-AER_100vW_100SPD,COLI,ESCCOL,189,Escherichia coli,Escherichia coli,CLASSE (typo corrigee: COLI->ESCCOL),/home/rrekikdi/Bureau/postdoc/pseudo_image/ms1_processed_11classes/Escherichia coli/COLI-189-AER_100vW_100SPD.npy
/home/rrekikdi/Bureau/postdoc/pseudo_image/images_npy_ms1/2023_12_12_Validation_Discordants_CITFRE_COLI_ENTCLO_ENTHOR_HAF_KLEAER_KLEOXY_KLEPNE_MORMOG_PANAPP_PANPLE_PRT_PRTVUL_SER-100vW_zSWATH_100SPD/COLI-189-ANA_100vW_100SPD.npy,COLI-189-ANA_100vW_100SPD,COLI,ESCCOL,189,Escherichia coli,Escherichia coli,CLASSE (typo corrigee: COLI->ESCCOL),/home/rrekikdi/Bureau/postdoc/pseudo_image/ms1_processed_11classes/Escherichia coli/COLI-189-ANA_100vW_100SPD.npy
/home/rrekikdi/Bureau/postdoc/pseudo_image/images_npy_ms1/2023_12_12_Validation_Discordants_CITFRE_COLI_ENTCLO_ENTHOR_HAF_KLEAER_KLEOXY_KLEPNE_MORMOG_PANAPP_PANPLE_PRT_PRTVUL_SER-100vW_zSWATH_100SPD/COLI-191-AER_100vW_100SPD.npy,COLI-191-AER_100vW_100SPD,COLI,ESCCOL,191,Escherichia coli,Escherichia coli,CLASSE (typo corrigee: COLI->ESCCOL),/home/rrekikdi/Bureau/postdoc/pseudo_image/ms1_processed_11classes/Escherichia coli/COLI-191-AER_100vW_100SPD.npy
/home/rrekikdi/Bureau/postdoc/pseudo_image/images_npy_ms1/2023_12_12_Validation_Discordants_CITFRE_COLI_ENTCLO_ENTHOR_HAF_KLEAER_KLEOXY_KLEPNE_MORMOG_PANAPP_PANPLE_PRT_PRTVUL_SER-100vW_zSWATH_100SPD/COLI-191-ANA_100vW_100SPD.npy,COLI-191-ANA_100vW_100SPD,COLI,ESCCOL,191,Escherichia coli,Escherichia coli,CLASSE (typo corrigee: COLI->ESCCOL),/home/rrekikdi/Bureau/postdoc/pseudo_image/ms1_processed_11classes/Escherichia coli/COLI-191-ANA_100vW_100SPD.npy
/home/rrekikdi/Bureau/postdoc/pseudo_image/images_npy_ms1/2023_12_12_Validation_Discordants_CITFRE_COLI_ENTCLO_ENTHOR_HAF_KLEAER_KLEOXY_KLEPNE_MORMOG_PANAPP_PANPLE_PRT_PRTVUL_SER-100vW_zSWATH_100SPD/COLI-200-AER_100vW_100SPD.npy,COLI-200-AER_100vW_100SPD,COLI,ESCCOL,200,Escherichia coli,Escherichia coli,CLASSE (typo corrigee: COLI->ESCCOL),/home/rrekikdi/Bureau/postdoc/pseudo_image/ms1_processed_11classes/Escherichia coli/COLI-200-AER_100vW_100SPD.npy
/home/rrekikdi/Bureau/postdoc/pseudo_image/images_npy_ms1/2023_12_12_Validation_Discordants_CITFRE_COLI_ENTCLO_ENTHOR_HAF_KLEAER_KLEOXY_KLEPNE_MORMOG_PANAPP_PANPLE_PRT_PRTVUL_SER-100vW_zSWATH_100SPD/COLI-200-ANA_100vW_100SPD.npy,COLI-200-ANA_100vW_100SPD,COLI,ESCCOL,200,Escherichia coli,Escherichia coli,CLASSE (typo corrigee: COLI->ESCCOL),/home/rrekikdi/Bureau/postdoc/pseudo_image/ms1_processed_11classes/Escherichia coli/COLI-200-ANA_100vW_100SPD.npy
/home/rrekikdi/Bureau/postdoc/pseudo_image/images_npy_ms1/2023_12_12_Validation_Discordants_CITFRE_COLI_ENTCLO_ENTHOR_HAF_KLEAER_KLEOXY_KLEPNE_MORMOG_PANAPP_PANPLE_PRT_PRTVUL_SER-100vW_zSWATH_100SPD/COLI-234_100vW_100SPD.npy,COLI-234_100vW_100SPD,COLI,ESCCOL,234,Escherichia coli,Escherichia coli,CLASSE (typo corrigee: COLI->ESCCOL),/home/rrekikdi/Bureau/postdoc/pseudo_image/ms1_processed_11classes/Escherichia coli/COLI-234_100vW_100SPD.npy
/home/rrekikdi/Bureau/postdoc/pseudo_image/images_npy_ms1/2023_12_12_Validation_Discordants_CITFRE_COLI_ENTCLO_ENTHOR_HAF_KLEAER_KLEOXY_KLEPNE_MORMOG_PANAPP_PANPLE_PRT_PRTVUL_SER-100vW_zSWATH_100SPD/COLI-235_100vW_100SPD.npy,COLI-235_100vW_100SPD,COLI,ESCCOL,235,Escherichia coli,Escherichia coli,CLASSE (typo corrigee: COLI->ESCCOL),/home/rrekikdi/Bureau/postdoc/pseudo_image/ms1_processed_11classes/Escherichia coli/COLI-235_100vW_100SPD.npy
/home/rrekikdi/Bureau/postdoc/pseudo_image/images_npy_ms1/2023_12_12_Validation_Discordants_CITFRE_COLI_ENTCLO_ENTHOR_HAF_KLEAER_KLEOXY_KLEPNE_MORMOG_PANAPP_PANPLE_PRT_PRTVUL_SER-100vW_zSWATH_100SPD/COLI-49-AER_100vW_100SPD.npy,COLI-49-AER_100vW_100SPD,COLI,ESCCOL,49,Escherichia coli,Escherichia coli,CLASSE (typo corrigee: COLI->ESCCOL),/home/rrekikdi/Bureau/postdoc/pseudo_image/ms1_processed_11classes/Escherichia coli/COLI-49-AER_100vW_100SPD.npy
/home/rrekikdi/Bureau/postdoc/pseudo_image/images_npy_ms1/2023_12_12_Validation_Discordants_CITFRE_COLI_ENTCLO_ENTHOR_HAF_KLEAER_KLEOXY_KLEPNE_MORMOG_PANAPP_PANPLE_PRT_PRTVUL_SER-100vW_zSWATH_100SPD/COLI-49-ANA_100vW_100SPD.npy,COLI-49-ANA_100vW_100SPD,COLI,ESCCOL,49,Escherichia coli,Escherichia coli,CLASSE (typo corrigee: COLI->ESCCOL),/home/rrekikdi/Bureau/postdoc/pseudo_image/ms1_processed_11classes/Escherichia coli/COLI-49-ANA_100vW_100SPD.npy
/home/rrekikdi/Bureau/postdoc/pseudo_image/images_npy_ms1/2023_12_12_Validation_Discordants_CITFRE_COLI_ENTCLO_ENTHOR_HAF_KLEAER_KLEOXY_KLEPNE_MORMOG_PANAPP_PANPLE_PRT_PRTVUL_SER-100vW_zSWATH_100SPD/COLI-80-AER_100vW_100SPD.npy,COLI-80-AER_100vW_100SPD,COLI,ESCCOL,80,Escherichia coli,Escherichia coli,CLASSE (typo corrigee: COLI->ESCCOL),/home/rrekikdi/Bureau/postdoc/pseudo_image/ms1_processed_11classes/Escherichia coli/COLI-80-AER_100vW_100SPD.npy
/home/rrekikdi/Bureau/postdoc/pseudo_image/images_npy_ms1/2023_12_12_Validation_Discordants_CITFRE_COLI_ENTCLO_ENTHOR_HAF_KLEAER_KLEOXY_KLEPNE_MORMOG_PANAPP_PANPLE_PRT_PRTVUL_SER-100vW_zSWATH_100SPD/COLI-80-ANA_100vW_100SPD.npy,COLI-80-ANA_100vW_100SPD,COLI,ESCCOL,80,Escherichia coli,Escherichia coli,CLASSE (typo corrigee: COLI->ESCCOL),/home/rrekikdi/Bureau/postdoc/pseudo_image/ms1_processed_11classes/Escherichia coli/COLI-80-ANA_100vW_100SPD.npy
/home/rrekikdi/Bureau/postdoc/pseudo_image/images_npy_ms1/2023_12_12_Validation_Discordants_CITFRE_COLI_ENTCLO_ENTHOR_HAF_KLEAER_KLEOXY_KLEPNE_MORMOG_PANAPP_PANPLE_PRT_PRTVUL_SER-100vW_zSWATH_100SPD/COLI-86-AER_100vW_100SPD.npy,COLI-86-AER_100vW_100SPD,COLI,ESCCOL,86,Escherichia coli,Escherichia coli,CLASSE (typo corrigee: COLI->ESCCOL),/home/rrekikdi/Bureau/postdoc/pseudo_image/ms1_processed_11classes/Escherichia coli/COLI-86-AER_100vW_100SPD.npy
/home/rrekikdi/Bureau/postdoc/pseudo_image/images_npy_ms1/2023_12_12_Validation_Discordants_CITFRE_COLI_ENTCLO_ENTHOR_HAF_KLEAER_KLEOXY_KLEPNE_MORMOG_PANAPP_PANPLE_PRT_PRTVUL_SER-100vW_zSWATH_100SPD/COLI-86-ANA_100vW_100SPD.npy,COLI-86-ANA_100vW_100SPD,COLI,ESCCOL,86,Escherichia coli,Escherichia coli,CLASSE (typo corrigee: COLI->ESCCOL),/home/rrekikdi/Bureau/postdoc/pseudo_image/ms1_processed_11classes/Escherichia coli/COLI-86-ANA_100vW_100SPD.npy
/home/rrekikdi/Bureau/postdoc/pseudo_image/images_npy_ms1/2023_12_12_Validation_Discordants_CITFRE_COLI_ENTCLO_ENTHOR_HAF_KLEAER_KLEOXY_KLEPNE_MORMOG_PANAPP_PANPLE_PRT_PRTVUL_SER-100vW_zSWATH_100SPD/COLI-89_100vW_100SPD.npy,COLI-89_100vW_100SPD,COLI,ESCCOL,89,Escherichia coli,Escherichia coli,CLASSE (typo corrigee: COLI->ESCCOL),/home/rrekikdi/Bureau/postdoc/pseudo_image/ms1_processed_11classes/Escherichia coli/COLI-89_100vW_100SPD.npy
/home/rrekikdi/Bureau/postdoc/pseudo_image/images_npy_ms1/2023_12_12_Validation_Discordants_CITFRE_COLI_ENTCLO_ENTHOR_HAF_KLEAER_KLEOXY_KLEPNE_MORMOG_PANAPP_PANPLE_PRT_PRTVUL_SER-100vW_zSWATH_100SPD/COLI-96_100vW_100SPD.npy,COLI-96_100vW_100SPD,COLI,ESCCOL,96,Escherichia coli,Escherichia coli,CLASSE (typo corrigee: COLI->ESCCOL),/home/rrekikdi/Bureau/postdoc/pseudo_image/ms1_processed_11classes/Escherichia coli/COLI-96_100vW_100SPD.npy
/home/rrekikdi/Bureau/postdoc/pseudo_image/images_npy_ms1/2023_12_12_Validation_Discordants_CITFRE_COLI_ENTCLO_ENTHOR_HAF_KLEAER_KLEOXY_KLEPNE_MORMOG_PANAPP_PANPLE_PRT_PRTVUL_SER-100vW_zSWATH_100SPD/ENTHOR-14_100vW_100SPD.npy,ENTHOR-14_100vW_100SPD,ENTHOR,ENTHOR,14,Enterobacter hormaechei hoffmannii,Enterobacter hormaechei,CLASSE,/home/rrekikdi/Bureau/postdoc/pseudo_image/ms1_processed_11classes/Enterobacter hormaechei/ENTHOR-14_100vW_100SPD.npy
/home/rrekikdi/Bureau/postdoc/pseudo_image/images_npy_ms1/2023_12_12_Validation_Discordants_CITFRE_COLI_ENTCLO_ENTHOR_HAF_KLEAER_KLEOXY_KLEPNE_MORMOG_PANAPP_PANPLE_PRT_PRTVUL_SER-100vW_zSWATH_100SPD/ENTHOR-16_100vW_100SPD.npy,ENTHOR-16_100vW_100SPD,ENTHOR,ENTHOR,16,Enterobacter hormaechei hoffmannii,Enterobacter hormaechei,CLASSE,/home/rrekikdi/Bureau/postdoc/pseudo_image/ms1_processed_11classes/Enterobacter hormaechei/ENTHOR-16_100vW_100SPD.npy
/home/rrekikdi/Bureau/postdoc/pseudo_image/images_npy_ms1/2023_12_12_Validation_Discordants_CITFRE_COLI_ENTCLO_ENTHOR_HAF_KLEAER_KLEOXY_KLEPNE_MORMOG_PANAPP_PANPLE_PRT_PRTVUL_SER-100vW_zSWATH_100SPD/ENTHOR-57_100vW_100SPD.npy,ENTHOR-57_100vW_100SPD,ENTHOR,ENTHOR,57,Enterobacter hormaechei steigerwaltii,Enterobacter hormaechei,CLASSE,/home/rrekikdi/Bureau/postdoc/pseudo_image/ms1_processed_11classes/Enterobacter hormaechei/ENTHOR-57_100vW_100SPD.npy
/home/rrekikdi/Bureau/postdoc/pseudo_image/images_npy_ms1/2023_12_12_Validation_Discordants_CITFRE_COLI_ENTCLO_ENTHOR_HAF_KLEAER_KLEOXY_KLEPNE_MORMOG_PANAPP_PANPLE_PRT_PRTVUL_SER-100vW_zSWATH_100SPD/ENTHOR-72-AER_100vW_100SPD.npy,ENTHOR-72-AER_100vW_100SPD,ENTHOR,ENTHOR,72,Enterobacter hormaechei xiangfangensis,Enterobacter hormaechei,CLASSE,/home/rrekikdi/Bureau/postdoc/pseudo_image/ms1_processed_11classes/Enterobacter hormaechei/ENTHOR-72-AER_100vW_100SPD.npy
/home/rrekikdi/Bureau/postdoc/pseudo_image/images_npy_ms1/2023_12_12_Validation_Discordants_CITFRE_COLI_ENTCLO_ENTHOR_HAF_KLEAER_KLEOXY_KLEPNE_MORMOG_PANAPP_PANPLE_PRT_PRTVUL_SER-100vW_zSWATH_100SPD/ENTHOR-72-ANA_100vW_100SPD.npy,ENTHOR-72-ANA_100vW_100SPD,ENTHOR,ENTHOR,72,Enterobacter hormaechei xiangfangensis,Enterobacter hormaechei,CLASSE,/home/rrekikdi/Bureau/postdoc/pseudo_image/ms1_processed_11classes/Enterobacter hormaechei/ENTHOR-72-ANA_100vW_100SPD.npy
/home/rrekikdi/Bureau/postdoc/pseudo_image/images_npy_ms1/2023_12_12_Validation_Discordants_CITFRE_COLI_ENTCLO_ENTHOR_HAF_KLEAER_KLEOXY_KLEPNE_MORMOG_PANAPP_PANPLE_PRT_PRTVUL_SER-100vW_zSWATH_100SPD/KLEAER-13-AER_100vW_100SPD.npy,KLEAER-13-AER_100vW_100SPD,KLEAER,KLEAER,13,Klebsiella aerogenes,Klebsiella aerogenes,CLASSE,/home/rrekikdi/Bureau/postdoc/pseudo_image/ms1_processed_11classes/Klebsiella aerogenes/KLEAER-13-AER_100vW_100SPD.npy
/home/rrekikdi/Bureau/postdoc/pseudo_image/images_npy_ms1/2023_12_12_Validation_Discordants_CITFRE_COLI_ENTCLO_ENTHOR_HAF_KLEAER_KLEOXY_KLEPNE_MORMOG_PANAPP_PANPLE_PRT_PRTVUL_SER-100vW_zSWATH_100SPD/KLEAER-13-ANA_100vW_100SPD.npy,KLEAER-13-ANA_100vW_100SPD,KLEAER,KLEAER,13,Klebsiella aerogenes,Klebsiella aerogenes,CLASSE,/home/rrekikdi/Bureau/postdoc/pseudo_image/ms1_processed_11classes/Klebsiella aerogenes/KLEAER-13-ANA_100vW_100SPD.npy
/home/rrekikdi/Bureau/postdoc/pseudo_image/images_npy_ms1/2023_12_12_Validation_Discordants_CITFRE_COLI_ENTCLO_ENTHOR_HAF_KLEAER_KLEOXY_KLEPNE_MORMOG_PANAPP_PANPLE_PRT_PRTVUL_SER-100vW_zSWATH_100SPD/KLEAER-14-AER_100vW_100SPD.npy,KLEAER-14-AER_100vW_100SPD,KLEAER,KLEAER,14,Klebsiella aerogenes,Klebsiella aerogenes,CLASSE,/home/rrekikdi/Bureau/postdoc/pseudo_image/ms1_processed_11classes/Klebsiella aerogenes/KLEAER-14-AER_100vW_100SPD.npy
/home/rrekikdi/Bureau/postdoc/pseudo_image/images_npy_ms1/2023_12_12_Validation_Discordants_CITFRE_COLI_ENTCLO_ENTHOR_HAF_KLEAER_KLEOXY_KLEPNE_MORMOG_PANAPP_PANPLE_PRT_PRTVUL_SER-100vW_zSWATH_100SPD/KLEAER-14-ANA_100vW_100SPD.npy,KLEAER-14-ANA_100vW_100SPD,KLEAER,KLEAER,14,Klebsiella aerogenes,Klebsiella aerogenes,CLASSE,/home/rrekikdi/Bureau/postdoc/pseudo_image/ms1_processed_11classes/Klebsiella aerogenes/KLEAER-14-ANA_100vW_100SPD.npy
/home/rrekikdi/Bureau/postdoc/pseudo_image/images_npy_ms1/2023_12_12_Validation_Discordants_CITFRE_COLI_ENTCLO_ENTHOR_HAF_KLEAER_KLEOXY_KLEPNE_MORMOG_PANAPP_PANPLE_PRT_PRTVUL_SER-100vW_zSWATH_100SPD/KLEAER-18-AER_100vW_100SPD.npy,KLEAER-18-AER_100vW_100SPD,KLEAER,KLEAER,18,Klebsiella aerogenes,Klebsiella aerogenes,CLASSE,/home/rrekikdi/Bureau/postdoc/pseudo_image/ms1_processed_11classes/Klebsiella aerogenes/KLEAER-18-AER_100vW_100SPD.npy
/home/rrekikdi/Bureau/postdoc/pseudo_image/images_npy_ms1/2023_12_12_Validation_Discordants_CITFRE_COLI_ENTCLO_ENTHOR_HAF_KLEAER_KLEOXY_KLEPNE_MORMOG_PANAPP_PANPLE_PRT_PRTVUL_SER-100vW_zSWATH_100SPD/KLEAER-18-ANA_100vW_100SPD.npy,KLEAER-18-ANA_100vW_100SPD,KLEAER,KLEAER,18,Klebsiella aerogenes,Klebsiella aerogenes,CLASSE,/home/rrekikdi/Bureau/postdoc/pseudo_image/ms1_processed_11classes/Klebsiella aerogenes/KLEAER-18-ANA_100vW_100SPD.npy
/home/rrekikdi/Bureau/postdoc/pseudo_image/images_npy_ms1/2023_12_12_Validation_Discordants_CITFRE_COLI_ENTCLO_ENTHOR_HAF_KLEAER_KLEOXY_KLEPNE_MORMOG_PANAPP_PANPLE_PRT_PRTVUL_SER-100vW_zSWATH_100SPD/KLEAER-4-AER_100vW_100SPD.npy,KLEAER-4-AER_100vW_100SPD,KLEAER,KLEAER,4,Klebsiella aerogenes,Klebsiella aerogenes,CLASSE,/home/rrekikdi/Bureau/postdoc/pseudo_image/ms1_processed_11classes/Klebsiella aerogenes/KLEAER-4-AER_100vW_100SPD.npy
/home/rrekikdi/Bureau/postdoc/pseudo_image/images_npy_ms1/2023_12_12_Validation_Discordants_CITFRE_COLI_ENTCLO_ENTHOR_HAF_KLEAER_KLEOXY_KLEPNE_MORMOG_PANAPP_PANPLE_PRT_PRTVUL_SER-100vW_zSWATH_100SPD/KLEAER-4-ANA_100vW_100SPD.npy,KLEAER-4-ANA_100vW_100SPD,KLEAER,KLEAER,4,Klebsiella aerogenes,Klebsiella aerogenes,CLASSE,/home/rrekikdi/Bureau/postdoc/pseudo_image/ms1_processed_11classes/Klebsiella aerogenes/KLEAER-4-ANA_100vW_100SPD.npy
/home/rrekikdi/Bureau/postdoc/pseudo_image/images_npy_ms1/2023_12_12_Validation_Discordants_CITFRE_COLI_ENTCLO_ENTHOR_HAF_KLEAER_KLEOXY_KLEPNE_MORMOG_PANAPP_PANPLE_PRT_PRTVUL_SER-100vW_zSWATH_100SPD/KLEAER-6-AER_100vW_100SPD.npy,KLEAER-6-AER_100vW_100SPD,KLEAER,KLEAER,6,Klebsiella aerogenes,Klebsiella aerogenes,CLASSE,/home/rrekikdi/Bureau/postdoc/pseudo_image/ms1_processed_11classes/Klebsiella aerogenes/KLEAER-6-AER_100vW_100SPD.npy
/home/rrekikdi/Bureau/postdoc/pseudo_image/images_npy_ms1/2023_12_12_Validation_Discordants_CITFRE_COLI_ENTCLO_ENTHOR_HAF_KLEAER_KLEOXY_KLEPNE_MORMOG_PANAPP_PANPLE_PRT_PRTVUL_SER-100vW_zSWATH_100SPD/KLEAER-6-ANA_100vW_100SPD.npy,KLEAER-6-ANA_100vW_100SPD,KLEAER,KLEAER,6,Klebsiella aerogenes,Klebsiella aerogenes,CLASSE,/home/rrekikdi/Bureau/postdoc/pseudo_image/ms1_processed_11classes/Klebsiella aerogenes/KLEAER-6-ANA_100vW_100SPD.npy
/home/rrekikdi/Bureau/postdoc/pseudo_image/images_npy_ms1/2023_12_12_Validation_Discordants_CITFRE_COLI_ENTCLO_ENTHOR_HAF_KLEAER_KLEOXY_KLEPNE_MORMOG_PANAPP_PANPLE_PRT_PRTVUL_SER-100vW_zSWATH_100SPD/KLEOXY-7-AER_100vW_100SPD.npy,KLEOXY-7-AER_100vW_100SPD,KLEOXY,KLEOXY,7,Klebsiella oxytoca,Klebsiella oxytoca,CLASSE,/home/rrekikdi/Bureau/postdoc/pseudo_image/ms1_processed_11classes/Klebsiella oxytoca/KLEOXY-7-AER_100vW_100SPD.npy
/home/rrekikdi/Bureau/postdoc/pseudo_image/images_npy_ms1/2023_12_12_Validation_Discordants_CITFRE_COLI_ENTCLO_ENTHOR_HAF_KLEAER_KLEOXY_KLEPNE_MORMOG_PANAPP_PANPLE_PRT_PRTVUL_SER-100vW_zSWATH_100SPD/KLEOXY-7-ANA_100vW_100SPD.npy,KLEOXY-7-ANA_100vW_100SPD,KLEOXY,KLEOXY,7,Klebsiella oxytoca,Klebsiella oxytoca,CLASSE,/home/rrekikdi/Bureau/postdoc/pseudo_image/ms1_processed_11classes/Klebsiella oxytoca/KLEOXY-7-ANA_100vW_100SPD.npy
/home/rrekikdi/Bureau/postdoc/pseudo_image/images_npy_ms1/2023_12_12_Validation_Discordants_CITFRE_COLI_ENTCLO_ENTHOR_HAF_KLEAER_KLEOXY_KLEPNE_MORMOG_PANAPP_PANPLE_PRT_PRTVUL_SER-100vW_zSWATH_100SPD/KLEPNE-10-AER_100vW_100SPD.npy,KLEPNE-10-AER_100vW_100SPD,KLEPNE,KLEPNE,10,,Klebsiella pneumoniae,"CLASSE (sample_nb absent du excel, classe par code seul)",/home/rrekikdi/Bureau/postdoc/pseudo_image/ms1_processed_11classes/Klebsiella pneumoniae/KLEPNE-10-AER_100vW_100SPD.npy
/home/rrekikdi/Bureau/postdoc/pseudo_image/images_npy_ms1/2023_12_12_Validation_Discordants_CITFRE_COLI_ENTCLO_ENTHOR_HAF_KLEAER_KLEOXY_KLEPNE_MORMOG_PANAPP_PANPLE_PRT_PRTVUL_SER-100vW_zSWATH_100SPD/KLEPNE-10-ANA_100vW_100SPD.npy,KLEPNE-10-ANA_100vW_100SPD,KLEPNE,KLEPNE,10,,Klebsiella pneumoniae,"CLASSE (sample_nb absent du excel, classe par code seul)",/home/rrekikdi/Bureau/postdoc/pseudo_image/ms1_processed_11classes/Klebsiella pneumoniae/KLEPNE-10-ANA_100vW_100SPD.npy
/home/rrekikdi/Bureau/postdoc/pseudo_image/images_npy_ms1/2023_12_12_Validation_Discordants_CITFRE_COLI_ENTCLO_ENTHOR_HAF_KLEAER_KLEOXY_KLEPNE_MORMOG_PANAPP_PANPLE_PRT_PRTVUL_SER-100vW_zSWATH_100SPD/KLEPNE-115_100vW_100SPD.npy,KLEPNE-115_100vW_100SPD,KLEPNE,KLEPNE,115,Klebsiella pneumoniae,Klebsiella pneumoniae,CLASSE,/home/rrekikdi/Bureau/postdoc/pseudo_image/ms1_processed_11classes/Klebsiella pneumoniae/KLEPNE-115_100vW_100SPD.npy
/home/rrekikdi/Bureau/postdoc/pseudo_image/images_npy_ms1/2023_12_12_Validation_Discordants_CITFRE_COLI_ENTCLO_ENTHOR_HAF_KLEAER_KLEOXY_KLEPNE_MORMOG_PANAPP_PANPLE_PRT_PRTVUL_SER-100vW_zSWATH_100SPD/KLEPNE-116_100vW_100SPD.npy,KLEPNE-116_100vW_100SPD,KLEPNE,KLEPNE,116,Klebsiella pneumoniae,Klebsiella pneumoniae,CLASSE,/home/rrekikdi/Bureau/postdoc/pseudo_image/ms1_processed_11classes/Klebsiella pneumoniae/KLEPNE-116_100vW_100SPD.npy
/home/rrekikdi/Bureau/postdoc/pseudo_image/images_npy_ms1/2023_12_12_Validation_Discordants_CITFRE_COLI_ENTCLO_ENTHOR_HAF_KLEAER_KLEOXY_KLEPNE_MORMOG_PANAPP_PANPLE_PRT_PRTVUL_SER-100vW_zSWATH_100SPD/KLEPNE-12-AER_100vW_100SPD.npy,KLEPNE-12-AER_100vW_100SPD,KLEPNE,KLEPNE,12,,Klebsiella pneumoniae,"CLASSE (sample_nb absent du excel, classe par code seul)",/home/rrekikdi/Bureau/postdoc/pseudo_image/ms1_processed_11classes/Klebsiella pneumoniae/KLEPNE-12-AER_100vW_100SPD.npy
/home/rrekikdi/Bureau/postdoc/pseudo_image/images_npy_ms1/2023_12_12_Validation_Discordants_CITFRE_COLI_ENTCLO_ENTHOR_HAF_KLEAER_KLEOXY_KLEPNE_MORMOG_PANAPP_PANPLE_PRT_PRTVUL_SER-100vW_zSWATH_100SPD/KLEPNE-12-ANA_100vW_100SPD.npy,KLEPNE-12-ANA_100vW_100SPD,KLEPNE,KLEPNE,12,,Klebsiella pneumoniae,"CLASSE (sample_nb absent du excel, classe par code seul)",/home/rrekikdi/Bureau/postdoc/pseudo_image/ms1_processed_11classes/Klebsiella pneumoniae/KLEPNE-12-ANA_100vW_100SPD.npy
/home/rrekikdi/Bureau/postdoc/pseudo_image/images_npy_ms1/2023_12_12_Validation_Discordants_CITFRE_COLI_ENTCLO_ENTHOR_HAF_KLEAER_KLEOXY_KLEPNE_MORMOG_PANAPP_PANPLE_PRT_PRTVUL_SER-100vW_zSWATH_100SPD/KLEPNE-133-AER_100vW_100SPD.npy,KLEPNE-133-AER_100vW_100SPD,KLEPNE,KLEPNE,133,Klebsiella pneumoniae,Klebsiella pneumoniae,CLASSE,/home/rrekikdi/Bureau/postdoc/pseudo_image/ms1_processed_11classes/Klebsiella pneumoniae/KLEPNE-133-AER_100vW_100SPD.npy
/home/rrekikdi/Bureau/postdoc/pseudo_image/images_npy_ms1/2023_12_12_Validation_Discordants_CITFRE_COLI_ENTCLO_ENTHOR_HAF_KLEAER_KLEOXY_KLEPNE_MORMOG_PANAPP_PANPLE_PRT_PRTVUL_SER-100vW_zSWATH_100SPD/KLEPNE-133-ANA_100vW_100SPD.npy,KLEPNE-133-ANA_100vW_100SPD,KLEPNE,KLEPNE,133,Klebsiella pneumoniae,Klebsiella pneumoniae,CLASSE,/home/rrekikdi/Bureau/postdoc/pseudo_image/ms1_processed_11classes/Klebsiella pneumoniae/KLEPNE-133-ANA_100vW_100SPD.npy
/home/rrekikdi/Bureau/postdoc/pseudo_image/images_npy_ms1/2023_12_12_Validation_Discordants_CITFRE_COLI_ENTCLO_ENTHOR_HAF_KLEAER_KLEOXY_KLEPNE_MORMOG_PANAPP_PANPLE_PRT_PRTVUL_SER-100vW_zSWATH_100SPD/KLEPNE-148_100vW_100SPD.npy,KLEPNE-148_100vW_100SPD,KLEPNE,KLEPNE,148,Klebsiella pneumoniae,Klebsiella pneumoniae,CLASSE,/home/rrekikdi/Bureau/postdoc/pseudo_image/ms1_processed_11classes/Klebsiella pneumoniae/KLEPNE-148_100vW_100SPD.npy
/home/rrekikdi/Bureau/postdoc/pseudo_image/images_npy_ms1/2023_12_12_Validation_Discordants_CITFRE_COLI_ENTCLO_ENTHOR_HAF_KLEAER_KLEOXY_KLEPNE_MORMOG_PANAPP_PANPLE_PRT_PRTVUL_SER-100vW_zSWATH_100SPD/KLEPNE-153_100vW_100SPD.npy,KLEPNE-153_100vW_100SPD,KLEPNE,KLEPNE,153,Klebsiella pneumoniae,Klebsiella pneumoniae,CLASSE,/home/rrekikdi/Bureau/postdoc/pseudo_image/ms1_processed_11classes/Klebsiella pneumoniae/KLEPNE-153_100vW_100SPD.npy
/home/rrekikdi/Bureau/postdoc/pseudo_image/images_npy_ms1/2023_12_12_Validation_Discordants_CITFRE_COLI_ENTCLO_ENTHOR_HAF_KLEAER_KLEOXY_KLEPNE_MORMOG_PANAPP_PANPLE_PRT_PRTVUL_SER-100vW_zSWATH_100SPD/KLEPNE-159-AER_100vW_100SPD.npy,KLEPNE-159-AER_100vW_100SPD,KLEPNE,KLEPNE,159,Klebsiella pneumoniae,Klebsiella pneumoniae,CLASSE,/home/rrekikdi/Bureau/postdoc/pseudo_image/ms1_processed_11classes/Klebsiella pneumoniae/KLEPNE-159-AER_100vW_100SPD.npy
/home/rrekikdi/Bureau/postdoc/pseudo_image/images_npy_ms1/2023_12_12_Validation_Discordants_CITFRE_COLI_ENTCLO_ENTHOR_HAF_KLEAER_KLEOXY_KLEPNE_MORMOG_PANAPP_PANPLE_PRT_PRTVUL_SER-100vW_zSWATH_100SPD/KLEPNE-159-ANA_100vW_100SPD.npy,KLEPNE-159-ANA_100vW_100SPD,KLEPNE,KLEPNE,159,Klebsiella pneumoniae,Klebsiella pneumoniae,CLASSE,/home/rrekikdi/Bureau/postdoc/pseudo_image/ms1_processed_11classes/Klebsiella pneumoniae/KLEPNE-159-ANA_100vW_100SPD.npy
/home/rrekikdi/Bureau/postdoc/pseudo_image/images_npy_ms1/2023_12_12_Validation_Discordants_CITFRE_COLI_ENTCLO_ENTHOR_HAF_KLEAER_KLEOXY_KLEPNE_MORMOG_PANAPP_PANPLE_PRT_PRTVUL_SER-100vW_zSWATH_100SPD/KLEPNE-43-AER_100vW_100SPD.npy,KLEPNE-43-AER_100vW_100SPD,KLEPNE,KLEPNE,43,,Klebsiella pneumoniae,"CLASSE (sample_nb absent du excel, classe par code seul)",/home/rrekikdi/Bureau/postdoc/pseudo_image/ms1_processed_11classes/Klebsiella pneumoniae/KLEPNE-43-AER_100vW_100SPD.npy
/home/rrekikdi/Bureau/postdoc/pseudo_image/images_npy_ms1/2023_12_12_Validation_Discordants_CITFRE_COLI_ENTCLO_ENTHOR_HAF_KLEAER_KLEOXY_KLEPNE_MORMOG_PANAPP_PANPLE_PRT_PRTVUL_SER-100vW_zSWATH_100SPD/KLEPNE-43-ANA_100vW_100SPD.npy,KLEPNE-43-ANA_100vW_100SPD,KLEPNE,KLEPNE,43,,Klebsiella pneumoniae,"CLASSE (sample_nb absent du excel, classe par code seul)",/home/rrekikdi/Bureau/postdoc/pseudo_image/ms1_processed_11classes/Klebsiella pneumoniae/KLEPNE-43-ANA_100vW_100SPD.npy
/home/rrekikdi/Bureau/postdoc/pseudo_image/images_npy_ms1/2023_12_12_Validation_Discordants_CITFRE_COLI_ENTCLO_ENTHOR_HAF_KLEAER_KLEOXY_KLEPNE_MORMOG_PANAPP_PANPLE_PRT_PRTVUL_SER-100vW_zSWATH_100SPD/KLEPNE-75-AER_100vW_100SPD.npy,KLEPNE-75-AER_100vW_100SPD,KLEPNE,KLEPNE,75,Klebsiella pneumoniae,Klebsiella pneumoniae,CLASSE,/home/rrekikdi/Bureau/postdoc/pseudo_image/ms1_processed_11classes/Klebsiella pneumoniae/KLEPNE-75-AER_100vW_100SPD.npy
/home/rrekikdi/Bureau/postdoc/pseudo_image/images_npy_ms1/2023_12_12_Validation_Discordants_CITFRE_COLI_ENTCLO_ENTHOR_HAF_KLEAER_KLEOXY_KLEPNE_MORMOG_PANAPP_PANPLE_PRT_PRTVUL_SER-100vW_zSWATH_100SPD/KLEPNE-75-ANA_100vW_100SPD.npy,KLEPNE-75-ANA_100vW_100SPD,KLEPNE,KLEPNE,75,Klebsiella pneumoniae,Klebsiella pneumoniae,CLASSE,/home/rrekikdi/Bureau/postdoc/pseudo_image/ms1_processed_11classes/Klebsiella pneumoniae/KLEPNE-75-ANA_100vW_100SPD.npy
/home/rrekikdi/Bureau/postdoc/pseudo_image/images_npy_ms1/2023_12_12_Validation_Discordants_CITFRE_COLI_ENTCLO_ENTHOR_HAF_KLEAER_KLEOXY_KLEPNE_MORMOG_PANAPP_PANPLE_PRT_PRTVUL_SER-100vW_zSWATH_100SPD/KLEPNE-76_100vW_100SPD.npy,KLEPNE-76_100vW_100SPD,KLEPNE,KLEPNE,76,Klebsiella pneumoniae,Klebsiella pneumoniae,CLASSE,/home/rrekikdi/Bureau/postdoc/pseudo_image/ms1_processed_11classes/Klebsiella pneumoniae/KLEPNE-76_100vW_100SPD.npy
/home/rrekikdi/Bureau/postdoc/pseudo_image/images_npy_ms1/2023_12_12_Validation_Discordants_CITFRE_COLI_ENTCLO_ENTHOR_HAF_KLEAER_KLEOXY_KLEPNE_MORMOG_PANAPP_PANPLE_PRT_PRTVUL_SER-100vW_zSWATH_100SPD/KLEPNE-78_100vW_100SPD.npy,KLEPNE-78_100vW_100SPD,KLEPNE,KLEPNE,78,Klebsiella pneumoniae,Klebsiella pneumoniae,CLASSE,/home/rrekikdi/Bureau/postdoc/pseudo_image/ms1_processed_11classes/Klebsiella pneumoniae/KLEPNE-78_100vW_100SPD.npy
/home/rrekikdi/Bureau/postdoc/pseudo_image/images_npy_ms1/2023_12_12_Validation_Discordants_CITFRE_COLI_ENTCLO_ENTHOR_HAF_KLEAER_KLEOXY_KLEPNE_MORMOG_PANAPP_PANPLE_PRT_PRTVUL_SER-100vW_zSWATH_100SPD/KLEPNE-87_100vW_100SPD.npy,KLEPNE-87_100vW_100SPD,KLEPNE,KLEPNE,87,Klebsiella pneumoniae,Klebsiella pneumoniae,CLASSE,/home/rrekikdi/Bureau/postdoc/pseudo_image/ms1_processed_11classes/Klebsiella pneumoniae/KLEPNE-87_100vW_100SPD.npy
/home/rrekikdi/Bureau/postdoc/pseudo_image/images_npy_ms1/2023_12_12_Validation_Discordants_CITFRE_COLI_ENTCLO_ENTHOR_HAF_KLEAER_KLEOXY_KLEPNE_MORMOG_PANAPP_PANPLE_PRT_PRTVUL_SER-100vW_zSWATH_100SPD/KLEPNE-88_100vW_100SPD.npy,KLEPNE-88_100vW_100SPD,KLEPNE,KLEPNE,88,Klebsiella pneumoniae,Klebsiella pneumoniae,CLASSE,/home/rrekikdi/Bureau/postdoc/pseudo_image/ms1_processed_11classes/Klebsiella pneumoniae/KLEPNE-88_100vW_100SPD.npy
